class,class_name,centroid_x,centroid_y,box_width,box_height,confidence
2,indian,0.2603510320186615,0.48566314578056335,0.12172643840312958,0.19267794489860535,0.788274347782135
2,indian,0.2678748071193695,0.2936462461948395,0.10959937423467636,0.1756506860256195,0.778695821762085
2,indian,0.3203841745853424,0.42901870608329773,0.12455916404724121,0.2043442726135254,0.7324744462966919
2,indian,0.24820487201213837,0.7253089547157288,0.09845433384180069,0.15891580283641815,0.7129401564598083
2,indian,0.3856566250324249,0.9091468453407288,0.10285325348377228,0.14598672091960907,0.6996803879737854
