class,class_name,centroid_x,centroid_y,box_width,box_height,confidence
2,indian,0.3641960620880127,0.32363101840019226,0.4649178385734558,0.4742264151573181,0.74709552526474
0,carabao,0.584662914276123,0.5044628977775574,0.43992727994918823,0.6431686878204346,0.4928739368915558
