target,height,width,space_accuracy,space_precision,space_recall,space_f_score,labels,detections,time
1d3a5099-mango_1099_flower_29.png,480,640,0.6989338138188399,0.4415289063850727,0.31222021592747246,0.36578284845446585,51,8,5.651659
4bcc33fe-mango_1422_indian_indian_22.png,459,640,0.9857212564043215,0.9673938179295459,0.8709531906034214,0.9166438418698073,5,5,1.4062408
5f32dc4b-mango_103_carabao_C16.png,640,640,0.4865393340472433,0.31953259241421816,0.3160842040664718,0.31779904403332687,3,4,1.9168776
7c6e7bf4-mango_1245_indian_indian_1.png,480,640,0.8296353263926354,0.7110089956774017,0.7110089956774017,0.7110089956774017,2,2,1.4022536
a13362b0-mango_544_carabao_C48.png,480,640,0.9362824494405397,0.9707284032731467,0.8631640631358484,0.9137917169280257,8,8,1.4850316
