class,class_name,centroid_x,centroid_y,box_width,box_height,confidence
0,carabao,0.3397544324398041,0.8088932633399963,0.38440120220184326,0.33481737971305847,0.8690184354782104
0,carabao,0.6553385853767395,0.6071193814277649,0.3598427176475525,0.2622949481010437,0.8565996289253235
0,carabao,0.1700451523065567,0.39425888657569885,0.33036571741104126,0.2255123406648636,0.8409289121627808
0,carabao,0.47717422246932983,0.3549243211746216,0.3251725435256958,0.32556968927383423,0.8334214687347412
0,carabao,0.33920398354530334,0.49640634655952454,0.38568228483200073,0.2850959002971649,0.8332262635231018
0,carabao,0.6468335390090942,0.8183972239494324,0.30495771765708923,0.22862625122070312,0.8262287378311157
0,carabao,0.6472183465957642,0.3575894236564636,0.22732853889465332,0.25504422187805176,0.7673383355140686
0,carabao,0.18689796328544617,0.620147705078125,0.26194706559181213,0.22705650329589844,0.7133206725120544
