class,class_name,centroid_x,centroid_y,box_width,box_height,confidence
2,indian,0.323230504989624,0.43162718415260315,0.12465846538543701,0.21860308945178986,0.7642709612846375
2,indian,0.26801377534866333,0.29639074206352234,0.12349534034729004,0.18248878419399261,0.762229323387146
2,indian,0.24797865748405457,0.7212882041931152,0.10682918131351471,0.1693958342075348,0.7481101155281067
2,indian,0.26239079236984253,0.4901364743709564,0.12905260920524597,0.19811300933361053,0.7292296886444092
2,indian,0.3910755515098572,0.912155270576477,0.10571026802062988,0.1575714349746704,0.7246091961860657
