class,class_name,centroid_x,centroid_y,box_width,box_height,confidence
0,carabao,0.1624399721622467,0.5107623338699341,0.31633323431015015,0.1713244915008545,0.8498154282569885
0,carabao,0.4490170478820801,0.4275079369544983,0.3698236644268036,0.23483827710151672,0.8289515972137451
0,carabao,0.6178747415542603,0.31126609444618225,0.4006921648979187,0.20866334438323975,0.7675333023071289
