class,class_name,centroid_x,centroid_y,box_width,box_height,confidence
2,indian,0.3532584309577942,0.3200073838233948,0.424358606338501,0.44047531485557556,0.7804738879203796
2,indian,0.587228536605835,0.5902531743049622,0.4169788360595703,0.4781741499900818,0.741923987865448
