target,height,width,space_accuracy,space_precision,space_recall,space_f_score,labels,detections,time
1d3a5099-mango_1099_flower_29.png,480,640,0.6100109998627828,0.4020647829284097,0.3770405620378652,0.3891507938185739,51,14,4.8020093
4bcc33fe-mango_1422_indian_indian_22.png,459,640,0.9833955264390492,0.9300911854103343,0.8881697471141656,0.9086472003686196,5,5,0.3769905
5f32dc4b-mango_103_carabao_C16.png,640,640,0.9720101885036452,0.9455975312328904,0.8905242927789626,0.9172349696435685,3,3,0.6622265
7c6e7bf4-mango_1245_indian_indian_1.png,480,640,0.9139960192690455,0.8367339436050145,0.8348157793386762,0.835773760890121,2,2,0.5305776
a13362b0-mango_544_carabao_C48.png,480,640,0.933044905826472,0.9520388428456101,0.8730360775875843,0.9108275476950517,8,9,0.9038074
