class,class_name,centroid_x,centroid_y,box_width,box_height,confidence
0,carabao,0.656277596950531,0.6080523133277893,0.35403910279273987,0.2645791471004486,0.8825960755348206
0,carabao,0.3448619842529297,0.8034585118293762,0.3731718063354492,0.35346412658691406,0.8793526291847229
0,carabao,0.34009653329849243,0.49929365515708923,0.3771829605102539,0.29072239995002747,0.8597394227981567
0,carabao,0.48088350892066956,0.35120072960853577,0.3254554271697998,0.3218752443790436,0.838695228099823
0,carabao,0.646587073802948,0.8132551312446594,0.2979051172733307,0.2293987274169922,0.8355380296707153
0,carabao,0.17182844877243042,0.3892759382724762,0.3324013948440552,0.22882980108261108,0.828095555305481
0,carabao,0.18638765811920166,0.6164737939834595,0.24313612282276154,0.22519995272159576,0.7500115633010864
0,carabao,0.6488783359527588,0.3561050295829773,0.23388823866844177,0.26152729988098145,0.7400838136672974
0,carabao,0.1827569603919983,0.24870085716247559,0.361075758934021,0.12390247732400894,0.32806751132011414
