class,class_name,centroid_x,centroid_y,box_width,box_height,confidence
0,carabao,0.4916391372680664,0.24093763530254364,0.2368704080581665,0.4818752706050873,0.8762210011482239
0,carabao,0.24131512641906738,0.43996721506118774,0.36211130023002625,0.5844730138778687,0.8674300312995911
0,carabao,0.6854987144470215,0.7315878868103027,0.31169015169143677,0.5368242859840393,0.86061030626297
0,carabao,0.3722388744354248,0.6448866128921509,0.2368546724319458,0.4336546063423157,0.8027887940406799
0,carabao,0.49898871779441833,0.722551703453064,0.16097807884216309,0.4102158546447754,0.742853581905365
0,carabao,0.959892749786377,0.8758249282836914,0.07985229790210724,0.24684329330921173,0.33357128500938416
0,carabao,0.360029935836792,0.07764694094657898,0.2857189178466797,0.15392249822616577,0.2268976867198944
