class,class_name,centroid_x,centroid_y,box_width,box_height,confidence
0,carabao,0.44519028067588806,0.5868610143661499,0.5830987095832825,0.799257218837738,0.8493050336837769
