class,class_name,centroid_x,centroid_y,box_width,box_height,confidence
0,carabao,0.6406986117362976,0.6325456500053406,0.589547336101532,0.6091450452804565,0.8575657606124878
0,carabao,0.38289013504981995,0.34219425916671753,0.607737123966217,0.6124499440193176,0.8482648134231567
