class,class_name,centroid_x,centroid_y,box_width,box_height,confidence
0,carabao,0.8035125136375427,0.4181147515773773,0.2817387878894806,0.27269625663757324,0.8400452733039856
0,carabao,0.5659509301185608,0.36306852102279663,0.30348289012908936,0.3001456558704376,0.8233858942985535
0,carabao,0.6741082072257996,0.173114612698555,0.2790510952472687,0.1835302859544754,0.8233358263969421
0,carabao,0.21050620079040527,0.4748111367225647,0.22293683886528015,0.1752804070711136,0.8100611567497253
0,carabao,0.3619592785835266,0.6791707277297974,0.27754998207092285,0.26697540283203125,0.804427444934845
0,carabao,0.8214809894561768,0.21435269713401794,0.1674446165561676,0.15077854692935944,0.7192954421043396
0,carabao,0.3183674216270447,0.51111900806427,0.11247967928647995,0.10321807861328125,0.6894609332084656
0,carabao,0.5816124677658081,0.20494365692138672,0.14515559375286102,0.11732231080532074,0.6868261694908142
0,carabao,0.26010334491729736,0.628188967704773,0.14899402856826782,0.1535494327545166,0.5473009943962097
