class,class_name,centroid_x,centroid_y,box_width,box_height,confidence
0,carabao,0.3175910413265228,0.5907449722290039,0.4190470278263092,0.4744997024536133,0.7140594720840454
