class,class_name,centroid_x,centroid_y,box_width,box_height,confidence
0,carabao,0.645762026309967,0.22897927463054657,0.4564366936683655,0.2205464392900467,0.8459818363189697
0,carabao,0.4588395357131958,0.6503075361251831,0.3722108006477356,0.31813931465148926,0.8401090502738953
0,carabao,0.4771684408187866,0.3859943449497223,0.43006840348243713,0.3168873190879822,0.8217722177505493
0,carabao,0.5928553938865662,0.8083236813545227,0.3828144371509552,0.2664217948913574,0.8154563903808594
0,carabao,0.754956066608429,0.4148598611354828,0.3752250075340271,0.2223256379365921,0.787539541721344
0,carabao,0.24344663321971893,0.3640936613082886,0.3136714994907379,0.2809412479400635,0.7843674421310425
