class,class_name,centroid_x,centroid_y,box_width,box_height,confidence
1,flower,0.6899199485778809,0.7951739430427551,0.21715807914733887,0.2873823046684265,0.8122180700302124
1,flower,0.3737136423587799,0.5904765129089355,0.27092307806015015,0.36537763476371765,0.7939838767051697
1,flower,0.6347150802612305,0.4259132742881775,0.18717336654663086,0.289531409740448,0.7879080176353455
1,flower,0.23305726051330566,0.3229241967201233,0.1992802619934082,0.349138081073761,0.7673742771148682
1,flower,0.38832297921180725,0.2256051003932953,0.2723850607872009,0.3815579414367676,0.6523225903511047
1,flower,0.7593711614608765,0.5853875279426575,0.19586534798145294,0.2811671793460846,0.5632399916648865
1,flower,0.7716495394706726,0.5256454348564148,0.22253413498401642,0.4424704313278198,0.3697431981563568
1,flower,0.32688790559768677,0.27960333228111267,0.38901352882385254,0.5090116262435913,0.3334849774837494
