class,class_name,centroid_x,centroid_y,box_width,box_height,confidence
0,carabao,0.7576184868812561,0.7354840636253357,0.37213844060897827,0.3371477425098419,0.8769362568855286
0,carabao,0.721352219581604,0.43890538811683655,0.5055633783340454,0.2778835892677307,0.8749937415122986
0,carabao,0.6584063172340393,0.19319283962249756,0.5017384886741638,0.24468335509300232,0.8670571446418762
0,carabao,0.30147483944892883,0.3092508614063263,0.5431952476501465,0.2523357570171356,0.8626053333282471
0,carabao,0.4270328879356384,0.6136331558227539,0.40390849113464355,0.36654654145240784,0.8566389679908752
0,carabao,0.889423668384552,0.3043006658554077,0.21527443826198578,0.3043821454048157,0.35351622104644775
0,carabao,0.947964072227478,0.5926715135574341,0.10407174378633499,0.2933819591999054,0.2601698338985443
0,carabao,0.9302935600280762,0.6060811281204224,0.13635455071926117,0.26235294342041016,0.22492018342018127
