class,class_name,centroid_x,centroid_y,box_width,box_height,confidence
1,flower,0.44937366247177124,0.635959267616272,0.30578842759132385,0.26903772354125977,0.5178512334823608
1,flower,0.5355821847915649,0.5054025650024414,0.11250797659158707,0.07941913604736328,0.4283723831176758
1,flower,0.8214874863624573,0.4376828670501709,0.21952949464321136,0.1634312868118286,0.3744337260723114
1,flower,0.6153520941734314,0.5325734615325928,0.2548765242099762,0.19492053985595703,0.3276052176952362
1,flower,0.5416231155395508,0.6288626194000244,0.10056650638580322,0.08352413028478622,0.2374771535396576
1,flower,0.4315730333328247,0.5511530637741089,0.1320403516292572,0.10000753402709961,0.23311536014080048
1,flower,0.718275249004364,0.5075852274894714,0.07306955009698868,0.05449929088354111,0.22077375650405884
1,flower,0.6770767569541931,0.5357843637466431,0.09340568631887436,0.06537365913391113,0.2200310081243515
1,flower,0.4734818637371063,0.664006769657135,0.1905575394630432,0.2143469750881195,0.2040306180715561
