class,class_name,centroid_x,centroid_y,box_width,box_height,confidence
0,carabao,0.7387698292732239,0.5605554580688477,0.31867673993110657,0.14005537331104279,0.8557708263397217
0,carabao,0.6438479423522949,0.6478029489517212,0.38435885310173035,0.14319634437561035,0.8469182848930359
0,carabao,0.43406739830970764,0.38908326625823975,0.3609108328819275,0.20499959588050842,0.8204445838928223
0,carabao,0.5366670489311218,0.5257337689399719,0.2985810935497284,0.16556501388549805,0.7987595796585083
0,carabao,0.29398098587989807,0.5458763241767883,0.3350936472415924,0.15887299180030823,0.7979487180709839
0,carabao,0.5185288190841675,0.43734103441238403,0.23863159120082855,0.10859499126672745,0.4145587086677551
