class,class_name,centroid_x,centroid_y,box_width,box_height,confidence
0,carabao,0.7578365206718445,0.25703519582748413,0.36767473816871643,0.3440401554107666,0.8793681263923645
0,carabao,0.7196012139320374,0.5568909049034119,0.5138564705848694,0.2781778573989868,0.8624635934829712
0,carabao,0.6632592082023621,0.8026298880577087,0.5165467858314514,0.244635209441185,0.8547973036766052
0,carabao,0.3014557659626007,0.6861492395401001,0.5468035340309143,0.2631966769695282,0.8373168110847473
0,carabao,0.43069612979888916,0.38057130575180054,0.4092118442058563,0.3642398715019226,0.8303389549255371
0,carabao,0.8853099346160889,0.6935251951217651,0.22381354868412018,0.2856454849243164,0.26524728536605835
