class,class_name,centroid_x,centroid_y,box_width,box_height,confidence
0,carabao,0.6909741163253784,0.4341324269771576,0.3789292871952057,0.2813951373100281,0.8667235374450684
0,carabao,0.649377703666687,0.7057278752326965,0.4160049855709076,0.43895435333251953,0.8496301174163818
0,carabao,0.5481909513473511,0.24181070923805237,0.2916262149810791,0.2749139666557312,0.8429149389266968
0,carabao,0.39445996284484863,0.4618537127971649,0.33075302839279175,0.2634967565536499,0.8395661115646362
0,carabao,0.41622504591941833,0.7894644141197205,0.3022755980491638,0.2534101605415344,0.8340061902999878
0,carabao,0.8941816091537476,0.4624321758747101,0.20185856521129608,0.2275455743074417,0.815239667892456
0,carabao,0.8074737787246704,0.6452295780181885,0.21065926551818848,0.21292629837989807,0.7315600514411926
