class,class_name,centroid_x,centroid_y,box_width,box_height,confidence
0,carabao,0.7580794095993042,0.21015991270542145,0.36921438574790955,0.35127463936805725,0.8703927993774414
0,carabao,0.21646985411643982,0.5515244603157043,0.3603197932243347,0.310403048992157,0.8560280799865723
0,carabao,0.313823401927948,0.8489623069763184,0.2986685633659363,0.2515890896320343,0.8542417883872986
0,carabao,0.4669884741306305,0.3654850423336029,0.37427645921707153,0.29488125443458557,0.8434965014457703
0,carabao,0.8009086847305298,0.4892882704734802,0.3550722002983093,0.2794126272201538,0.7894176244735718
0,carabao,0.23295636475086212,0.33029964566230774,0.302643358707428,0.24539822340011597,0.788350522518158
0,carabao,0.6236535310745239,0.6868331432342529,0.3665456175804138,0.40467920899391174,0.7702733278274536
0,carabao,0.1423894762992859,0.9226823449134827,0.2739959955215454,0.15463533997535706,0.6883907914161682
0,carabao,0.872593104839325,0.6695696711540222,0.14162111282348633,0.12951666116714478,0.5556291937828064
