class,class_name,centroid_x,centroid_y,box_width,box_height,confidence
0,carabao,0.5769109725952148,0.6645327210426331,0.3246002197265625,0.37488260865211487,0.8694618344306946
0,carabao,0.7636743187904358,0.4650341868400574,0.267930805683136,0.27270081639289856,0.8286460638046265
0,carabao,0.6776018142700195,0.7764824628829956,0.24580256640911102,0.30865025520324707,0.8188822865486145
0,carabao,0.4621114134788513,0.43469277024269104,0.23125715553760529,0.2505357265472412,0.812842845916748
0,carabao,0.42028385400772095,0.6922467947006226,0.20246048271656036,0.2817532420158386,0.7899794578552246
0,carabao,0.30808085203170776,0.545406699180603,0.21243815124034882,0.21376872062683105,0.7896099090576172
0,carabao,0.5047462582588196,0.8697425127029419,0.18906590342521667,0.20074915885925293,0.7598541378974915
