class,class_name,centroid_x,centroid_y,box_width,box_height,confidence
1,flower,0.4549870491027832,0.3153093755245209,0.044292498379945755,0.0935315191745758,0.2299281656742096
1,flower,0.5457960367202759,0.1867588609457016,0.036956787109375,0.05149295553565025,0.21906200051307678
1,flower,0.5007281303405762,0.4718380272388458,0.08628630638122559,0.10087462514638901,0.20445117354393005
1,flower,0.5210871696472168,0.23131629824638367,0.04622197151184082,0.08260798454284668,0.20429493486881256
