class,class_name,centroid_x,centroid_y,box_width,box_height,confidence
0,carabao,0.37359076738357544,0.7395566701889038,0.5818542242050171,0.4755663573741913,0.879014790058136
0,carabao,0.5596778988838196,0.2741655111312866,0.7157691717147827,0.5316396951675415,0.840242326259613
0,carabao,0.7647165060043335,0.5335770845413208,0.47056689858436584,0.3915864825248718,0.8172540664672852
0,carabao,0.9436269998550415,0.6125713586807251,0.11176776885986328,0.308176189661026,0.2508639097213745
