class,class_name,centroid_x,centroid_y,box_width,box_height,confidence
2,indian,0.35349029302597046,0.6847296357154846,0.2783799171447754,0.14171847701072693,0.8042033314704895
2,indian,0.43127891421318054,0.343342125415802,0.3172385096549988,0.14748820662498474,0.7124902009963989
2,indian,0.6483993530273438,0.13956010341644287,0.2293880581855774,0.11516551673412323,0.6994147896766663
2,indian,0.7997995615005493,0.4145978093147278,0.2964296340942383,0.1552121639251709,0.5174756050109863
