class,class_name,centroid_x,centroid_y,box_width,box_height,confidence
0,carabao,0.5845543742179871,0.43424251675605774,0.2981574535369873,0.26371660828590393,0.8513932228088379
0,carabao,0.7737094759941101,0.5978714823722839,0.19965744018554688,0.18186280131340027,0.8131465911865234
0,carabao,0.3651205003261566,0.3950892984867096,0.13586875796318054,0.11255461722612381,0.6785740852355957
0,carabao,0.47540274262428284,0.47938498854637146,0.19037947058677673,0.18330450356006622,0.6538295149803162
