class,class_name,centroid_x,centroid_y,box_width,box_height,confidence
0,carabao,0.4422557055950165,0.4945935308933258,0.4969315528869629,0.24361109733581543,0.8408359289169312
