class,class_name,centroid_x,centroid_y,box_width,box_height,confidence
0,carabao,0.19764351844787598,0.4033621549606323,0.39528703689575195,0.32385390996932983,0.8625327348709106
0,carabao,0.21634891629219055,0.7657051086425781,0.3523406386375427,0.2940489947795868,0.8391164541244507
0,carabao,0.5510178208351135,0.32613229751586914,0.4464753270149231,0.33982881903648376,0.8386766314506531
0,carabao,0.6292726993560791,0.6313942074775696,0.38982725143432617,0.30827540159225464,0.8136967420578003
0,carabao,0.35349878668785095,0.6102083921432495,0.35014230012893677,0.3001483380794525,0.7918762564659119
0,carabao,0.9313451647758484,0.1169934794306755,0.13702841103076935,0.17329178750514984,0.674606442451477
0,carabao,0.8622703552246094,0.02236120216548443,0.12264537811279297,0.04472240433096886,0.21952493488788605
