class,class_name,centroid_x,centroid_y,box_width,box_height,confidence
2,indian,0.5779590606689453,0.5783038139343262,0.17836609482765198,0.2687767744064331,0.7547383904457092
2,indian,0.4497370719909668,0.5638719201087952,0.12596216797828674,0.24315357208251953,0.6505303382873535
2,indian,0.9369218945503235,0.05991252884268761,0.11955270916223526,0.11982505768537521,0.3416614234447479
