class,class_name,centroid_x,centroid_y,box_width,box_height,confidence
0,carabao,0.3325187563896179,0.46207720041275024,0.5299395322799683,0.6177347898483276,0.8341451287269592
