class,class_name,centroid_x,centroid_y,box_width,box_height,confidence
0,carabao,0.5203055143356323,0.5888069272041321,0.7697269320487976,0.8223861455917358,0.827632486820221
