class,class_name,centroid_x,centroid_y,box_width,box_height,confidence
0,carabao,0.17252713441848755,0.8147721886634827,0.34254735708236694,0.37045562267303467,0.8971059322357178
0,carabao,0.3754339814186096,0.547544002532959,0.4924198091030121,0.4576220214366913,0.8530853986740112
0,carabao,0.6694949865341187,0.3115484118461609,0.49614349007606506,0.4074563682079315,0.8367469906806946
0,carabao,0.6767022013664246,0.6454258561134338,0.2590135931968689,0.30569833517074585,0.27320557832717896
