class,class_name,centroid_x,centroid_y,box_width,box_height,confidence
0,carabao,0.5520485639572144,0.4951915740966797,0.4880458414554596,0.2432703971862793,0.8318299055099487
