class,class_name,centroid_x,centroid_y,box_width,box_height,confidence
0,carabao,0.7108458280563354,0.41982945799827576,0.4143233299255371,0.37134847044944763,0.8593889474868774
0,carabao,0.48314982652664185,0.5875570178031921,0.32074064016342163,0.29182741045951843,0.8495833873748779
