class,class_name,centroid_x,centroid_y,box_width,box_height,confidence
0,carabao,0.43126851320266724,0.5177003145217896,0.5417912006378174,0.3855196535587311,0.8736202120780945
0,carabao,0.6483831405639648,0.2570169270038605,0.5049766302108765,0.3427455723285675,0.8588103652000427
