class,class_name,centroid_x,centroid_y,box_width,box_height,confidence
1,flower,0.17892050743103027,0.6698888540267944,0.335024356842041,0.6602222919464111,0.7177976965904236
1,flower,0.6969174146652222,0.579384446144104,0.4513719975948334,0.841231107711792,0.6315951943397522
1,flower,0.6202062368392944,0.48422369360923767,0.2020823061466217,0.3841336667537689,0.498792827129364
1,flower,0.5469352602958679,0.7142739295959473,0.17037329077720642,0.3809454143047333,0.3991250991821289
1,flower,0.716829776763916,0.8765013217926025,0.24536633491516113,0.2469974160194397,0.3747901916503906
1,flower,0.5076662302017212,0.12940913438796997,0.19990868866443634,0.25403282046318054,0.322714239358902
1,flower,0.46693307161331177,0.13791519403457642,0.2804575562477112,0.2755269706249237,0.31066834926605225
1,flower,0.5579276084899902,0.8982208967208862,0.185621976852417,0.20304091274738312,0.22500954568386078
