class,class_name,centroid_x,centroid_y,box_width,box_height,confidence
0,carabao,0.2965816259384155,0.3432147204875946,0.4415868818759918,0.43938547372817993,0.8532976508140564
0,carabao,0.21580474078655243,0.5781183838844299,0.27493107318878174,0.28936442732810974,0.816296398639679
0,carabao,0.5397036075592041,0.6005891561508179,0.2915777564048767,0.33511748909950256,0.8112998008728027
0,carabao,0.7598724365234375,0.4552203118801117,0.3048016130924225,0.29395005106925964,0.8099079132080078
0,carabao,0.5744730830192566,0.29547685384750366,0.30086517333984375,0.3588148057460785,0.7963036298751831
0,carabao,0.34911033511161804,0.17586421966552734,0.23489855229854584,0.19160199165344238,0.7113037109375
0,carabao,0.5448383092880249,0.10818847268819809,0.23446668684482574,0.21637694537639618,0.7062856554985046
