class,class_name,centroid_x,centroid_y,box_width,box_height,confidence
2,indian,0.4154645800590515,0.5523423552513123,0.24588830769062042,0.16941070556640625,0.8113694190979004
2,indian,0.5366199016571045,0.7287254333496094,0.21513080596923828,0.16715316474437714,0.8054876923561096
2,indian,0.5204392671585083,0.45401930809020996,0.24083232879638672,0.19538185000419617,0.8053572773933411
2,indian,0.4728981852531433,0.30086979269981384,0.23560643196105957,0.17574504017829895,0.7923369407653809
2,indian,0.8250945210456848,0.46159085631370544,0.2570197582244873,0.2065972536802292,0.7762728929519653
