class,class_name,centroid_x,centroid_y,box_width,box_height,confidence
0,carabao,0.5744550824165344,0.6602860689163208,0.47574830055236816,0.3601630628108978,0.7622835636138916
