class,class_name,centroid_x,centroid_y,box_width,box_height,confidence
2,indian,0.49665507674217224,0.798385739326477,0.15884146094322205,0.3602965176105499,0.8556778430938721
2,indian,0.5041602849960327,0.5087615251541138,0.18013501167297363,0.2989780902862549,0.8317234516143799
2,indian,0.6853353977203369,0.640326201915741,0.21244049072265625,0.3260580897331238,0.8261979818344116
2,indian,0.6706411242485046,0.4643828868865967,0.18699145317077637,0.24722768366336823,0.7975426912307739
