class,class_name,centroid_x,centroid_y,box_width,box_height,confidence
2,indian,0.20373043417930603,0.36895570158958435,0.3634776473045349,0.35367998480796814,0.7838008403778076
2,indian,0.759352445602417,0.47694656252861023,0.3484835624694824,0.3279649019241333,0.7665853500366211
2,indian,0.23555853962898254,0.6450380086898804,0.33333200216293335,0.3255734443664551,0.7390754818916321
