class,class_name,centroid_x,centroid_y,box_width,box_height,confidence
0,carabao,0.703933596611023,0.6001946330070496,0.3581177592277527,0.34652504324913025,0.8473793268203735
0,carabao,0.430302232503891,0.4557592272758484,0.610441267490387,0.4777880907058716,0.832801103591919
0,carabao,0.5110851526260376,0.8431196212768555,0.21476979553699493,0.17328190803527832,0.7447513341903687
