class,class_name,centroid_x,centroid_y,box_width,box_height,confidence
0,carabao,0.1701263189315796,0.18202418088912964,0.3402526378631592,0.3640483617782593,0.8780887126922607
0,carabao,0.3732474744319916,0.4402945935726166,0.4928049147129059,0.4701177477836609,0.863741934299469
0,carabao,0.6792756915092468,0.6776392459869385,0.5133641958236694,0.39594191312789917,0.8461186289787292
0,carabao,0.5786062479019165,0.36296483874320984,0.20339980721473694,0.28592610359191895,0.5049973130226135
0,carabao,0.6236045360565186,0.35962092876434326,0.29642781615257263,0.29512926936149597,0.36469602584838867
0,carabao,0.6988199949264526,0.4332473576068878,0.16728177666664124,0.15709567070007324,0.3561720848083496
