class,class_name,centroid_x,centroid_y,box_width,box_height,confidence
2,indian,0.2592841386795044,0.5156427025794983,0.1699049472808838,0.2241285741329193,0.8314083814620972
2,indian,0.3817899227142334,0.35353904962539673,0.20463934540748596,0.23968136310577393,0.7983816266059875
2,indian,0.48496192693710327,0.5149680376052856,0.2003205269575119,0.2846154272556305,0.7893692255020142
2,indian,0.6353936195373535,0.6295791268348694,0.1994948387145996,0.2220449000597,0.7859799861907959
2,indian,0.35926055908203125,0.6482933163642883,0.20860615372657776,0.25368547439575195,0.7723410725593567
2,indian,0.5574643015861511,0.3771895170211792,0.17415070533752441,0.22516781091690063,0.7651446461677551
2,indian,0.5114036202430725,0.6258922219276428,0.14815625548362732,0.17653362452983856,0.4169924259185791
2,indian,0.5088539123535156,0.6485793590545654,0.13811978697776794,0.12805311381816864,0.3148607909679413
