class,class_name,centroid_x,centroid_y,box_width,box_height,confidence
2,indian,0.3699598014354706,0.6348189115524292,0.24926413595676422,0.1935865879058838,0.8448704481124878
2,indian,0.6445209383964539,0.3820090889930725,0.2513478994369507,0.20096120238304138,0.8434130549430847
2,indian,0.48802217841148376,0.48148488998413086,0.32050126791000366,0.19474241137504578,0.8199907541275024
2,indian,0.3486022651195526,0.3592836856842041,0.2736065685749054,0.19447994232177734,0.8082098364830017
2,indian,0.48256564140319824,0.2573491334915161,0.25406187772750854,0.1617947518825531,0.8059005737304688
2,indian,0.6238229870796204,0.5553803443908691,0.26050496101379395,0.16699180006980896,0.7510553002357483
2,indian,0.35202640295028687,0.4983801245689392,0.1585637629032135,0.14346866309642792,0.4389244019985199
