class,class_name,centroid_x,centroid_y,box_width,box_height,confidence
0,carabao,0.48607102036476135,0.4597439765930176,0.910125732421875,0.8666103482246399,0.8344528079032898
0,carabao,0.7128174901008606,0.909777045249939,0.5651677250862122,0.17914609611034393,0.7644183039665222
0,carabao,0.20807446539402008,0.18754473328590393,0.41614893078804016,0.37476280331611633,0.6765291094779968
0,carabao,0.6758356690406799,0.778178334236145,0.5348038077354431,0.23783989250659943,0.672428548336029
0,carabao,0.40743279457092285,0.9336591958999634,0.3028309643268585,0.13268175721168518,0.5782516598701477
0,carabao,0.15500786900520325,0.8855565190315247,0.3100157380104065,0.22888699173927307,0.5692124366760254
0,carabao,0.13580378890037537,0.5101920962333679,0.27160757780075073,0.40697741508483887,0.38735926151275635
0,carabao,0.8959263563156128,0.5199219584465027,0.1973334103822708,0.2605865001678467,0.22869865596294403
