class,class_name,centroid_x,centroid_y,box_width,box_height,confidence
0,carabao,0.27566438913345337,0.4058260917663574,0.5039702653884888,0.3962740898132324,0.8631420135498047
0,carabao,0.23340412974357605,0.7987057566642761,0.37086883187294006,0.40258851647377014,0.8595922589302063
0,carabao,0.33641037344932556,0.11063478887081146,0.4982535243034363,0.22126957774162292,0.853238046169281
0,carabao,0.571428656578064,0.6718487739562988,0.39258092641830444,0.5402981042861938,0.8506734371185303
0,carabao,0.6938515901565552,0.21631574630737305,0.5184600353240967,0.37078753113746643,0.849075973033905
0,carabao,0.10205104202032089,0.22740593552589417,0.20410208404064178,0.4412667155265808,0.6690214276313782
0,carabao,0.05991090089082718,0.6539548635482788,0.11982180178165436,0.40760427713394165,0.6394749283790588
