class,class_name,centroid_x,centroid_y,box_width,box_height,confidence
0,carabao,0.39036351442337036,0.5179435014724731,0.6566965579986572,0.48847323656082153,0.8426332473754883
0,carabao,0.7845519781112671,0.7840850353240967,0.43089595437049866,0.4303187131881714,0.8363435864448547
0,carabao,0.890046238899231,0.38111022114753723,0.21850872039794922,0.30923303961753845,0.825079083442688
