class,class_name,centroid_x,centroid_y,box_width,box_height,confidence
0,carabao,0.48324257135391235,0.45491161942481995,0.8542130589485168,0.7065110802650452,0.7612416744232178
