class,class_name,centroid_x,centroid_y,box_width,box_height,confidence
0,carabao,0.6216274499893188,0.8857574462890625,0.31745395064353943,0.22848501801490784,0.8639580011367798
0,carabao,0.49398061633110046,0.40952810645103455,0.545319676399231,0.6527746915817261,0.8481040596961975
0,carabao,0.21895714104175568,0.7890182733535767,0.43791428208351135,0.4219634532928467,0.8365083932876587
