class,class_name,centroid_x,centroid_y,box_width,box_height,confidence
0,carabao,0.4643647074699402,0.4266206622123718,0.313937783241272,0.45094045996665955,0.8582597970962524
0,carabao,0.3488921523094177,0.7361326813697815,0.32420849800109863,0.4702061712741852,0.8275672197341919
0,carabao,0.16741475462913513,0.3841855525970459,0.31099462509155273,0.47127485275268555,0.8193678855895996
0,carabao,0.7224311828613281,0.34339088201522827,0.31126293540000916,0.45124921202659607,0.8138803839683533
0,carabao,0.7259629964828491,0.7101766467094421,0.49923181533813477,0.3403478264808655,0.7983428239822388
