class,class_name,centroid_x,centroid_y,box_width,box_height,confidence
1,flower,0.4713861644268036,0.41936689615249634,0.8820942044258118,0.7253855466842651,0.9037269949913025
