class,class_name,centroid_x,centroid_y,box_width,box_height,confidence
2,indian,0.5560527443885803,0.5822010636329651,0.26240453124046326,0.3225916922092438,0.7774168848991394
2,indian,0.3949833810329437,0.6137269735336304,0.2369661033153534,0.3285496234893799,0.7377380728721619
2,indian,0.09214448928833008,0.0951896533370018,0.18428897857666016,0.17868101596832275,0.2898175120353699
