class,class_name,centroid_x,centroid_y,box_width,box_height,confidence
0,carabao,0.4172854423522949,0.46184828877449036,0.7946972250938416,0.5848920941352844,0.8116534948348999
