class,class_name,centroid_x,centroid_y,box_width,box_height,confidence
2,indian,0.6451824903488159,0.31959259510040283,0.43030649423599243,0.42654311656951904,0.5845502614974976
2,indian,0.39345091581344604,0.579038679599762,0.4693346917629242,0.4676302373409271,0.5260236263275146
0,carabao,0.6447925567626953,0.31297627091407776,0.4482669234275818,0.4264442026615143,0.3938373625278473
