class,class_name,centroid_x,centroid_y,box_width,box_height,confidence
0,carabao,0.2322830706834793,0.6444952487945557,0.3050977885723114,0.368519127368927,0.872018039226532
0,carabao,0.7353569865226746,0.6875677108764648,0.3293127715587616,0.3084747791290283,0.871453046798706
0,carabao,0.5032490491867065,0.6842796802520752,0.28435882925987244,0.3324856758117676,0.8460403084754944
