class,class_name,centroid_x,centroid_y,box_width,box_height,confidence
0,carabao,0.19229725003242493,0.6619074940681458,0.24787594377994537,0.4963890612125397,0.8849502205848694
0,carabao,0.4399435222148895,0.7159399390220642,0.27351143956184387,0.5039743781089783,0.8780749440193176
0,carabao,0.7405053377151489,0.7586406469345093,0.3534886837005615,0.37398096919059753,0.8673759698867798
0,carabao,0.3094649314880371,0.2986995577812195,0.2632907032966614,0.5151363015174866,0.8610284328460693
0,carabao,0.6224499344825745,0.43550267815589905,0.37876689434051514,0.4009365141391754,0.8376040458679199
0,carabao,0.30465826392173767,0.8940010070800781,0.31008484959602356,0.2086418718099594,0.680783748626709
0,carabao,0.6527804732322693,0.9392339587211609,0.35072267055511475,0.11181196570396423,0.2402392327785492
