class,class_name,centroid_x,centroid_y,box_width,box_height,confidence
2,indian,0.6309787034988403,0.36382442712783813,0.24322272837162018,0.19242775440216064,0.824489951133728
2,indian,0.6497308015823364,0.6415230631828308,0.28489360213279724,0.19405865669250488,0.8116004467010498
2,indian,0.35342293977737427,0.6175093650817871,0.2643008232116699,0.2025456428527832,0.8095157146453857
2,indian,0.5125215649604797,0.5162856578826904,0.3249422609806061,0.1962895393371582,0.7786721587181091
2,indian,0.5177963972091675,0.7453519701957703,0.2536596953868866,0.1548306941986084,0.7660146355628967
2,indian,0.376740425825119,0.43844252824783325,0.2647632658481598,0.16629084944725037,0.7458800077438354
2,indian,0.6282941699028015,0.4987052083015442,0.19443731009960175,0.14982180297374725,0.3997790515422821
