class,class_name,centroid_x,centroid_y,box_width,box_height,confidence
0,carabao,0.3450457453727722,0.6073465347290039,0.35795554518699646,0.26994097232818604,0.8656232953071594
0,carabao,0.8242963552474976,0.39291033148765564,0.34386110305786133,0.22645170986652374,0.8649773001670837
0,carabao,0.6540771126747131,0.49166324734687805,0.3931492865085602,0.28809550404548645,0.8646605610847473
0,carabao,0.5213775038719177,0.35012441873550415,0.33201515674591064,0.32353687286376953,0.8589006662368774
0,carabao,0.6601251363754272,0.8075223565101624,0.37876811623573303,0.34630730748176575,0.8571808934211731
0,carabao,0.3562255799770355,0.8040543794631958,0.3091905415058136,0.25095781683921814,0.8187155723571777
0,carabao,0.35576143860816956,0.3570874035358429,0.24036987125873566,0.2555103003978729,0.7376923561096191
0,carabao,0.8179805874824524,0.6169086694717407,0.25656452775001526,0.2124032974243164,0.7344707250595093
