class,class_name,centroid_x,centroid_y,box_width,box_height,confidence
2,indian,0.8009262084960938,0.5026214122772217,0.380641907453537,0.16968393325805664,0.7965043783187866
2,indian,0.46304386854171753,0.33041658997535706,0.28255119919776917,0.1986524611711502,0.784382700920105
2,indian,0.641963005065918,0.3121158182621002,0.34979522228240967,0.21040257811546326,0.7822572588920593
2,indian,0.5058395862579346,0.49915680289268494,0.33205750584602356,0.18743085861206055,0.7518082857131958
