class,class_name,centroid_x,centroid_y,box_width,box_height,confidence
0,carabao,0.7690395712852478,0.6488623023033142,0.23588457703590393,0.4278177320957184,0.850633978843689
0,carabao,0.3480845093727112,0.4569639265537262,0.3283356726169586,0.35623183846473694,0.8491841554641724
0,carabao,0.18237543106079102,0.5980885028839111,0.264699786901474,0.3432357609272003,0.827370285987854
0,carabao,0.611740231513977,0.47716835141181946,0.3460758328437805,0.41629114747047424,0.8161652684211731
0,carabao,0.5796163082122803,0.7547285556793213,0.23569011688232422,0.32446256279945374,0.7939587831497192
0,carabao,0.6280497312545776,0.23231585323810577,0.299532413482666,0.30838534235954285,0.7824705243110657
