class,class_name,centroid_x,centroid_y,box_width,box_height,confidence
2,indian,0.25624531507492065,0.22913475334644318,0.34360721707344055,0.2620721459388733,0.5376505851745605
2,indian,0.572656512260437,0.3365561366081238,0.46341997385025024,0.2668568789958954,0.5308119654655457
2,indian,0.6884431838989258,0.4773734211921692,0.40645650029182434,0.22156555950641632,0.5255417823791504
2,indian,0.26413220167160034,0.4723304808139801,0.3609307110309601,0.26070818305015564,0.5035402178764343
0,carabao,0.6893491148948669,0.4794519543647766,0.4059378504753113,0.22661156952381134,0.4358164072036743
