class,class_name,centroid_x,centroid_y,box_width,box_height,confidence
0,carabao,0.28695327043533325,0.5718162059783936,0.3987058699131012,0.3716980516910553,0.8758018612861633
0,carabao,0.5148724913597107,0.39819586277008057,0.3133135139942169,0.26962530612945557,0.855364203453064
