class,class_name,centroid_x,centroid_y,box_width,box_height,confidence
2,indian,0.29719793796539307,0.26665616035461426,0.18537496030330658,0.11872518062591553,0.8276907801628113
2,indian,0.43267446756362915,0.32786789536476135,0.21201372146606445,0.11556892096996307,0.8252197504043579
2,indian,0.49025818705558777,0.2597110867500305,0.19747184216976166,0.11640405654907227,0.8135302066802979
2,indian,0.729479193687439,0.24774384498596191,0.16865117847919464,0.11402344703674316,0.788802981376648
2,indian,0.9084699749946594,0.3924229145050049,0.14876322448253632,0.1044299378991127,0.7762079834938049
