class,class_name,centroid_x,centroid_y,box_width,box_height,confidence
2,indian,0.5806589126586914,0.552914023399353,0.3473939001560211,0.2505834996700287,0.7411822080612183
2,indian,0.6208345293998718,0.38975203037261963,0.3634771704673767,0.21821141242980957,0.6696403622627258
