class,class_name,centroid_x,centroid_y,box_width,box_height,confidence
1,flower,0.6866633296012878,0.5024049878120422,0.1791464388370514,0.32906055450439453,0.7898393869400024
1,flower,0.43561333417892456,0.3312002122402191,0.5366359353065491,0.2463185340166092,0.579328179359436
1,flower,0.819617748260498,0.28719866275787354,0.15329265594482422,0.15006770193576813,0.49838197231292725
1,flower,0.9045959711074829,0.43165042996406555,0.18979883193969727,0.25064995884895325,0.3305838406085968
1,flower,0.9038131833076477,0.48110058903694153,0.1922333687543869,0.3800438940525055,0.2883721590042114
