class,class_name,centroid_x,centroid_y,box_width,box_height,confidence
2,indian,0.4348945617675781,0.43356990814208984,0.1237933412194252,0.21548795700073242,0.837890088558197
2,indian,0.5520718097686768,0.45643290877342224,0.11101875454187393,0.17494416236877441,0.7570301294326782
2,indian,0.06889794766902924,0.9462422132492065,0.13779589533805847,0.10751557350158691,0.5205299258232117
