class,class_name,centroid_x,centroid_y,box_width,box_height,confidence
0,carabao,0.3524092435836792,0.5252234935760498,0.4244273006916046,0.5780425071716309,0.841680109500885
0,carabao,0.6681289076805115,0.3585430979728699,0.46441400051116943,0.6184461116790771,0.8348574638366699
0,carabao,0.07097658514976501,0.0546606108546257,0.1407688558101654,0.10781238973140717,0.6841450929641724
0,carabao,0.10924284905195236,0.4391933083534241,0.10999345779418945,0.15537670254707336,0.6314858794212341
