class,class_name,centroid_x,centroid_y,box_width,box_height,confidence
0,carabao,0.18730506300926208,0.8919229507446289,0.37221282720565796,0.20926880836486816,0.8774294257164001
0,carabao,0.3501212000846863,0.37880927324295044,0.39178580045700073,0.2016582489013672,0.8513240218162537
0,carabao,0.3201903700828552,0.659272313117981,0.46128958463668823,0.21940827369689941,0.8493863344192505
0,carabao,0.3508370518684387,0.2593900263309479,0.3582580089569092,0.1466362476348877,0.8308440446853638
0,carabao,0.45693713426589966,0.7522802352905273,0.39231574535369873,0.19776229560375214,0.8047319054603577
0,carabao,0.26505231857299805,0.46475887298583984,0.2673088014125824,0.13893552124500275,0.7246472239494324
0,carabao,0.5853804349899292,0.3084571957588196,0.2860417366027832,0.2260001003742218,0.7242016196250916
0,carabao,0.4543864130973816,0.5672308206558228,0.44682297110557556,0.21609148383140564,0.7000111937522888
0,carabao,0.05249568074941635,0.1402025818824768,0.1049913614988327,0.2804051637649536,0.53810715675354
