class,class_name,centroid_x,centroid_y,box_width,box_height,confidence
0,carabao,0.244585320353508,0.20902973413467407,0.3633337914943695,0.34793639183044434,0.8691147565841675
0,carabao,0.7822494506835938,0.5488104820251465,0.3656809329986572,0.3121066689491272,0.8686418533325195
0,carabao,0.5350942611694336,0.36305031180381775,0.3766309916973114,0.2947555482387543,0.8513429164886475
0,carabao,0.686409592628479,0.8477946519851685,0.29216575622558594,0.25209128856658936,0.8421149253845215
0,carabao,0.19793593883514404,0.4881236255168915,0.3504086136817932,0.2786848843097687,0.8283634185791016
0,carabao,0.7709808349609375,0.3220987319946289,0.29669174551963806,0.236985981464386,0.804142415523529
0,carabao,0.37534552812576294,0.6833183765411377,0.37487420439720154,0.3915787935256958,0.800087034702301
0,carabao,0.8545303344726562,0.918770432472229,0.2793215215206146,0.16001556813716888,0.7224452495574951
0,carabao,0.12871293723583221,0.6686747074127197,0.1410689651966095,0.1222209706902504,0.5911333560943604
