class,class_name,centroid_x,centroid_y,box_width,box_height,confidence
0,carabao,0.7438207864761353,0.254391074180603,0.23366141319274902,0.4771817624568939,0.8913072943687439
0,carabao,0.7321939468383789,0.7156463265419006,0.23808236420154572,0.5559853911399841,0.8867365121841431
0,carabao,0.539953887462616,0.26496464014053345,0.2506585717201233,0.4956021308898926,0.8817639946937561
0,carabao,0.2975047826766968,0.2378847599029541,0.2832705080509186,0.4757695198059082,0.8816413879394531
0,carabao,0.5129333734512329,0.7456344366073608,0.2579483985900879,0.5042446255683899,0.8676598072052002
0,carabao,0.24935650825500488,0.715831458568573,0.24575087428092957,0.5473431944847107,0.8517940044403076
0,carabao,0.4027523100376129,0.6416175961494446,0.2994709610939026,0.4884125292301178,0.8412073254585266
