class,class_name,centroid_x,centroid_y,box_width,box_height,confidence
1,flower,0.7015513181686401,0.21439675986766815,0.2547350525856018,0.31047794222831726,0.638217031955719
1,flower,0.6427625417709351,0.5640959739685059,0.1916658878326416,0.2775552570819855,0.6368029117584229
1,flower,0.3752601146697998,0.4092349708080292,0.2707764506340027,0.3765096664428711,0.6218353509902954
1,flower,0.3307328224182129,0.756605863571167,0.37966224551200867,0.46338018774986267,0.614310085773468
1,flower,0.7697539925575256,0.43838822841644287,0.22450438141822815,0.32837149500846863,0.6050223112106323
1,flower,0.26623985171318054,0.6943779587745667,0.25100404024124146,0.33887743949890137,0.497650146484375
1,flower,0.40002354979515076,0.7650842666625977,0.2472369223833084,0.42170509696006775,0.3529284596443176
1,flower,0.5543280243873596,0.35129743814468384,0.5699480772018433,0.48720782995224,0.2267303615808487
