class,class_name,centroid_x,centroid_y,box_width,box_height,confidence
0,carabao,0.19276189804077148,0.6319252848625183,0.27459678053855896,0.32426124811172485,0.8532987236976624
0,carabao,0.4960012435913086,0.554061770439148,0.3079487085342407,0.38469192385673523,0.8432146310806274
0,carabao,0.7593620419502258,0.21402156352996826,0.33364951610565186,0.3325016498565674,0.8346695303916931
0,carabao,0.7208918333053589,0.5551704168319702,0.2525625228881836,0.34677281975746155,0.8130991458892822
0,carabao,0.58970046043396,0.1752699613571167,0.21698887646198273,0.2536575198173523,0.7559256553649902
0,carabao,0.5180099010467529,0.4156211018562317,0.16684100031852722,0.20993459224700928,0.6698614358901978
0,carabao,0.6278083324432373,0.364271879196167,0.1649937927722931,0.14372014999389648,0.3856711983680725
