class,class_name,centroid_x,centroid_y,box_width,box_height,confidence
0,carabao,0.41430506110191345,0.3287504017353058,0.4669247269630432,0.36217576265335083,0.7530487775802612
