class,class_name,centroid_x,centroid_y,box_width,box_height,confidence
2,indian,0.3063880503177643,0.27722105383872986,0.20148126780986786,0.13964903354644775,0.7102530002593994
2,indian,0.34396663308143616,0.4396122097969055,0.19394654035568237,0.12527427077293396,0.654983401298523
2,indian,0.34971514344215393,0.8163453340530396,0.13306649029254913,0.10683608055114746,0.6202827095985413
2,indian,0.5119851231575012,0.6484717130661011,0.2105877548456192,0.11884188652038574,0.5856791734695435
1,flower,0.8393881916999817,0.5884343981742859,0.24177487194538116,0.14977583289146423,0.5059798359870911
2,indian,0.34440383315086365,0.599206805229187,0.19190849363803864,0.1348569393157959,0.4978678226470947
1,flower,0.8496540188789368,0.45292726159095764,0.13624286651611328,0.12040574848651886,0.30938565731048584
