class,class_name,centroid_x,centroid_y,box_width,box_height,confidence
2,indian,0.7420498728752136,0.5127043724060059,0.11645837128162384,0.18409346044063568,0.8123481273651123
2,indian,0.6751914024353027,0.575326681137085,0.1293647289276123,0.20535078644752502,0.8041110634803772
2,indian,0.7345693707466125,0.7017918229103088,0.1222907081246376,0.1893143653869629,0.80344158411026
2,indian,0.7538395524024963,0.27242061495780945,0.10198354721069336,0.1847865879535675,0.7676474452018738
2,indian,0.6083153486251831,0.09325309842824936,0.10992016643285751,0.16236872971057892,0.7398682236671448
