class,class_name,centroid_x,centroid_y,box_width,box_height,confidence
0,carabao,0.8079843521118164,0.4937170147895813,0.3547786474227905,0.1550912857055664,0.8766322731971741
0,carabao,0.5071994662284851,0.5044413805007935,0.3119344711303711,0.16191211342811584,0.8474103212356567
0,carabao,0.6409611105918884,0.6844741106033325,0.3426823616027832,0.19698739051818848,0.8237912058830261
0,carabao,0.4530327618122101,0.669945240020752,0.25672751665115356,0.181793212890625,0.6924747824668884
