class,class_name,centroid_x,centroid_y,box_width,box_height,confidence
0,carabao,0.5936737656593323,0.8024207949638367,0.3399440348148346,0.3951582908630371,0.8529419302940369
0,carabao,0.3798992931842804,0.6473842859268188,0.31022030115127563,0.30691832304000854,0.8374543190002441
0,carabao,0.35045289993286133,0.3691161870956421,0.3253609240055084,0.3605405390262604,0.8302502632141113
0,carabao,0.22966502606868744,0.7797635793685913,0.2987043261528015,0.3421860337257385,0.8296846747398376
0,carabao,0.6739486455917358,0.45520973205566406,0.36120131611824036,0.4424585700035095,0.8177527785301208
0,carabao,0.8809814453125,0.07245191186666489,0.17477035522460938,0.14490382373332977,0.6877719163894653
0,carabao,0.9624455571174622,0.05596775934100151,0.07450688630342484,0.11193551868200302,0.47578224539756775
0,carabao,0.9755076169967651,0.12470302730798721,0.04885590821504593,0.1553688496351242,0.27840104699134827
