class,class_name,centroid_x,centroid_y,box_width,box_height,confidence
0,carabao,0.38907986879348755,0.3387799859046936,0.27769413590431213,0.33975446224212646,0.8627121448516846
0,carabao,0.6488901972770691,0.5232378244400024,0.3401409387588501,0.3154832422733307,0.8526321649551392
0,carabao,0.5031661987304688,0.6647006869316101,0.296856552362442,0.36708396673202515,0.8353513479232788
0,carabao,0.19083164632320404,0.6572065949440002,0.3568531274795532,0.37853020429611206,0.8188324570655823
0,carabao,0.6123065948486328,0.8179306983947754,0.2333141714334488,0.3464178442955017,0.8124229311943054
0,carabao,0.18750807642936707,0.3516981601715088,0.24487915635108948,0.30623531341552734,0.7830790877342224
0,carabao,0.3800288736820221,0.8140801191329956,0.23430965840816498,0.23020672798156738,0.7606227397918701
0,carabao,0.6568701267242432,0.3538094460964203,0.30408036708831787,0.2531399130821228,0.6822607517242432
0,carabao,0.2473452091217041,0.8845438957214355,0.21980327367782593,0.2309122085571289,0.44644448161125183
