class,class_name,centroid_x,centroid_y,box_width,box_height,confidence
0,carabao,0.6620715260505676,0.5712618231773376,0.3988756239414215,0.3358273506164551,0.8401342034339905
0,carabao,0.4375050961971283,0.46198102831840515,0.27481621503829956,0.2122378647327423,0.8265995383262634
0,carabao,0.879075825214386,0.5041321516036987,0.20392446219921112,0.17462380230426788,0.8124733567237854
0,carabao,0.5468345880508423,0.3104805052280426,0.22896981239318848,0.18658354878425598,0.8054664134979248
0,carabao,0.7818052172660828,0.6740511655807495,0.3162611424922943,0.23253536224365234,0.803134560585022
0,carabao,0.46945613622665405,0.7603501677513123,0.2966558337211609,0.25825342535972595,0.7936840653419495
0,carabao,0.6891822814941406,0.4154074490070343,0.2986125946044922,0.18908733129501343,0.7822276949882507
