class,class_name,centroid_x,centroid_y,box_width,box_height,confidence
2,indian,0.5717818140983582,0.6789350509643555,0.20030206441879272,0.11349640041589737,0.8410754203796387
2,indian,0.2783491015434265,0.7530969381332397,0.17007555067539215,0.0939248576760292,0.8401773571968079
2,indian,0.7041615843772888,0.7331019639968872,0.181275874376297,0.1077423095703125,0.8354241251945496
2,indian,0.513896644115448,0.7407528758049011,0.18733727931976318,0.11668920516967773,0.8135606050491333
2,indian,0.09046166390180588,0.6106990575790405,0.15159007906913757,0.09914278984069824,0.7957877516746521
