class,class_name,centroid_x,centroid_y,box_width,box_height,confidence
0,carabao,0.24263989925384521,0.5731955766677856,0.3543225824832916,0.5865383148193359,0.8717118501663208
0,carabao,0.4937533438205719,0.7603049874305725,0.23662009835243225,0.47939005494117737,0.8568769097328186
0,carabao,0.6848661303520203,0.2676214873790741,0.31288617849349976,0.5352429747581482,0.841745138168335
0,carabao,0.37035268545150757,0.35013747215270996,0.2316896915435791,0.4358193278312683,0.8313952088356018
0,carabao,0.49928250908851624,0.29722318053245544,0.1811141073703766,0.43588876724243164,0.7137203812599182
0,carabao,0.5348079800605774,0.2953189015388489,0.148411363363266,0.40948352217674255,0.6478044986724854
0,carabao,0.3063657879829407,0.9341402053833008,0.22178754210472107,0.13171958923339844,0.22605621814727783
