class,class_name,centroid_x,centroid_y,box_width,box_height,confidence
0,carabao,0.4623941481113434,0.47857362031936646,0.8427841067314148,0.5256751775741577,0.8464292287826538
