class,class_name,centroid_x,centroid_y,box_width,box_height,confidence
0,carabao,0.34949782490730286,0.29143011569976807,0.5742980241775513,0.4823355972766876,0.8542272448539734
0,carabao,0.6596380472183228,0.5268822908401489,0.5994725823402405,0.58168625831604,0.8238741755485535
