class,class_name,centroid_x,centroid_y,box_width,box_height,confidence
0,carabao,0.7016187906265259,0.38732144236564636,0.5756015777587891,0.5640197992324829,0.8442916870117188
0,carabao,0.24722865223884583,0.6383234858512878,0.4785613417625427,0.5427930951118469,0.8009014129638672
0,carabao,0.4698961675167084,0.5677778720855713,0.5171501040458679,0.5326473116874695,0.7757684588432312
