class,class_name,centroid_x,centroid_y,box_width,box_height,confidence
0,carabao,0.3450101613998413,0.7649528980255127,0.4500966966152191,0.2220473289489746,0.840036153793335
0,carabao,0.5384305119514465,0.34048837423324585,0.3578534424304962,0.30411872267723083,0.834657609462738
0,carabao,0.3994433581829071,0.1777361035346985,0.37132692337036133,0.2567528486251831,0.8084291219711304
0,carabao,0.5213032960891724,0.6038118600845337,0.42712831497192383,0.3260210454463959,0.8043419122695923
0,carabao,0.2501753270626068,0.5735963582992554,0.35441747307777405,0.22754359245300293,0.7966699004173279
0,carabao,0.7574441432952881,0.6235586404800415,0.31779974699020386,0.2922813892364502,0.7671914100646973
