class,class_name,centroid_x,centroid_y,box_width,box_height,confidence
0,carabao,0.5437812805175781,0.5853780508041382,0.48272576928138733,0.5721902847290039,0.7624363303184509
