class,class_name,centroid_x,centroid_y,box_width,box_height,confidence
0,carabao,0.7334054112434387,0.6401188969612122,0.5262212157249451,0.2693801820278168,0.8514904379844666
0,carabao,0.6340135931968689,0.15512804687023163,0.5797138214111328,0.2759581506252289,0.8498027920722961
0,carabao,0.5894371271133423,0.41232234239578247,0.5813688635826111,0.26637983322143555,0.8344029188156128
0,carabao,0.4369482696056366,0.7945215106010437,0.5174494385719299,0.39307111501693726,0.8335418701171875
