class,class_name,centroid_x,centroid_y,box_width,box_height,confidence
0,carabao,0.4597547650337219,0.2972409129142761,0.640163242816925,0.400443971157074,0.8451555967330933
0,carabao,0.5351223945617676,0.6305824518203735,0.6736289858818054,0.4053056836128235,0.8068980574607849
