class,class_name,centroid_x,centroid_y,box_width,box_height,confidence
2,indian,0.19696113467216492,0.5029250383377075,0.36566898226737976,0.17428937554359436,0.8006006479263306
2,indian,0.3586067259311676,0.31397849321365356,0.35903823375701904,0.219386488199234,0.7814926505088806
2,indian,0.5026552677154541,0.4997641146183014,0.34933581948280334,0.19477519392967224,0.7665908932685852
2,indian,0.5389087796211243,0.3308160603046417,0.2798779606819153,0.20959314703941345,0.7593509554862976
