class,class_name,centroid_x,centroid_y,box_width,box_height,confidence
0,carabao,0.4194040894508362,0.5473482608795166,0.5858800411224365,0.4080554246902466,0.8196001052856445
