class,class_name,centroid_x,centroid_y,box_width,box_height,confidence
0,carabao,0.18802616000175476,0.1088234931230545,0.37540215253829956,0.2169824093580246,0.8746705055236816
0,carabao,0.34355300664901733,0.6146560907363892,0.4017598032951355,0.20456171035766602,0.8529096841812134
0,carabao,0.32045307755470276,0.32879137992858887,0.4679796099662781,0.21576328575611115,0.8344894051551819
0,carabao,0.3526536226272583,0.7401463985443115,0.36348938941955566,0.18030080199241638,0.7945042848587036
0,carabao,0.4692574441432953,0.4260283410549164,0.4216599464416504,0.20525574684143066,0.7847828269004822
0,carabao,0.5873352885246277,0.6781103014945984,0.2861032485961914,0.23685821890830994,0.7744665145874023
0,carabao,0.45929232239723206,0.2386939972639084,0.4047321379184723,0.21143090724945068,0.7507777810096741
0,carabao,0.2417442798614502,0.5304063558578491,0.21342897415161133,0.13221850991249084,0.6617334485054016
0,carabao,0.057012587785720825,0.8827171325683594,0.11402517557144165,0.2345656454563141,0.60402911901474
