class,class_name,centroid_x,centroid_y,box_width,box_height,confidence
0,carabao,0.5505890250205994,0.4515646994113922,0.46837708353996277,0.17904964089393616,0.8406399488449097
0,carabao,0.563839316368103,0.33702635765075684,0.45747077465057373,0.14143304526805878,0.8061920404434204
