class,class_name,centroid_x,centroid_y,box_width,box_height,confidence
0,carabao,0.33738279342651367,0.4291539192199707,0.3779389560222626,0.33201947808265686,0.8582276701927185
0,carabao,0.5628771781921387,0.5364735722541809,0.2773835062980652,0.20755860209465027,0.8212839961051941
0,carabao,0.5354942083358765,0.2331230342388153,0.28413501381874084,0.25171855092048645,0.8207949995994568
0,carabao,0.45519596338272095,0.6838911771774292,0.23731210827827454,0.19445960223674774,0.7952607870101929
0,carabao,0.30939334630966187,0.5850613713264465,0.28974467515945435,0.1937541365623474,0.7945945858955383
0,carabao,0.21702072024345398,0.32119420170783997,0.3071804642677307,0.23951378464698792,0.7717053294181824
0,carabao,0.12142642587423325,0.48467499017715454,0.20733106136322021,0.18673178553581238,0.7457877397537231
0,carabao,0.4849247932434082,0.0380466990172863,0.12560343742370605,0.0760933980345726,0.228836327791214
