class,class_name,centroid_x,centroid_y,box_width,box_height,confidence
0,carabao,0.7610591650009155,0.19702254235744476,0.3756806254386902,0.3940450847148895,0.8793538212776184
0,carabao,0.7190304398536682,0.5850805044174194,0.49394139647483826,0.40306687355041504,0.8468804955482483
0,carabao,0.43405359983444214,0.3197329044342041,0.3986820578575134,0.5531606674194336,0.8400577306747437
0,carabao,0.300831139087677,0.7734896540641785,0.5185902118682861,0.3864314556121826,0.8333693146705627
0,carabao,0.6589916944503784,0.8841514587402344,0.5071707963943481,0.2316969931125641,0.8188797235488892
0,carabao,0.8946603536605835,0.7795132398605347,0.20924273133277893,0.4306682050228119,0.6942786574363708
0,carabao,0.9436849355697632,0.34012001752853394,0.11014709621667862,0.4256836771965027,0.5535250306129456
0,carabao,0.9210518598556519,0.3557163178920746,0.15755271911621094,0.3921540379524231,0.3373035788536072
