class,class_name,centroid_x,centroid_y,box_width,box_height,confidence
2,indian,0.48352670669555664,0.3127654492855072,0.22474908828735352,0.369235098361969,0.7512685656547546
2,indian,0.3390796482563019,0.4292180836200714,0.2857131361961365,0.4326740801334381,0.719183623790741
2,indian,0.4736853539943695,0.7362196445465088,0.2724182605743408,0.32202041149139404,0.6741697192192078
2,indian,0.22653162479400635,0.741064727306366,0.2659469246864319,0.30961132049560547,0.6341438293457031
