class,class_name,centroid_x,centroid_y,box_width,box_height,confidence
2,indian,0.35217413306236267,0.6685499548912048,0.43475618958473206,0.4623497724533081,0.7823438048362732
2,indian,0.5962156057357788,0.39543667435646057,0.4369324743747711,0.433482825756073,0.7627092003822327
