class,class_name,centroid_x,centroid_y,box_width,box_height,confidence
0,carabao,0.5493246912956238,0.5124999284744263,0.8302984237670898,0.5364127159118652,0.8370550870895386
