class,class_name,centroid_x,centroid_y,box_width,box_height,confidence
0,carabao,0.7051194906234741,0.601092517375946,0.5824439525604248,0.5743210911750793,0.8713570833206177
0,carabao,0.23822493851184845,0.3341307044029236,0.4694085121154785,0.5139657258987427,0.812025785446167
0,carabao,0.46767789125442505,0.41705623269081116,0.5005507469177246,0.5134724974632263,0.7831835150718689
