class,class_name,centroid_x,centroid_y,box_width,box_height,confidence
1,flower,0.43315577507019043,0.5235278010368347,0.0876239761710167,0.1354193240404129,0.2844167947769165
1,flower,0.4919288754463196,0.6810302734375,0.042520951479673386,0.06190641224384308,0.27826640009880066
1,flower,0.39101332426071167,0.6274101734161377,0.062326572835445404,0.07259046286344528,0.21842320263385773
1,flower,0.4756337106227875,0.4986318349838257,0.047476816922426224,0.13633692264556885,0.21694613993167877
1,flower,0.5401590466499329,0.5117848515510559,0.13729515671730042,0.24070040881633759,0.20484571158885956
