class,class_name,centroid_x,centroid_y,box_width,box_height,confidence
0,carabao,0.3873410224914551,0.481893926858902,0.6397125124931335,0.48364126682281494,0.871931791305542
0,carabao,0.7873937487602234,0.21486876904964447,0.4252125322818756,0.4283052980899811,0.8467523455619812
0,carabao,0.886815071105957,0.6212016940116882,0.22515425086021423,0.32036808133125305,0.8184057474136353
2,indian,0.028288250789046288,0.7223281860351562,0.056576501578092575,0.14670251309871674,0.3377247452735901
