class,class_name,centroid_x,centroid_y,box_width,box_height,confidence
1,flower,0.49060148000717163,0.5499647855758667,0.8852918744087219,0.7212915420532227,0.877116858959198
