class,class_name,centroid_x,centroid_y,box_width,box_height,confidence
0,carabao,0.4342520236968994,0.5440146923065186,0.24627172946929932,0.389098197221756,0.7873339056968689
0,carabao,0.31995052099227905,0.3766169846057892,0.22617816925048828,0.38401809334754944,0.7781772017478943
0,carabao,0.5114227533340454,0.83270663022995,0.20513692498207092,0.30829423666000366,0.7746772170066833
