class,class_name,centroid_x,centroid_y,box_width,box_height,confidence
0,carabao,0.23562093079090118,0.2595050632953644,0.37305551767349243,0.3429453372955322,0.8838072419166565
0,carabao,0.6949053406715393,0.6865326762199402,0.5399230718612671,0.26313644647598267,0.8643336892127991
0,carabao,0.2831825017929077,0.5560946464538574,0.5041852593421936,0.28217098116874695,0.8621984720230103
0,carabao,0.3364710807800293,0.8023280501365662,0.5184617042541504,0.24441123008728027,0.8535270690917969
0,carabao,0.5672439932823181,0.3801872134208679,0.3992467224597931,0.3795657455921173,0.8426281213760376
0,carabao,0.10609601438045502,0.6920424103736877,0.20786763727664948,0.28758591413497925,0.2932069003582001
0,carabao,0.05703915283083916,0.38152581453323364,0.11281298846006393,0.24753437936306,0.2565598487854004
