class,class_name,centroid_x,centroid_y,box_width,box_height,confidence
0,carabao,0.37530606985092163,0.47304216027259827,0.7322095632553101,0.5916692018508911,0.8276398181915283
