class,class_name,centroid_x,centroid_y,box_width,box_height,confidence
1,flower,0.5106150507926941,0.5586880445480347,0.8833194375038147,0.7464229464530945,0.8780747652053833
