class,class_name,centroid_x,centroid_y,box_width,box_height,confidence
2,indian,0.5364770889282227,0.4822043478488922,0.21625781059265137,0.2426612377166748,0.8710115551948547
2,indian,0.44131889939308167,0.5904397964477539,0.18759222328662872,0.2236218899488449,0.8416560888290405
2,indian,0.5316315293312073,0.17620247602462769,0.20811662077903748,0.24391524493694305,0.8140206933021545
2,indian,0.7011052370071411,0.5215437412261963,0.20288243889808655,0.2289653718471527,0.7967170476913452
2,indian,0.26864179968833923,0.4608401358127594,0.18617407977581024,0.21188053488731384,0.7937325239181519
