class,class_name,centroid_x,centroid_y,box_width,box_height,confidence
0,carabao,0.26089268922805786,0.6176583766937256,0.5095412135124207,0.5871785283088684,0.8787367343902588
0,carabao,0.715591549873352,0.4512762129306793,0.5527126789093018,0.7518926858901978,0.8286519646644592
0,carabao,0.4606100916862488,0.23793749511241913,0.38794854283332825,0.47587499022483826,0.7349744439125061
