class,class_name,centroid_x,centroid_y,box_width,box_height,confidence
2,indian,0.5324463844299316,0.4898490309715271,0.7804291248321533,0.5788565874099731,0.8669471144676208
2,indian,0.20052975416183472,0.8105674982070923,0.40105950832366943,0.37311649322509766,0.8456559181213379
2,indian,0.27698245644569397,0.17350994050502777,0.5520074963569641,0.34701988101005554,0.7812402248382568
2,indian,0.8525146842002869,0.1394830197095871,0.29390838742256165,0.2706184387207031,0.7450364232063293
2,indian,0.7915505766868591,0.3692556619644165,0.41377121210098267,0.3461515009403229,0.5603308081626892
