class,class_name,centroid_x,centroid_y,box_width,box_height,confidence
0,carabao,0.6465474367141724,0.6726223826408386,0.6058650612831116,0.4384899139404297,0.8600900769233704
0,carabao,0.4708944261074066,0.3531809449195862,0.5523390769958496,0.40149471163749695,0.8542728424072266
0,carabao,0.938876748085022,0.061609264463186264,0.12084884941577911,0.12238454073667526,0.7567550539970398
0,carabao,0.5540602803230286,0.09932363778352737,0.1711502969264984,0.10748325288295746,0.3782380521297455
0,carabao,0.5077147483825684,0.09362658858299255,0.2666913866996765,0.13245072960853577,0.3168737292289734
