class,class_name,centroid_x,centroid_y,box_width,box_height,confidence
0,carabao,0.5559873580932617,0.45116525888442993,0.631230354309082,0.4717521071434021,0.8551326990127563
0,carabao,0.29798299074172974,0.5957613587379456,0.3595336973667145,0.3443852961063385,0.8411164879798889
0,carabao,0.4963185787200928,0.8428052663803101,0.21933385729789734,0.16710619628429413,0.7555765509605408
