class,class_name,centroid_x,centroid_y,box_width,box_height,confidence
1,flower,0.27041906118392944,0.3142850995063782,0.2710476815700531,0.5373366475105286,0.28179970383644104
1,flower,0.48611998558044434,0.5049415230751038,0.8386948704719543,0.990044891834259,0.26382771134376526
1,flower,0.8108512759208679,0.6009644269943237,0.29679879546165466,0.5111754536628723,0.2540432810783386
2,indian,0.9010733366012573,0.4820788502693176,0.12508468329906464,0.1900739073753357,0.23118919134140015
1,flower,0.549739420413971,0.2647961676120758,0.24792489409446716,0.45258328318595886,0.21903255581855774
