class,class_name,centroid_x,centroid_y,box_width,box_height,confidence
0,carabao,0.10837818682193756,0.8163408041000366,0.21258684992790222,0.364849328994751,0.8795608282089233
0,carabao,0.6165401935577393,0.6544637680053711,0.2073965072631836,0.3826325833797455,0.8686757683753967
0,carabao,0.33347535133361816,0.6812881827354431,0.2148752510547638,0.4569268226623535,0.863386869430542
0,carabao,0.677940845489502,0.4125800132751465,0.26625728607177734,0.28044864535331726,0.8315457701683044
0,carabao,0.24199369549751282,0.5406373739242554,0.20168614387512207,0.3994448184967041,0.8290345668792725
0,carabao,0.7545311450958252,0.6555219888687134,0.14513826370239258,0.3513648509979248,0.7860437035560608
0,carabao,0.534864068031311,0.7663151025772095,0.14627480506896973,0.21236863732337952,0.7741392850875854
0,carabao,0.44140639901161194,0.5398970246315002,0.19532258808612823,0.4381948411464691,0.7553364634513855
2,indian,0.8876407742500305,0.9443631172180176,0.22471857070922852,0.11108360439538956,0.6985523104667664
