class,class_name,centroid_x,centroid_y,box_width,box_height,confidence
0,carabao,0.4109421670436859,0.45042240619659424,0.5919556617736816,0.39541298151016235,0.8339837193489075
