class,class_name,centroid_x,centroid_y,box_width,box_height,confidence
0,carabao,0.23314495384693146,0.19948847591876984,0.3728000521659851,0.3989769518375397,0.8549172282218933
0,carabao,0.5663268566131592,0.32798439264297485,0.4023968577384949,0.5703871250152588,0.8541678190231323
0,carabao,0.27656832337379456,0.5835312604904175,0.5092031359672546,0.4066188335418701,0.8412279486656189
0,carabao,0.3291546106338501,0.8840945959091187,0.5030297040939331,0.23181071877479553,0.8392916321754456
0,carabao,0.6929999589920044,0.7719711065292358,0.5210227966308594,0.3945505619049072,0.827637791633606
0,carabao,0.10507674515247345,0.7791547775268555,0.2101534903049469,0.43066978454589844,0.7147269248962402
0,carabao,0.057892970740795135,0.35649222135543823,0.11578594148159027,0.41048258543014526,0.6545647978782654
