class,class_name,centroid_x,centroid_y,box_width,box_height,confidence
0,carabao,0.4219559133052826,0.6091911792755127,0.32567745447158813,0.43613672256469727,0.8432337045669556
0,carabao,0.6239722967147827,0.6993790864944458,0.3106577396392822,0.4811636805534363,0.8294677138328552
