class,class_name,centroid_x,centroid_y,box_width,box_height,confidence
0,carabao,0.48850494623184204,0.6302715539932251,0.6165043115615845,0.4867539405822754,0.8430118560791016
0,carabao,0.6018152832984924,0.323103666305542,0.39024457335472107,0.4012480676174164,0.8102099299430847
