class,class_name,centroid_x,centroid_y,box_width,box_height,confidence
0,carabao,0.8391410708427429,0.6348212957382202,0.3048170506954193,0.5596120357513428,0.836885929107666
0,carabao,0.20242759585380554,0.4394843876361847,0.40246206521987915,0.5017236471176147,0.8339892029762268
0,carabao,0.3632882535457611,0.7377208471298218,0.2907652258872986,0.4975603520870209,0.8295164704322815
0,carabao,0.5880333781242371,0.607422411441803,0.2859032154083252,0.6058639883995056,0.7938503623008728
