class,class_name,centroid_x,centroid_y,box_width,box_height,confidence
2,indian,0.4230307638645172,0.5523697137832642,0.35000625252723694,0.25522875785827637,0.7718521356582642
2,indian,0.3841443955898285,0.3882525563240051,0.3678097128868103,0.22248658537864685,0.7569078207015991
