class,class_name,centroid_x,centroid_y,box_width,box_height,confidence
0,carabao,0.574401319026947,0.46310296654701233,0.23746925592422485,0.24975259602069855,0.820807695388794
0,carabao,0.4905248284339905,0.34371840953826904,0.20558197796344757,0.22129130363464355,0.8157281875610352
0,carabao,0.6117557287216187,0.6400462985038757,0.2290322333574295,0.1952369213104248,0.8062490224838257
0,carabao,0.7902584075927734,0.3778429925441742,0.11992740631103516,0.0938100591301918,0.5942031741142273
