class,class_name,centroid_x,centroid_y,box_width,box_height,confidence
2,indian,0.5117207765579224,0.7383441925048828,0.32757166028022766,0.30606555938720703,0.8572584986686707
2,indian,0.36581549048423767,0.22191789746284485,0.3062651455402374,0.292544424533844,0.8171349763870239
2,indian,0.6345478296279907,0.18876294791698456,0.3584659993648529,0.3056972026824951,0.7415777444839478
