class,class_name,centroid_x,centroid_y,box_width,box_height,confidence
0,carabao,0.5142585635185242,0.45846039056777954,0.21508097648620605,0.6224753260612488,0.8480685353279114
