class,class_name,centroid_x,centroid_y,box_width,box_height,confidence
0,carabao,0.5713062286376953,0.3887385129928589,0.35814622044563293,0.20619836449623108,0.8485782742500305
0,carabao,0.2670621871948242,0.5602985620498657,0.3260493278503418,0.138502836227417,0.8443459272384644
0,carabao,0.3540789783000946,0.6486740708351135,0.3852275311946869,0.13955965638160706,0.8426762819290161
0,carabao,0.7126385569572449,0.5466766357421875,0.3389453589916229,0.15741491317749023,0.8270012736320496
0,carabao,0.4646517336368561,0.525437593460083,0.2957663834095001,0.1681814193725586,0.8045297265052795
0,carabao,0.48262909054756165,0.43429994583129883,0.24316266179084778,0.11539046466350555,0.6354967355728149
