class,class_name,centroid_x,centroid_y,box_width,box_height,confidence
0,carabao,0.5998705625534058,0.41360563039779663,0.46112218499183655,0.32266131043434143,0.8625977635383606
0,carabao,0.6864705085754395,0.6148985028266907,0.47357654571533203,0.2727908492088318,0.8389912843704224
