class,class_name,centroid_x,centroid_y,box_width,box_height,confidence
0,carabao,0.2806303799152374,0.7294065952301025,0.34224238991737366,0.5140284299850464,0.851424515247345
0,carabao,0.5753140449523926,0.4584643840789795,0.48029765486717224,0.3181747496128082,0.8160588145256042
0,carabao,0.2650415897369385,0.34838181734085083,0.47418642044067383,0.32229623198509216,0.807834804058075
0,carabao,0.6679905652999878,0.7178197503089905,0.4701312482357025,0.3170250952243805,0.8011252880096436
0,carabao,0.6113607287406921,0.1635502278804779,0.5052118301391602,0.2989053726196289,0.7999022006988525
