class,class_name,centroid_x,centroid_y,box_width,box_height,confidence
2,indian,0.6213546395301819,0.647391140460968,0.21354389190673828,0.2515389025211334,0.8078755140304565
2,indian,0.5182896256446838,0.4727524518966675,0.21634674072265625,0.3039233684539795,0.807558536529541
2,indian,0.6406230926513672,0.35446739196777344,0.2245633602142334,0.2689790725708008,0.7988529801368713
2,indian,0.371990829706192,0.38069266080856323,0.2202877253293991,0.26934054493904114,0.7773928046226501
2,indian,0.7461687326431274,0.4814130663871765,0.18531861901283264,0.23783545196056366,0.7547245025634766
2,indian,0.4386754035949707,0.6262376308441162,0.19881534576416016,0.24180179834365845,0.7493618130683899
2,indian,0.5021343231201172,0.33606821298599243,0.14855089783668518,0.15740694105625153,0.34216591715812683
