class,class_name,centroid_x,centroid_y,box_width,box_height,confidence
0,carabao,0.41528019309043884,0.20938126742839813,0.27652403712272644,0.29542821645736694,0.8597346544265747
0,carabao,0.3659061789512634,0.42581847310066223,0.30869221687316895,0.3066645860671997,0.8596888184547424
0,carabao,0.6812777519226074,0.6451568603515625,0.2696712613105774,0.2917309105396271,0.8354439735412598
0,carabao,0.1696174144744873,0.3317512571811676,0.1803700476884842,0.2730858027935028,0.7897313237190247
0,carabao,0.4766121506690979,0.7862476706504822,0.17997300624847412,0.20976193249225616,0.7750278115272522
0,carabao,0.21884122490882874,0.19992397725582123,0.15722255408763885,0.20012503862380981,0.7246866822242737
0,carabao,0.5114244222640991,0.691301703453064,0.11016450077295303,0.12038400769233704,0.6744751334190369
0,carabao,0.20705942809581757,0.40872710943222046,0.11175739765167236,0.14855530858039856,0.6187763214111328
0,carabao,0.622747004032135,0.7264512181282043,0.13989725708961487,0.16839714348316193,0.584416389465332
