class,class_name,centroid_x,centroid_y,box_width,box_height,confidence
0,carabao,0.5206938982009888,0.3345770835876465,0.6394644975662231,0.5358530879020691,0.8343737721443176
