class,class_name,centroid_x,centroid_y,box_width,box_height,confidence
0,carabao,0.6072889566421509,0.4773625433444977,0.7331082224845886,0.5995098948478699,0.8350860476493835
