class,class_name,centroid_x,centroid_y,box_width,box_height,confidence
1,flower,0.4966697692871094,0.26651495695114136,0.9746151566505432,0.4371276795864105,0.28695327043533325
0,carabao,0.4695422649383545,0.5352039933204651,0.13990020751953125,0.07055654376745224,0.27655720710754395
0,carabao,0.4832281470298767,0.905892014503479,0.15017008781433105,0.08447265625,0.23082228004932404
1,flower,0.4021444618701935,0.707870602607727,0.2805330157279968,0.20584583282470703,0.2222563922405243
