class,class_name,centroid_x,centroid_y,box_width,box_height,confidence
0,carabao,0.540459156036377,0.3726250231266022,0.6727125644683838,0.4002666473388672,0.8443637490272522
0,carabao,0.45506229996681213,0.6957066655158997,0.6570214033126831,0.4019826650619507,0.8351924419403076
