class,class_name,centroid_x,centroid_y,box_width,box_height,confidence
0,carabao,0.6556603312492371,0.18672217428684235,0.38719749450683594,0.3458830714225769,0.8547738790512085
0,carabao,0.6523244976997375,0.49928733706474304,0.40170207619667053,0.2897966206073761,0.8396400809288025
0,carabao,0.3544952869415283,0.38625580072402954,0.3850935995578766,0.27585887908935547,0.8355222940444946
0,carabao,0.5218939781188965,0.6488386392593384,0.3422737121582031,0.3281436562538147,0.8283483386039734
0,carabao,0.8180665969848633,0.608620285987854,0.36020928621292114,0.23566198348999023,0.8278346061706543
0,carabao,0.3581368327140808,0.17870889604091644,0.32333439588546753,0.23381143808364868,0.8094792366027832
0,carabao,0.8040059804916382,0.3787567913532257,0.2837621569633484,0.2192399650812149,0.7753398418426514
0,carabao,0.34875139594078064,0.639230489730835,0.26441526412963867,0.26517945528030396,0.6774646639823914
