class,class_name,centroid_x,centroid_y,box_width,box_height,confidence
0,carabao,0.544658899307251,0.40402698516845703,0.5963214039802551,0.7902089357376099,0.8319851756095886
