class,class_name,centroid_x,centroid_y,box_width,box_height,confidence
0,carabao,0.23843185603618622,0.7355573773384094,0.37177062034606934,0.336921364068985,0.8801558017730713
0,carabao,0.28102222084999084,0.4390163719654083,0.505891740322113,0.276807963848114,0.8760346174240112
0,carabao,0.3386646807193756,0.19266420602798462,0.5055529475212097,0.24164879322052002,0.8659448027610779
0,carabao,0.6986786127090454,0.31037843227386475,0.5394554138183594,0.2530205249786377,0.8577241897583008
0,carabao,0.5698183178901672,0.6134012341499329,0.397168904542923,0.36493420600891113,0.8541598320007324
0,carabao,0.0530368871986866,0.6079363226890564,0.10439849644899368,0.2832769453525543,0.3256388306617737
0,carabao,0.09851503372192383,0.3066512644290924,0.19319291412830353,0.2954697608947754,0.3222423493862152
