class,class_name,centroid_x,centroid_y,box_width,box_height,confidence
0,carabao,0.48455414175987244,0.6322649121284485,0.6645961999893188,0.735470175743103,0.7976655960083008
