class,class_name,centroid_x,centroid_y,box_width,box_height,confidence
0,carabao,0.7438784837722778,0.3866109549999237,0.502687394618988,0.597318708896637,0.8694466948509216
0,carabao,0.5398126840591431,0.7759248614311218,0.39989155530929565,0.44815030694007874,0.8128514289855957
0,carabao,0.2777259647846222,0.5491183400154114,0.5435880422592163,0.800738513469696,0.7924906611442566
