class,class_name,centroid_x,centroid_y,box_width,box_height,confidence
0,carabao,0.43117910623550415,0.3366360068321228,0.4582282602787018,0.268911212682724,0.6020547151565552
0,carabao,0.31834471225738525,0.47530317306518555,0.401950865983963,0.2283022105693817,0.5762087106704712
0,carabao,0.7460187077522278,0.22857823967933655,0.33262506127357483,0.2566184401512146,0.5753194093704224
2,indian,0.7347943186759949,0.47152113914489746,0.346166729927063,0.2533349096775055,0.5248631238937378
2,indian,0.43413808941841125,0.3357354402542114,0.45981884002685547,0.2686549723148346,0.45443999767303467
