class,class_name,centroid_x,centroid_y,box_width,box_height,confidence
0,carabao,0.21562141180038452,0.21952863037586212,0.43124282360076904,0.4365934431552887,0.8421306014060974
0,carabao,0.481729656457901,0.5983780026435852,0.5476171374320984,0.659126877784729,0.8397634625434875
0,carabao,0.6231870055198669,0.10770197212696075,0.3181949257850647,0.2151908427476883,0.8376420140266418
0,carabao,0.6859884262084961,0.1086827740073204,0.19633851945400238,0.21636958420276642,0.6848140954971313
