class,class_name,centroid_x,centroid_y,box_width,box_height,confidence
0,carabao,0.3227779269218445,0.5369619131088257,0.5361624956130981,0.6141967177391052,0.79169762134552
