class,class_name,centroid_x,centroid_y,box_width,box_height,confidence
0,carabao,0.804486095905304,0.4042057991027832,0.39102792739868164,0.3219524919986725,0.8554060459136963
0,carabao,0.4520134925842285,0.32333609461784363,0.44498586654663086,0.34612518548965454,0.8535214066505432
0,carabao,0.6468361616134644,0.611629843711853,0.3502722680568695,0.3085101842880249,0.8256540298461914
0,carabao,0.7842345237731934,0.7665813565254211,0.34592151641845703,0.2820395827293396,0.8108859062194824
0,carabao,0.37665215134620667,0.6279914975166321,0.37529057264328003,0.30356913805007935,0.7902708649635315
0,carabao,0.06904596090316772,0.11707941442728043,0.13795451819896698,0.16820666193962097,0.5985810160636902
