class,class_name,centroid_x,centroid_y,box_width,box_height,confidence
0,carabao,0.6863508224487305,0.2572181522846222,0.31710338592529297,0.3370150327682495,0.8422751426696777
0,carabao,0.6846288442611694,0.48528313636779785,0.3555162847042084,0.2971467673778534,0.821022629737854
0,carabao,0.6354665756225586,0.7631430625915527,0.39104074239730835,0.31017911434173584,0.812940776348114
