class,class_name,centroid_x,centroid_y,box_width,box_height,confidence
0,carabao,0.24297456443309784,0.7822638154029846,0.3661598265171051,0.3610304296016693,0.8778374791145325
0,carabao,0.7808990478515625,0.4415716826915741,0.3678417205810547,0.31141701340675354,0.8675344586372375
0,carabao,0.18962058424949646,0.5032547116279602,0.34300345182418823,0.2756591737270355,0.8651626110076904
0,carabao,0.5342733860015869,0.6249324083328247,0.37775060534477234,0.31672024726867676,0.8450740575790405
0,carabao,0.38636523485183716,0.3222046494483948,0.3325255215167999,0.3501106798648834,0.8445910811424255
0,carabao,0.6869937181472778,0.14744028449058533,0.3127145767211914,0.26137709617614746,0.8378515839576721
0,carabao,0.777033805847168,0.6621549725532532,0.30511993169784546,0.2677358090877533,0.7978664040565491
