class,class_name,centroid_x,centroid_y,box_width,box_height,confidence
0,carabao,0.49199366569519043,0.36243191361427307,0.6179224252700806,0.4889218211174011,0.8596025109291077
0,carabao,0.6020525693893433,0.670112133026123,0.39192962646484375,0.4339733123779297,0.78983074426651
