class,class_name,centroid_x,centroid_y,box_width,box_height,confidence
1,flower,0.7632907032966614,0.3405613303184509,0.44025659561157227,0.435352623462677,0.8245377540588379
1,flower,0.4070162773132324,0.37994980812072754,0.36770200729370117,0.2943703532218933,0.7278804183006287
1,flower,0.5809500813484192,0.6303904056549072,0.24371597170829773,0.1922445297241211,0.713016927242279
1,flower,0.41978174448013306,0.7511385679244995,0.2796876132488251,0.2182665318250656,0.5108312964439392
1,flower,0.20983155071735382,0.6990483403205872,0.31003081798553467,0.2288370132446289,0.5082751512527466
1,flower,0.6988661885261536,0.24644485116004944,0.3098098039627075,0.24996760487556458,0.4540588855743408
1,flower,0.36385101079940796,0.6870020627975464,0.6211835145950317,0.42680293321609497,0.38931798934936523
1,flower,0.40665528178215027,0.4451090693473816,0.3646903336048126,0.3608466386795044,0.38143712282180786
1,flower,0.4664543867111206,0.773882269859314,0.3946697413921356,0.265943706035614,0.24554972350597382
