class,class_name,centroid_x,centroid_y,box_width,box_height,confidence
0,carabao,0.42690253257751465,0.37125715613365173,0.698822021484375,0.4100583493709564,0.8219547271728516
0,carabao,0.5257934331893921,0.6983734965324402,0.6332941055297852,0.415310800075531,0.8163800835609436
