class,class_name,centroid_x,centroid_y,box_width,box_height,confidence
0,carabao,0.6087720394134521,0.575785756111145,0.4528411030769348,0.32467418909072876,0.8481184244155884
0,carabao,0.6896076202392578,0.3761315941810608,0.4669656753540039,0.2814171612262726,0.8411476016044617
