class,class_name,centroid_x,centroid_y,box_width,box_height,confidence
0,carabao,0.24339497089385986,0.5038903951644897,0.4867899417877197,0.2326219081878662,0.872103214263916
0,carabao,0.7238245010375977,0.30806219577789307,0.5400026440620422,0.30786195397377014,0.8596125245094299
0,carabao,0.42830610275268555,0.7484887838363647,0.5892201662063599,0.34580278396606445,0.8481929302215576
0,carabao,0.6453181505203247,0.6192340850830078,0.436501681804657,0.21367144584655762,0.8012456297874451
0,carabao,0.696905255317688,0.49195918440818787,0.4578452706336975,0.19891472160816193,0.6413707137107849
