class,class_name,centroid_x,centroid_y,box_width,box_height,confidence
1,flower,0.3857709765434265,0.42875123023986816,0.19311125576496124,0.24142694473266602,0.45897218585014343
1,flower,0.6187349557876587,0.34001368284225464,0.3479587435722351,0.24358448386192322,0.3642047941684723
1,flower,0.5251455307006836,0.5856523513793945,0.22356808185577393,0.13075804710388184,0.29128947854042053
