class,class_name,centroid_x,centroid_y,box_width,box_height,confidence
0,carabao,0.47361284494400024,0.46522635221481323,0.5351861715316772,0.8000202178955078,0.867904007434845
