class,class_name,centroid_x,centroid_y,box_width,box_height,confidence
0,carabao,0.46638384461402893,0.5157103538513184,0.8614721298217773,0.5416202545166016,0.8031374216079712
