class,class_name,centroid_x,centroid_y,box_width,box_height,confidence
0,carabao,0.7619784474372864,0.2939649522304535,0.47604307532310486,0.27711230516433716,0.8761780261993408
0,carabao,0.2835930585861206,0.7212159633636475,0.5671861171722412,0.24951601028442383,0.8686169981956482
0,carabao,0.7225334644317627,0.5342620015144348,0.5390874147415161,0.25803327560424805,0.8608641624450684
0,carabao,0.7464656829833984,0.7384465336799622,0.4999726712703705,0.24279269576072693,0.8589355945587158
0,carabao,0.2798478305339813,0.226863294839859,0.5533714294433594,0.2257554978132248,0.8510258793830872
0,carabao,0.2608393728733063,0.5109372735023499,0.5198615193367004,0.2523397207260132,0.8492656350135803
0,carabao,0.3572254180908203,0.40236353874206543,0.4996502101421356,0.2865130603313446,0.8416979908943176
