class,class_name,centroid_x,centroid_y,box_width,box_height,confidence
2,indian,0.619491457939148,0.3535991609096527,0.20262527465820312,0.24160827696323395,0.8110354542732239
2,indian,0.6423379182815552,0.6510038375854492,0.20459580421447754,0.24475419521331787,0.8048627376556396
2,indian,0.5171395540237427,0.5158987641334534,0.20010705292224884,0.28491920232772827,0.7872306108474731
2,indian,0.36466091871261597,0.6283309459686279,0.1961384117603302,0.22717252373695374,0.7762461304664612
2,indian,0.4443454146385193,0.3789871335029602,0.17520669102668762,0.23542247712612152,0.767362117767334
2,indian,0.7451308965682983,0.5171186923980713,0.16694550216197968,0.22495423257350922,0.7623451948165894
2,indian,0.49798059463500977,0.6421160697937012,0.12390856444835663,0.15226033329963684,0.4471602439880371
