class,class_name,centroid_x,centroid_y,box_width,box_height,confidence
2,indian,0.4278404414653778,0.662463366985321,0.4924810528755188,0.26474785804748535,0.5179641842842102
2,indian,0.3158431053161621,0.5179001092910767,0.4017655551433563,0.2198304682970047,0.5109440088272095
2,indian,0.7356005311012268,0.5269583463668823,0.34435856342315674,0.24973273277282715,0.5014706254005432
2,indian,0.738881528377533,0.7702440023422241,0.3426707684993744,0.2570364475250244,0.4943369925022125
0,carabao,0.4280511736869812,0.6616808176040649,0.49295729398727417,0.2653982639312744,0.45813632011413574
