class,class_name,centroid_x,centroid_y,box_width,box_height,confidence
0,carabao,0.6517285108566284,0.28698018193244934,0.42218366265296936,0.4392687976360321,0.8513287901878357
0,carabao,0.39199042320251465,0.5296405553817749,0.32647839188575745,0.2733196020126343,0.8242418169975281
0,carabao,0.5462940335273743,0.7560991644859314,0.3142656087875366,0.302595317363739,0.8063894510269165
0,carabao,0.8839918375015259,0.5340081453323364,0.22459082305431366,0.2364853471517563,0.8021863102912903
0,carabao,0.6951596140861511,0.5659873485565186,0.3806140422821045,0.3113451302051544,0.80009925365448
0,carabao,0.41189098358154297,0.20937055349349976,0.3096429705619812,0.2665584683418274,0.7974357604980469
0,carabao,0.8191934823989868,0.34934043884277344,0.1998210847377777,0.21477507054805756,0.7078637480735779
