class,class_name,centroid_x,centroid_y,box_width,box_height,confidence
0,carabao,0.6333109736442566,0.26947444677352905,0.3300611972808838,0.3281060457229614,0.8845067620277405
0,carabao,0.5003989934921265,0.5675617456436157,0.3608398139476776,0.3569261133670807,0.8464446067810059
0,carabao,0.3732592761516571,0.7809921503067017,0.3119320869445801,0.3673272728919983,0.8411785960197449
0,carabao,0.29407697916030884,0.4580894112586975,0.3376941978931427,0.3242607116699219,0.8321071863174438
0,carabao,0.6617504358291626,0.8025561571121216,0.3142413794994354,0.28518033027648926,0.8279049396514893
