class,class_name,centroid_x,centroid_y,box_width,box_height,confidence
0,carabao,0.2876296937465668,0.3866008222103119,0.5722103118896484,0.5807555913925171,0.8665960431098938
0,carabao,0.7491183280944824,0.6495676040649414,0.4783558249473572,0.514518678188324,0.8204734921455383
0,carabao,0.5122371912002563,0.5693567991256714,0.5169870257377625,0.5273392796516418,0.7713102102279663
