class,class_name,centroid_x,centroid_y,box_width,box_height,confidence
0,carabao,0.5475981831550598,0.4783991873264313,0.829811692237854,0.5233985781669617,0.8412671685218811
