class,class_name,centroid_x,centroid_y,box_width,box_height,confidence
0,carabao,0.8144038915634155,0.8913091421127319,0.3711921274662018,0.20489755272865295,0.8763617277145386
0,carabao,0.6778294444084167,0.6614669561386108,0.4612669348716736,0.21133017539978027,0.859819769859314
0,carabao,0.6530477404594421,0.3783901631832123,0.3943326473236084,0.20556385815143585,0.8573910593986511
0,carabao,0.6486412882804871,0.2583516538143158,0.3569200038909912,0.14634014666080475,0.8256790637969971
0,carabao,0.5489867925643921,0.7467678189277649,0.39781543612480164,0.2052442580461502,0.8159065842628479
0,carabao,0.4158926010131836,0.3049708306789398,0.27847978472709656,0.2186884582042694,0.7848224639892578
0,carabao,0.5378575921058655,0.5698724389076233,0.4469047486782074,0.23017224669456482,0.7763839960098267
0,carabao,0.739261269569397,0.46551451086997986,0.2612597346305847,0.13973744213581085,0.6944761276245117
0,carabao,0.9474719166755676,0.13199593126773834,0.10370711982250214,0.2639918625354767,0.5555969476699829
