class,class_name,centroid_x,centroid_y,box_width,box_height,confidence
0,carabao,0.4547271728515625,0.4415122866630554,0.18689146637916565,0.46934863924980164,0.8493199348449707
0,carabao,0.3398195207118988,0.43341848254203796,0.15191161632537842,0.4494268596172333,0.823303759098053
