class,class_name,centroid_x,centroid_y,box_width,box_height,confidence
0,carabao,0.6045629382133484,0.46288415789604187,0.33468690514564514,0.26489225029945374,0.8542835116386414
0,carabao,0.456674724817276,0.2414674162864685,0.2927160859107971,0.2743157744407654,0.8533115386962891
0,carabao,0.30843400955200195,0.4327135682106018,0.37706223130226135,0.27820825576782227,0.8452950119972229
0,carabao,0.3499734401702881,0.7036056518554688,0.4149147868156433,0.43389222025871277,0.8422700762748718
0,carabao,0.5878424048423767,0.786220371723175,0.29575204849243164,0.2594735324382782,0.8292341232299805
0,carabao,0.11126498878002167,0.4613223075866699,0.2141411304473877,0.22799955308437347,0.7849787473678589
0,carabao,0.19309057295322418,0.6473363041877747,0.22025449573993683,0.2145240157842636,0.7179816365242004
