class,class_name,centroid_x,centroid_y,box_width,box_height,confidence
0,carabao,0.43703651428222656,0.4488934576511383,0.2255268096923828,0.45321571826934814,0.8083631992340088
0,carabao,0.6067522764205933,0.542517364025116,0.2532292902469635,0.40869036316871643,0.7904422879219055
0,carabao,0.5211440920829773,0.17543546855449677,0.3220306634902954,0.35087093710899353,0.7759910225868225
