class,class_name,centroid_x,centroid_y,box_width,box_height,confidence
2,indian,0.5525945425033569,0.41506385803222656,0.25102686882019043,0.3248152732849121,0.8134003281593323
2,indian,0.3927161693572998,0.3777605891227722,0.2203580141067505,0.3329249620437622,0.7919415235519409
