class,class_name,centroid_x,centroid_y,box_width,box_height,confidence
2,indian,0.4933168888092041,0.5301845669746399,0.544325053691864,0.8167842626571655,0.8514326214790344
2,indian,0.1684112846851349,0.3242688775062561,0.3368225693702698,0.6269543766975403,0.7582666873931885
2,indian,0.8096276521682739,0.20833508670330048,0.38074469566345215,0.41667017340660095,0.7406497597694397
2,indian,0.1441633254289627,0.855932354927063,0.2881661355495453,0.288135290145874,0.4886075556278229
2,indian,0.7786790132522583,0.8734592795372009,0.40825843811035156,0.2530815005302429,0.43621471524238586
2,indian,0.3588631749153137,0.7884091138839722,0.32020220160484314,0.41541650891304016,0.30366969108581543
