class,class_name,centroid_x,centroid_y,box_width,box_height,confidence
1,flower,0.32121920585632324,0.882270872592926,0.22812435030937195,0.1876991242170334,0.5432413220405579
1,flower,0.24694624543190002,0.4727207124233246,0.16083650290966034,0.2031518667936325,0.4800267815589905
1,flower,0.5151233673095703,0.8224433064460754,0.19554352760314941,0.263836532831192,0.46427303552627563
1,flower,0.4392212927341461,0.48491621017456055,0.15752530097961426,0.2685340344905853,0.43901458382606506
1,flower,0.21765878796577454,0.6923157572746277,0.1515120565891266,0.1997319608926773,0.356915682554245
1,flower,0.9308087229728699,0.7307941317558289,0.1374458372592926,0.2409527450799942,0.303667813539505
1,flower,0.7908661365509033,0.7434313297271729,0.4051426947116852,0.3551275134086609,0.24333250522613525
1,flower,0.925716757774353,0.7710091471672058,0.11339235305786133,0.15734495222568512,0.24307850003242493
