class,class_name,centroid_x,centroid_y,box_width,box_height,confidence
2,indian,0.49948233366012573,0.5317479372024536,0.5636616945266724,0.8219252824783325,0.8676964640617371
2,indian,0.8244751691818237,0.2934170961380005,0.35104966163635254,0.586834192276001,0.7492274641990662
2,indian,0.1930113136768341,0.21419888734817505,0.3838990330696106,0.4283977746963501,0.7418650388717651
2,indian,0.8573061227798462,0.8538438677787781,0.28514108061790466,0.29071640968322754,0.6763880848884583
2,indian,0.8797440528869629,0.4192273020744324,0.239620640873909,0.6790373921394348,0.4269469678401947
2,indian,0.2270398586988449,0.8751171231269836,0.443324476480484,0.2497658133506775,0.4185224175453186
2,indian,0.20881089568138123,0.5998409986495972,0.32989412546157837,0.6072892546653748,0.2775746285915375
2,indian,0.649929404258728,0.7895098924636841,0.31172147393226624,0.40724998712539673,0.26489028334617615
