class,class_name,centroid_x,centroid_y,box_width,box_height,confidence
0,carabao,0.29007288813591003,0.6499439477920532,0.44117531180381775,0.4224889874458313,0.8518441915512085
0,carabao,0.5435100793838501,0.3936787545681,0.29880788922309875,0.32054659724235535,0.8357254266738892
0,carabao,0.21289324760437012,0.413055956363678,0.2757105827331543,0.28712689876556396,0.8299165964126587
0,carabao,0.765216052532196,0.5493710041046143,0.31030941009521484,0.3118455111980438,0.824581503868103
0,carabao,0.5757001638412476,0.6940032243728638,0.30032095313072205,0.3614463806152344,0.8193601965904236
0,carabao,0.5373143553733826,0.8815315365791321,0.2263493537902832,0.21852955222129822,0.8027194738388062
0,carabao,0.354235976934433,0.8091527223587036,0.2232726365327835,0.19394183158874512,0.725552499294281
