class,class_name,centroid_x,centroid_y,box_width,box_height,confidence
2,indian,0.5131147503852844,0.34636980295181274,0.2468445748090744,0.13949163258075714,0.7423630952835083
2,indian,0.34598782658576965,0.39164596796035767,0.23297500610351562,0.13783645629882812,0.7115775346755981
2,indian,0.3082171380519867,0.7307027578353882,0.3121209442615509,0.19338250160217285,0.7060694694519043
2,indian,0.3498938977718353,0.5646869540214539,0.28591951727867126,0.13887310028076172,0.7048421502113342
1,flower,0.8395916223526001,0.462228000164032,0.3174225389957428,0.2732870578765869,0.6861506700515747
2,indian,0.351878821849823,0.17898154258728027,0.17654012143611908,0.1363009810447693,0.6581342220306396
