class,class_name,centroid_x,centroid_y,box_width,box_height,confidence
2,indian,0.6564637422561646,0.23994961380958557,0.12222418934106827,0.0939946174621582,0.8364064693450928
2,indian,0.5710055232048035,0.1888355016708374,0.08921370655298233,0.09141761064529419,0.8286460041999817
2,indian,0.6733988523483276,0.7576593160629272,0.0960390567779541,0.07424473762512207,0.8152774572372437
2,indian,0.5701630115509033,0.2775617241859436,0.08277034759521484,0.08844826370477676,0.7985963821411133
2,indian,0.6846537590026855,0.18601593375205994,0.11037254333496094,0.0809524804353714,0.7873013615608215
0,carabao,0.16556569933891296,0.6397663950920105,0.0717814564704895,0.10621428489685059,0.7546110153198242
2,indian,0.6810271739959717,0.8249064683914185,0.07511758804321289,0.0565030574798584,0.7366443276405334
2,indian,0.8792024850845337,0.5395963191986084,0.039793968200683594,0.07517900317907333,0.2668425738811493
0,carabao,0.20221400260925293,0.6978161334991455,0.04601985216140747,0.06199169158935547,0.23064757883548737
