class,class_name,centroid_x,centroid_y,box_width,box_height,confidence
0,carabao,0.5703890323638916,0.5478597283363342,0.5906279683113098,0.41032201051712036,0.8287175297737122
