class,class_name,centroid_x,centroid_y,box_width,box_height,confidence
0,carabao,0.3534305691719055,0.25629088282585144,0.49753132462501526,0.3526318371295929,0.863601803779602
0,carabao,0.5538305044174194,0.5132919549942017,0.5449034571647644,0.38462528586387634,0.8601880669593811
