class,class_name,centroid_x,centroid_y,box_width,box_height,confidence
2,indian,0.4470273554325104,0.30309420824050903,0.3425082564353943,0.41043519973754883,0.7420851588249207
2,indian,0.2819736897945404,0.4925955832004547,0.36972281336784363,0.41507238149642944,0.6024876832962036
2,indian,0.3189542591571808,0.6734775304794312,0.38063961267471313,0.3612368106842041,0.5687652826309204
