class,class_name,centroid_x,centroid_y,box_width,box_height,confidence
2,indian,0.34542447328567505,0.424207866191864,0.12054188549518585,0.23891842365264893,0.7961724400520325
2,indian,0.690798819065094,0.3505993187427521,0.1401047706604004,0.2547685205936432,0.7794710993766785
2,indian,0.1351907104253769,0.6444549560546875,0.09713283181190491,0.1856754869222641,0.7596362233161926
2,indian,0.04152814671397209,0.8415172100067139,0.08211138099431992,0.30463746190071106,0.23866437375545502
