class,class_name,centroid_x,centroid_y,box_width,box_height,confidence
0,carabao,0.48039302229881287,0.3351794183254242,0.575473427772522,0.6179890632629395,0.8286917805671692
0,carabao,0.7091657519340515,0.6340371370315552,0.5019036531448364,0.5759831666946411,0.8145968317985535
