class,class_name,centroid_x,centroid_y,box_width,box_height,confidence
0,carabao,0.24444153904914856,0.6939955949783325,0.4888830780982971,0.27844175696372986,0.8896880745887756
0,carabao,0.2576149106025696,0.25315478444099426,0.5029186010360718,0.2343125343322754,0.8749816417694092
0,carabao,0.7244740128517151,0.2640695571899414,0.5510519742965698,0.23841679096221924,0.8643333911895752
0,carabao,0.2686813771724701,0.4528350830078125,0.5158761739730835,0.25177764892578125,0.8614683151245117
0,carabao,0.6436907649040222,0.5960203409194946,0.4972991347312927,0.29241275787353516,0.8560013771057129
0,carabao,0.7440477609634399,0.48299145698547363,0.5119045376777649,0.2532930374145508,0.8541001677513123
0,carabao,0.7165754437446594,0.7531003952026367,0.5454127192497253,0.22965750098228455,0.8328245878219604
