class,class_name,centroid_x,centroid_y,box_width,box_height,confidence
0,carabao,0.6445051431655884,0.23031985759735107,0.37100911140441895,0.2991759181022644,0.8523656129837036
0,carabao,0.6805505752563477,0.4900217056274414,0.35089245438575745,0.30631622672080994,0.832324743270874
0,carabao,0.6949158906936646,0.7368472814559937,0.332406610250473,0.34145352244377136,0.8292409181594849
