class,class_name,centroid_x,centroid_y,box_width,box_height,confidence
2,indian,0.18062496185302734,0.6194108724594116,0.3612499237060547,0.4038982391357422,0.8243979811668396
2,indian,0.7259884476661682,0.1856694519519806,0.5464569926261902,0.3697469234466553,0.824076771736145
2,indian,0.6271864175796509,0.6112878322601318,0.5159058570861816,0.5261847376823425,0.8220040202140808
2,indian,0.41527867317199707,0.8535664677619934,0.4352368414402008,0.29286709427833557,0.8059489727020264
2,indian,0.3573331832885742,0.2787612974643707,0.4410964846611023,0.4448128640651703,0.7979266047477722
2,indian,0.13153570890426636,0.21288523077964783,0.2630714178085327,0.3606037497520447,0.7554528117179871
2,indian,0.6848767399787903,0.9503473043441772,0.43319186568260193,0.09930524975061417,0.6522160768508911
2,indian,0.15510067343711853,0.865405261516571,0.24561373889446259,0.2678709924221039,0.37317007780075073
2,indian,0.8367902636528015,0.9217025637626648,0.3264193534851074,0.15659484267234802,0.32578301429748535
