class,class_name,centroid_x,centroid_y,box_width,box_height,confidence
0,carabao,0.6475102305412292,0.5253344178199768,0.4391711354255676,0.5660485029220581,0.8379978537559509
0,carabao,0.3192735016345978,0.3533537983894348,0.46522849798202515,0.6278129816055298,0.8257367014884949
0,carabao,0.9363918304443359,0.057471297681331635,0.1272163987159729,0.11494259536266327,0.7278260588645935
0,carabao,0.9003464579582214,0.43682384490966797,0.14059321582317352,0.16949458420276642,0.3308788537979126
0,carabao,0.07212306559085846,0.6746607422828674,0.14337413012981415,0.3171355128288269,0.2782629728317261
