class,class_name,centroid_x,centroid_y,box_width,box_height,confidence
0,carabao,0.5148413777351379,0.37953776121139526,0.6411486268043518,0.7181886434555054,0.8272936344146729
