class,class_name,centroid_x,centroid_y,box_width,box_height,confidence
0,carabao,0.5740703344345093,0.285722553730011,0.391347736120224,0.40365004539489746,0.8676580190658569
0,carabao,0.4000283479690552,0.5147461891174316,0.2883114218711853,0.31957507133483887,0.838371217250824
