class,class_name,centroid_x,centroid_y,box_width,box_height,confidence
0,carabao,0.6367133855819702,0.4195212423801422,0.48090502619743347,0.48110562562942505,0.6468286514282227
