class,class_name,centroid_x,centroid_y,box_width,box_height,confidence
0,carabao,0.7059208750724792,0.4472079277038574,0.32846659421920776,0.16217318177223206,0.850106954574585
0,carabao,0.3587318956851959,0.34379762411117554,0.3889666199684143,0.1434483826160431,0.8270835280418396
0,carabao,0.26869910955429077,0.4332147538661957,0.3327884078025818,0.13777652382850647,0.8077689409255981
0,carabao,0.5670674443244934,0.6043081283569336,0.38000112771987915,0.21115708351135254,0.8000292181968689
0,carabao,0.4633365273475647,0.46632224321365356,0.3016977608203888,0.16542720794677734,0.7842617630958557
0,carabao,0.4833049476146698,0.5567327737808228,0.24974992871284485,0.10920429229736328,0.5695849657058716
