class,class_name,centroid_x,centroid_y,box_width,box_height,confidence
0,carabao,0.8074793219566345,0.6545645594596863,0.351536363363266,0.3703707158565521,0.8636343479156494
0,carabao,0.34775951504707336,0.5222889184951782,0.33885717391967773,0.32038047909736633,0.8530086874961853
0,carabao,0.8168337941169739,0.3477211594581604,0.248992919921875,0.3032112717628479,0.8509542346000671
0,carabao,0.606124758720398,0.34325844049453735,0.2787758409976959,0.3465975821018219,0.8503811955451965
0,carabao,0.4950796365737915,0.6562609076499939,0.2929864823818207,0.38069963455200195,0.8370594382286072
0,carabao,0.3865191638469696,0.8192459344863892,0.23197796940803528,0.3404836654663086,0.8274856805801392
0,carabao,0.6433836817741394,0.8039901852607727,0.2750302851200104,0.24624237418174744,0.7347469925880432
0,carabao,0.3492479920387268,0.3627520203590393,0.275404155254364,0.2496025562286377,0.6782673597335815
