class,class_name,centroid_x,centroid_y,box_width,box_height,confidence
0,carabao,0.39361926913261414,0.29130131006240845,0.599000871181488,0.5826026201248169,0.8403035402297974
0,carabao,0.6552117466926575,0.7536156177520752,0.5452395081520081,0.47154855728149414,0.7868445515632629
0,carabao,0.5791193842887878,0.5209324359893799,0.5268473029136658,0.47415703535079956,0.7805871367454529
