class,class_name,centroid_x,centroid_y,box_width,box_height,confidence
0,carabao,0.6512259244918823,0.14022254943847656,0.07912588119506836,0.11955118179321289,0.8273976445198059
0,carabao,0.26487988233566284,0.2412426918745041,0.21402199566364288,0.13044460117816925,0.8197181820869446
0,carabao,0.09581726789474487,0.20963504910469055,0.19109725952148438,0.11845092475414276,0.8166341185569763
0,carabao,0.10211783647537231,0.08150454610586166,0.16663482785224915,0.10151831805706024,0.7947060465812683
0,carabao,0.7119366526603699,0.6648939847946167,0.3036689758300781,0.16600894927978516,0.794685959815979
0,carabao,0.17010828852653503,0.13742950558662415,0.15774980187416077,0.10785627365112305,0.7776110172271729
0,carabao,0.3006497025489807,0.12432591617107391,0.17200613021850586,0.10318084806203842,0.7605723738670349
0,carabao,0.4468037486076355,0.3166291117668152,0.06428293883800507,0.058112144470214844,0.4103890359401703
1,flower,0.13468274474143982,0.5748348236083984,0.022646546363830566,0.023452281951904297,0.24490603804588318
