class,class_name,centroid_x,centroid_y,box_width,box_height,confidence
0,carabao,0.42443662881851196,0.28372707962989807,0.38831737637519836,0.40297165513038635,0.8745151162147522
0,carabao,0.6029772162437439,0.5143547058105469,0.29477593302726746,0.31510135531425476,0.8451409339904785
