class,class_name,centroid_x,centroid_y,box_width,box_height,confidence
1,flower,0.274997740983963,0.285564661026001,0.20141072571277618,0.38354915380477905,0.8042978644371033
1,flower,0.45168399810791016,0.23389902710914612,0.19792616367340088,0.3553291857242584,0.7866900563240051
1,flower,0.06771287322044373,0.2252635955810547,0.13542574644088745,0.3439159393310547,0.7784310579299927
1,flower,0.43123340606689453,0.7185116410255432,0.22266153991222382,0.36611905694007874,0.7241925597190857
1,flower,0.7673224210739136,0.6587222218513489,0.23580312728881836,0.4030497372150421,0.7080217599868774
1,flower,0.8362966775894165,0.3750017285346985,0.19485831260681152,0.2930390536785126,0.6803171038627625
1,flower,0.563815712928772,0.47275808453559875,0.26448774337768555,0.46598511934280396,0.6266583800315857
1,flower,0.15347182750701904,0.7231739163398743,0.28742560744285583,0.4043773412704468,0.5842690467834473
1,flower,0.14834584295749664,0.46789416670799255,0.2189820110797882,0.30637550354003906,0.5176429152488708
