class,class_name,centroid_x,centroid_y,box_width,box_height,confidence
0,carabao,0.4273339807987213,0.709000825881958,0.5427206158638,0.3547461926937103,0.8332914710044861
0,carabao,0.3248879313468933,0.44964104890823364,0.5148776769638062,0.29505687952041626,0.8268451690673828
0,carabao,0.38684016466140747,0.22888457775115967,0.4242568612098694,0.2547302544116974,0.8141492009162903
0,carabao,0.6368252635002136,0.31140249967575073,0.3325996398925781,0.2309037744998932,0.7802417874336243
