class,class_name,centroid_x,centroid_y,box_width,box_height,confidence
0,carabao,0.5189657211303711,0.5662734508514404,0.3934345543384552,0.5182231068611145,0.9053397178649902
0,carabao,0.2676427364349365,0.3578023910522461,0.34893977642059326,0.482203871011734,0.872460663318634
