class,class_name,centroid_x,centroid_y,box_width,box_height,confidence
0,carabao,0.4235641658306122,0.7110254168510437,0.38539376854896545,0.394092321395874,0.8635003566741943
0,carabao,0.6009401679039001,0.48543864488601685,0.2972460389137268,0.3109133541584015,0.8401669263839722
