class,class_name,centroid_x,centroid_y,box_width,box_height,confidence
0,carabao,0.7094880938529968,0.5460476875305176,0.43025362491607666,0.6685531735420227,0.801939070224762
0,carabao,0.3622896075248718,0.46514397859573364,0.38959935307502747,0.6689886450767517,0.8002336025238037
