class,class_name,centroid_x,centroid_y,box_width,box_height,confidence
2,indian,0.18823078274726868,0.7320441603660583,0.37646156549453735,0.5359116792678833,0.8278250694274902
2,indian,0.6019646525382996,0.626876711845398,0.5313953161239624,0.524857223033905,0.7868277430534363
2,indian,0.6298383474349976,0.1774998903274536,0.4455149173736572,0.3547096252441406,0.7767264246940613
2,indian,0.21615135669708252,0.1275000274181366,0.3821876049041748,0.2550000548362732,0.7564560770988464
2,indian,0.2623012959957123,0.36659517884254456,0.4207134246826172,0.4547367990016937,0.7483658790588379
2,indian,0.8499336242675781,0.3778456151485443,0.3001326620578766,0.37412673234939575,0.7130972743034363
0,carabao,0.9223955273628235,0.8431578874588013,0.1550188958644867,0.3097091317176819,0.5744690895080566
2,indian,0.9502637982368469,0.6935080289840698,0.09825067222118378,0.4718031883239746,0.5679606199264526
2,indian,0.8686836361885071,0.15138787031173706,0.2626327574253082,0.24249117076396942,0.25764718651771545
