class,class_name,centroid_x,centroid_y,box_width,box_height,confidence
1,flower,0.1862201690673828,0.5148299336433411,0.3680765628814697,0.5890043377876282,0.4508720636367798
1,flower,0.6433290243148804,0.5096693634986877,0.12678098678588867,0.26758262515068054,0.349606990814209
1,flower,0.5045175552368164,0.4908963143825531,0.1690153181552887,0.2727949917316437,0.3179370164871216
1,flower,0.49152907729148865,0.2413473129272461,0.3258804678916931,0.477143794298172,0.251327782869339
1,flower,0.6891913414001465,0.19950582087039948,0.14936932921409607,0.18129976093769073,0.23594708740711212
1,flower,0.2643750011920929,0.45935046672821045,0.1625019907951355,0.14228317141532898,0.20685815811157227
