class,class_name,centroid_x,centroid_y,box_width,box_height,confidence
2,indian,0.559527575969696,0.660422682762146,0.13590645790100098,0.23182347416877747,0.7452354431152344
2,indian,0.7249184846878052,0.6963860392570496,0.166004940867424,0.2417980134487152,0.7255184054374695
2,indian,0.18501129746437073,0.6485669612884521,0.14178171753883362,0.1786259263753891,0.7124124765396118
2,indian,0.3499106764793396,0.4899253249168396,0.1347859799861908,0.2387547492980957,0.7077316641807556
2,indian,0.39912882447242737,0.6546889543533325,0.16167192161083221,0.21766917407512665,0.6756176352500916
1,flower,0.4060781002044678,0.1691794991493225,0.15906259417533875,0.24303627014160156,0.3497619926929474
1,flower,0.49711817502975464,0.14256130158901215,0.37193769216537476,0.2851226031780243,0.32126370072364807
1,flower,0.5178329944610596,0.01888081803917885,0.060170840471982956,0.0377616360783577,0.2270650416612625
