class,class_name,centroid_x,centroid_y,box_width,box_height,confidence
0,carabao,0.43648043274879456,0.7122937440872192,0.714380145072937,0.5226860046386719,0.8491809964179993
0,carabao,0.6121278405189514,0.24712155759334564,0.5977581739425659,0.48007386922836304,0.8467037081718445
0,carabao,0.23831398785114288,0.45829835534095764,0.4756656289100647,0.3950861692428589,0.760701060295105
