class,class_name,centroid_x,centroid_y,box_width,box_height,confidence
0,carabao,0.5708168745040894,0.32739830017089844,0.48192739486694336,0.36155956983566284,0.758412778377533
