class,class_name,centroid_x,centroid_y,box_width,box_height,confidence
0,carabao,0.5601131916046143,0.4804854094982147,0.5304255485534668,0.375153124332428,0.9007802605628967
0,carabao,0.35897397994995117,0.7355865240097046,0.5113450884819031,0.35738033056259155,0.8633577227592468
