class,class_name,centroid_x,centroid_y,box_width,box_height,confidence
2,indian,0.575944721698761,0.6641846895217896,0.4833366572856903,0.2675740718841553,0.5502372980117798
2,indian,0.6875077486038208,0.5171608924865723,0.40801554918289185,0.2156202793121338,0.502685010433197
2,indian,0.262615829706192,0.5276967287063599,0.355566143989563,0.250227689743042,0.49780893325805664
2,indian,0.262557715177536,0.7723839282989502,0.3536764681339264,0.2638615667819977,0.47163739800453186
