class,class_name,centroid_x,centroid_y,box_width,box_height,confidence
1,flower,0.5647395849227905,0.3304780125617981,0.5522124171257019,0.22059845924377441,0.7254489064216614
1,flower,0.31779688596725464,0.5077054500579834,0.15983796119689941,0.3357619643211365,0.6214457154273987
1,flower,0.43880215287208557,0.635377049446106,0.3378421664237976,0.4556315839290619,0.45899444818496704
1,flower,0.18347983062267303,0.2784682810306549,0.1692904531955719,0.16270330548286438,0.4331328272819519
1,flower,0.09894278645515442,0.4498881995677948,0.19788557291030884,0.4333464503288269,0.374236136674881
