class,class_name,centroid_x,centroid_y,box_width,box_height,confidence
0,carabao,0.19852709770202637,0.5845298767089844,0.39705419540405273,0.33035561442375183,0.8695749044418335
0,carabao,0.6269804239273071,0.35944032669067383,0.3658573031425476,0.31195035576820374,0.8447378277778625
0,carabao,0.2086620330810547,0.22552187740802765,0.3483751714229584,0.28572380542755127,0.834671139717102
0,carabao,0.5526351928710938,0.6733187437057495,0.4578700065612793,0.39101263880729675,0.816917896270752
0,carabao,0.355116605758667,0.3744595944881439,0.33275336027145386,0.2945325970649719,0.8112637400627136
0,carabao,0.9324541091918945,0.8766193389892578,0.13427114486694336,0.16765277087688446,0.6442298889160156
0,carabao,0.9455177187919617,0.9671360850334167,0.10770769417285919,0.06572786718606949,0.3742040693759918
0,carabao,0.8593818545341492,0.9747374653816223,0.12036032974720001,0.05052502825856209,0.35508131980895996
