class,class_name,centroid_x,centroid_y,box_width,box_height,confidence
0,carabao,0.6855350732803345,0.7334569692611694,0.3101234436035156,0.5325161814689636,0.866714596748352
0,carabao,0.24755191802978516,0.4181094765663147,0.3571602702140808,0.6054855585098267,0.8422870635986328
0,carabao,0.49100154638290405,0.23955030739307404,0.2326212227344513,0.47849607467651367,0.8103450536727905
0,carabao,0.37876346707344055,0.6345776319503784,0.21746496856212616,0.43276819586753845,0.7987353801727295
0,carabao,0.4953293800354004,0.7375003099441528,0.1794079840183258,0.4314601421356201,0.6501201391220093
0,carabao,0.034100715070962906,0.421281635761261,0.06820143014192581,0.3252408802509308,0.31257256865501404
1,flower,0.2945976257324219,0.061385225504636765,0.21586275100708008,0.12277045100927353,0.2813422381877899
