class,class_name,centroid_x,centroid_y,box_width,box_height,confidence
0,carabao,0.11438886821269989,0.6204321980476379,0.22877773642539978,0.3164510428905487,0.8743787407875061
0,carabao,0.6203725934028625,0.4855671525001526,0.6532882452011108,0.5020745396614075,0.8474072217941284
0,carabao,0.1956503689289093,0.24397654831409454,0.3913007378578186,0.3976852595806122,0.7540289163589478
0,carabao,0.2138279229402542,0.13170656561851501,0.41550183296203613,0.2632178068161011,0.3624739944934845
