class,class_name,centroid_x,centroid_y,box_width,box_height,confidence
0,carabao,0.44097405672073364,0.5913511514663696,0.5612194538116455,0.8172977566719055,0.8174406886100769
