class,class_name,centroid_x,centroid_y,box_width,box_height,confidence
0,carabao,0.6646552681922913,0.4252132475376129,0.3661433160305023,0.32931646704673767,0.887689471244812
0,carabao,0.5474019050598145,0.6865174770355225,0.22250080108642578,0.18973936140537262,0.8622844219207764
0,carabao,0.4685975909233093,0.23423677682876587,0.27422744035720825,0.24871566891670227,0.8545078635215759
0,carabao,0.4396335482597351,0.5348561406135559,0.27333325147628784,0.21055030822753906,0.8461363315582275
0,carabao,0.7049458026885986,0.5783241391181946,0.27731943130493164,0.19577693939208984,0.8100661039352417
0,carabao,0.8706879615783691,0.49059873819351196,0.2260768860578537,0.18468093872070312,0.8073928356170654
0,carabao,0.7853859663009644,0.3269670903682709,0.30893635749816895,0.23961491882801056,0.7786747217178345
