class,class_name,centroid_x,centroid_y,box_width,box_height,confidence
1,flower,0.3210573196411133,0.7976690530776978,0.2649940550327301,0.32908326387405396,0.5631863474845886
1,flower,0.13899177312850952,0.38695579767227173,0.27798354625701904,0.19873055815696716,0.4450611174106598
1,flower,0.24929408729076385,0.5275604128837585,0.20514242351055145,0.11981606483459473,0.30459561944007874
1,flower,0.5519405007362366,0.1347218155860901,0.19919803738594055,0.2238560914993286,0.2875271439552307
