class,class_name,centroid_x,centroid_y,box_width,box_height,confidence
0,carabao,0.619149386882782,0.625115156173706,0.5379127264022827,0.5999453663825989,0.8729453086853027
0,carabao,0.36632102727890015,0.33664798736572266,0.570286750793457,0.6128259897232056,0.8545699119567871
