class,class_name,centroid_x,centroid_y,box_width,box_height,confidence
0,carabao,0.35293421149253845,0.679093062877655,0.2762509286403656,0.26153817772865295,0.8538503050804138
0,carabao,0.5661124587059021,0.3624923825263977,0.3108558654785156,0.3021395802497864,0.817690372467041
0,carabao,0.7949561476707458,0.41404733061790466,0.27744945883750916,0.28578421473503113,0.804052472114563
0,carabao,0.1988377422094345,0.4733356535434723,0.23667939007282257,0.17751145362854004,0.7544350624084473
0,carabao,0.678108274936676,0.1701216697692871,0.26406028866767883,0.17430263757705688,0.7527392506599426
0,carabao,0.804105818271637,0.21751868724822998,0.19894875586032867,0.14884480834007263,0.7192482352256775
0,carabao,0.5854296088218689,0.20309777557849884,0.15910975635051727,0.11752136051654816,0.6428147554397583
0,carabao,0.26449596881866455,0.622146487236023,0.1439908742904663,0.1498219072818756,0.4933589696884155
0,carabao,0.3139322102069855,0.5108413696289062,0.12765182554721832,0.10440707206726074,0.44920554757118225
