class,class_name,centroid_x,centroid_y,box_width,box_height,confidence
1,flower,0.5075711011886597,0.5665007829666138,0.4303346574306488,0.24050569534301758,0.44261446595191956
0,carabao,0.28149649500846863,0.12688186764717102,0.09631071984767914,0.05543982982635498,0.3972179591655731
1,flower,0.7665391564369202,0.44919317960739136,0.19379960000514984,0.16622169315814972,0.3910713791847229
1,flower,0.5120139718055725,0.14132604002952576,0.29087427258491516,0.16968552768230438,0.38681668043136597
1,flower,0.37248697876930237,0.7569054365158081,0.38823384046554565,0.22109417617321014,0.36653807759284973
1,flower,0.6261998414993286,0.8363153338432312,0.30906039476394653,0.21047481894493103,0.3589549660682678
0,carabao,0.5149357914924622,0.5749280452728271,0.11025618761777878,0.06107759475708008,0.3163447082042694
1,flower,0.8039160966873169,0.2658441662788391,0.24057021737098694,0.2061503827571869,0.27784475684165955
1,flower,0.2992936968803406,0.4313986897468567,0.3616839647293091,0.22570264339447021,0.2532099485397339
