class,class_name,centroid_x,centroid_y,box_width,box_height,confidence
1,flower,0.5486331582069397,0.23771099746227264,0.4716135561466217,0.2567695379257202,0.5096378922462463
1,flower,0.8666902184486389,0.7069592475891113,0.2666194438934326,0.2516588568687439,0.5034500956535339
1,flower,0.5506470799446106,0.8324960470199585,0.46667879819869995,0.21492719650268555,0.49330592155456543
1,flower,0.6501462459564209,0.20906198024749756,0.6738936305046082,0.32721027731895447,0.31217268109321594
1,flower,0.4988325238227844,0.6234623193740845,0.4172707498073578,0.22381997108459473,0.30816197395324707
1,flower,0.7157345414161682,0.5440464019775391,0.3855332136154175,0.19763235747814178,0.2773839831352234
1,flower,0.30711016058921814,0.7502992153167725,0.37106767296791077,0.22248391807079315,0.2508774995803833
