class,class_name,centroid_x,centroid_y,box_width,box_height,confidence
0,carabao,0.3315157890319824,0.5780057907104492,0.370673805475235,0.47133445739746094,0.7531558871269226
