class,class_name,centroid_x,centroid_y,box_width,box_height,confidence
0,carabao,0.6486479640007019,0.23101623356342316,0.44598037004470825,0.21623310446739197,0.8639684319496155
0,carabao,0.45720481872558594,0.6550801992416382,0.36391884088516235,0.3109343647956848,0.8360155820846558
0,carabao,0.4810735583305359,0.3915196359157562,0.43272680044174194,0.3167884647846222,0.8242020606994629
0,carabao,0.23942115902900696,0.3686527609825134,0.29370298981666565,0.2728402614593506,0.8227134943008423
0,carabao,0.752454400062561,0.4200873374938965,0.3641843795776367,0.22053921222686768,0.8116400241851807
0,carabao,0.6010269522666931,0.8136786222457886,0.37299662828445435,0.2564518451690674,0.8076930046081543
