class,class_name,centroid_x,centroid_y,box_width,box_height,confidence
1,flower,0.3722839951515198,0.5883716940879822,0.2603353261947632,0.3467586934566498,0.668887197971344
1,flower,0.6918878555297852,0.789696455001831,0.2124025821685791,0.3156115710735321,0.4946468472480774
1,flower,0.23245301842689514,0.30890098214149475,0.21589794754981995,0.3329882025718689,0.4856002926826477
1,flower,0.38842272758483887,0.21051986515522003,0.27330225706100464,0.37846043705940247,0.4815056324005127
1,flower,0.6387717127799988,0.42785120010375977,0.18043255805969238,0.23669037222862244,0.4061693251132965
1,flower,0.7500232458114624,0.5842004418373108,0.19997377693653107,0.2863091230392456,0.316474586725235
