class,class_name,centroid_x,centroid_y,box_width,box_height,confidence
1,flower,0.5047652721405029,0.4624757766723633,0.08320913463830948,0.11667516827583313,0.4827233552932739
1,flower,0.5100691318511963,0.2804871201515198,0.04686546325683594,0.07133281975984573,0.28087756037712097
1,flower,0.47836512327194214,0.2286573052406311,0.04469728469848633,0.07143619656562805,0.2636788785457611
