class,class_name,centroid_x,centroid_y,box_width,box_height,confidence
0,carabao,0.7594969868659973,0.7381466627120972,0.3598899245262146,0.3386645019054413,0.8938637375831604
0,carabao,0.6619795560836792,0.195846825838089,0.49665650725364685,0.24171829223632812,0.8910820484161377
0,carabao,0.30642253160476685,0.3087920546531677,0.5393099188804626,0.2551894187927246,0.8860454559326172
0,carabao,0.7179238200187683,0.43948885798454285,0.4872729182243347,0.2685903310775757,0.8837854862213135
0,carabao,0.430998295545578,0.6163691282272339,0.38367465138435364,0.360145628452301,0.8728020787239075
0,carabao,0.8897706270217896,0.29536378383636475,0.2122882902622223,0.2744368016719818,0.5437206625938416
0,carabao,0.9433652758598328,0.6141900420188904,0.11239631474018097,0.2612318992614746,0.40864813327789307
