class,class_name,centroid_x,centroid_y,box_width,box_height,confidence
0,carabao,0.6426134705543518,0.6481541395187378,0.3777415156364441,0.1471552848815918,0.841703474521637
0,carabao,0.5403379797935486,0.5244742631912231,0.29861775040626526,0.16269159317016602,0.8414549231529236
0,carabao,0.7307152152061462,0.5596271753311157,0.3327034115791321,0.1380014419555664,0.838959276676178
0,carabao,0.4344298839569092,0.3892068862915039,0.35984155535697937,0.20558977127075195,0.8376299738883972
0,carabao,0.29114633798599243,0.5460376739501953,0.3292142450809479,0.15749935805797577,0.8364428877830505
0,carabao,0.5245475769042969,0.4325465261936188,0.22981694340705872,0.11769430339336395,0.4932042956352234
