class,class_name,centroid_x,centroid_y,box_width,box_height,confidence
0,carabao,0.7209244966506958,0.5609077215194702,0.48660704493522644,0.27242398262023926,0.8809879422187805
0,carabao,0.7628650665283203,0.26227039098739624,0.3626597225666046,0.34050822257995605,0.8780168294906616
0,carabao,0.6628998517990112,0.8025214672088623,0.50095134973526,0.24268169701099396,0.8728259205818176
0,carabao,0.42979782819747925,0.380810022354126,0.38895365595817566,0.3759792745113373,0.8678735494613647
0,carabao,0.3056832253932953,0.6875360012054443,0.5365044474601746,0.260897696018219,0.8504679799079895
0,carabao,0.8891991376876831,0.6939857006072998,0.21415580809116364,0.29277729988098145,0.4533379077911377
