class,class_name,centroid_x,centroid_y,box_width,box_height,confidence
0,carabao,0.5069622993469238,0.45822522044181824,0.8796032071113586,0.7146267294883728,0.8398867249488831
