class,class_name,centroid_x,centroid_y,box_width,box_height,confidence
0,carabao,0.5478756427764893,0.24065379798412323,0.2960543632507324,0.2757464647293091,0.8686298727989197
0,carabao,0.42125797271728516,0.787824273109436,0.30321216583251953,0.2621648907661438,0.8589544892311096
0,carabao,0.3933749496936798,0.46744129061698914,0.33356040716171265,0.26261088252067566,0.8585619926452637
0,carabao,0.6500329971313477,0.7072045207023621,0.40696948766708374,0.43660658597946167,0.8555019497871399
0,carabao,0.6967049837112427,0.429953932762146,0.3777341842651367,0.27614206075668335,0.8346894979476929
0,carabao,0.8931752443313599,0.4583571255207062,0.21030350029468536,0.23133979737758636,0.7841188907623291
0,carabao,0.8085595369338989,0.645426332950592,0.21593475341796875,0.20861466228961945,0.7203261256217957
