class,class_name,centroid_x,centroid_y,box_width,box_height,confidence
0,carabao,0.6123005151748657,0.16794535517692566,0.5066685676574707,0.3046587109565735,0.8480080962181091
0,carabao,0.2678014636039734,0.33976733684539795,0.4721367359161377,0.33969855308532715,0.8396837115287781
0,carabao,0.6618083119392395,0.7210406064987183,0.4536101818084717,0.31459206342697144,0.8225197792053223
0,carabao,0.5692192316055298,0.45871973037719727,0.4887334704399109,0.3320845663547516,0.8037123680114746
0,carabao,0.2854383587837219,0.7242844104766846,0.35247111320495605,0.49140387773513794,0.8034884929656982
