class,class_name,centroid_x,centroid_y,box_width,box_height,confidence
0,carabao,0.5722915530204773,0.6648625135421753,0.33184465765953064,0.3682195246219635,0.8728966116905212
0,carabao,0.6704395413398743,0.7882735133171082,0.24184627830982208,0.3086785674095154,0.8300248384475708
0,carabao,0.4612683057785034,0.4406634271144867,0.2221653312444687,0.260824978351593,0.8283637762069702
0,carabao,0.7629197239875793,0.46442070603370667,0.2565927505493164,0.26950010657310486,0.8184562921524048
0,carabao,0.30549782514572144,0.544847846031189,0.19894129037857056,0.22071290016174316,0.793456494808197
0,carabao,0.4153916537761688,0.6926905512809753,0.20064575970172882,0.2804860472679138,0.7738251090049744
0,carabao,0.5069167017936707,0.8680258989334106,0.19428634643554688,0.2155904769897461,0.7220571041107178
0,carabao,0.952549159526825,0.5087645053863525,0.0949016585946083,0.12065696716308594,0.42608949542045593
