class,class_name,centroid_x,centroid_y,box_width,box_height,confidence
1,flower,0.49501657485961914,0.46341389417648315,0.09033689647912979,0.11910004913806915,0.4106658101081848
