class,class_name,centroid_x,centroid_y,box_width,box_height,confidence
2,indian,0.5658836364746094,0.43112239241600037,0.22093938291072845,0.11725582927465439,0.7367118000984192
2,indian,0.544625461101532,0.5440073609352112,0.1804632693529129,0.0934438705444336,0.7184320688247681
2,indian,0.04937543720006943,0.06207578629255295,0.09867977350950241,0.11449398100376129,0.6138695478439331
