class,class_name,centroid_x,centroid_y,box_width,box_height,confidence
0,carabao,0.3763802945613861,0.7422041296958923,0.6080493927001953,0.4848540723323822,0.8875548839569092
0,carabao,0.5468564033508301,0.2764374911785126,0.7326362133026123,0.5432952642440796,0.8273654580116272
0,carabao,0.7638343572616577,0.5383769273757935,0.46624916791915894,0.3937723934650421,0.7600132822990417
