class,class_name,centroid_x,centroid_y,box_width,box_height,confidence
2,indian,0.35743945837020874,0.6869502067565918,0.2768547832965851,0.14205607771873474,0.7298609614372253
2,indian,0.6468355655670166,0.13655954599380493,0.21950240433216095,0.10404670238494873,0.6338679194450378
2,indian,0.8093120455741882,0.40940627455711365,0.31352144479751587,0.13952529430389404,0.6023799180984497
2,indian,0.4272828698158264,0.3409292697906494,0.2857845723628998,0.13896456360816956,0.4598793685436249
2,indian,0.8427544832229614,0.3279009461402893,0.2951151728630066,0.1070713996887207,0.3430461287498474
