class,class_name,centroid_x,centroid_y,box_width,box_height,confidence
0,carabao,0.5861095190048218,0.4335768520832062,0.29550251364707947,0.25361546874046326,0.8389374613761902
0,carabao,0.7748591899871826,0.5916162729263306,0.19547013938426971,0.18074750900268555,0.8147431015968323
0,carabao,0.48062247037887573,0.4849681556224823,0.20569618046283722,0.18042558431625366,0.6795002818107605
0,carabao,0.3613685071468353,0.3950536847114563,0.1431693732738495,0.10872093588113785,0.5642009377479553
