class,class_name,centroid_x,centroid_y,box_width,box_height,confidence
0,carabao,0.44375813007354736,0.4942036271095276,0.4686702787876129,0.2466334104537964,0.8808534741401672
