class,class_name,centroid_x,centroid_y,box_width,box_height,confidence
0,carabao,0.46631327271461487,0.7629333734512329,0.28726649284362793,0.25594329833984375,0.8639107346534729
0,carabao,0.6662991642951965,0.5703814029693604,0.3827698230743408,0.333574116230011,0.8609632849693298
0,carabao,0.4395221173763275,0.4640031158924103,0.2691095471382141,0.2180885374546051,0.8442099690437317
0,carabao,0.5462093353271484,0.30881214141845703,0.22495464980602264,0.19011077284812927,0.8332803249359131
0,carabao,0.7830820083618164,0.6773949861526489,0.3211078643798828,0.2263174057006836,0.7972992658615112
0,carabao,0.6990933418273926,0.41059795022010803,0.28514885902404785,0.18882496654987335,0.7852476835250854
0,carabao,0.8822859525680542,0.506220281124115,0.20245270431041718,0.17875845730304718,0.7160424590110779
