class,class_name,centroid_x,centroid_y,box_width,box_height,confidence
2,indian,0.5725992918014526,0.578029453754425,0.13746190071105957,0.24816912412643433,0.7462692260742188
2,indian,0.4523940086364746,0.5565913319587708,0.11250226199626923,0.21134336292743683,0.7030754685401917
2,indian,0.9202621579170227,0.049154702574014664,0.09008188545703888,0.09586576372385025,0.38977789878845215
2,indian,0.933310866355896,0.05151648074388504,0.12067584693431854,0.10303296148777008,0.3531937301158905
2,indian,0.9118393063545227,0.04814598709344864,0.06429262459278107,0.08530625700950623,0.2754751443862915
