class,class_name,centroid_x,centroid_y,box_width,box_height,confidence
0,carabao,0.5077681541442871,0.4992395341396332,0.8331395387649536,0.8907448053359985,0.763608455657959
