class,class_name,centroid_x,centroid_y,box_width,box_height,confidence
0,carabao,0.1866050511598587,0.8182581663131714,0.3732101023197174,0.36348363757133484,0.8536189198493958
0,carabao,0.6639455556869507,0.3216809928417206,0.5101080536842346,0.40896740555763245,0.8422625064849854
0,carabao,0.3769955039024353,0.5538274049758911,0.4896124303340912,0.46028363704681396,0.8402266502380371
