class,class_name,centroid_x,centroid_y,box_width,box_height,confidence
0,carabao,0.7165935635566711,0.4236302673816681,0.40574607253074646,0.3656409680843353,0.8676416277885437
0,carabao,0.48756012320518494,0.5931016802787781,0.3253515958786011,0.2821601331233978,0.8662405014038086
0,carabao,0.05307062342762947,0.29593944549560547,0.10614124685525894,0.3366040587425232,0.2713514268398285
