class,class_name,centroid_x,centroid_y,box_width,box_height,confidence
0,carabao,0.6363945603370667,0.2622183859348297,0.5071190595626831,0.34041908383369446,0.8583269715309143
0,carabao,0.4366721510887146,0.5151098370552063,0.5445435643196106,0.3862542510032654,0.842183530330658
