class,class_name,centroid_x,centroid_y,box_width,box_height,confidence
1,flower,0.2056053876876831,0.6831482648849487,0.33693599700927734,0.2417406439781189,0.5095188617706299
1,flower,0.6093273162841797,0.8498122096061707,0.19522404670715332,0.2992641031742096,0.40651628375053406
1,flower,0.48292893171310425,0.7621386647224426,0.1260351687669754,0.15933416783809662,0.2829395830631256
1,flower,0.777947187423706,0.6399072408676147,0.21181058883666992,0.1447741687297821,0.27115529775619507
