class,class_name,centroid_x,centroid_y,box_width,box_height,confidence
1,flower,0.19339720904827118,0.66567063331604,0.370292603969574,0.6686586737632751,0.4140283167362213
1,flower,0.8337752223014832,0.5437263250350952,0.20584559440612793,0.40547239780426025,0.33731263875961304
1,flower,0.6900588274002075,0.6336514353752136,0.43964117765426636,0.7269816994667053,0.31698599457740784
1,flower,0.7052160501480103,0.8699368238449097,0.2434276044368744,0.2598693072795868,0.31346768140792847
1,flower,0.6368752121925354,0.47292661666870117,0.20488595962524414,0.3583471477031708,0.2792905271053314
1,flower,0.5434461832046509,0.7575912475585938,0.1698865443468094,0.2563636898994446,0.26126670837402344
1,flower,0.545769214630127,0.9490644931793213,0.07419099658727646,0.10040749609470367,0.24338079988956451
