class,class_name,centroid_x,centroid_y,box_width,box_height,confidence
0,carabao,0.5319735407829285,0.6021701693534851,0.28090420365333557,0.3412655293941498,0.8212056756019592
0,carabao,0.7620238065719604,0.4518924653530121,0.29530733823776245,0.3015100955963135,0.8197189569473267
0,carabao,0.29359307885169983,0.3519304394721985,0.4536890685558319,0.4210096299648285,0.8156705498695374
0,carabao,0.2107822448015213,0.5824840068817139,0.28909459710121155,0.3020467758178711,0.8041049838066101
0,carabao,0.5682106018066406,0.2981467545032501,0.29860737919807434,0.35913509130477905,0.7802286744117737
0,carabao,0.5404185652732849,0.11121958494186401,0.23087885975837708,0.22000673413276672,0.7538906931877136
0,carabao,0.34716665744781494,0.17425008118152618,0.23043449223041534,0.18764296174049377,0.6151332855224609
