class,class_name,centroid_x,centroid_y,box_width,box_height,confidence
2,indian,0.8229256868362427,0.4645305275917053,0.24987101554870605,0.19681107997894287,0.779436469078064
2,indian,0.5225728154182434,0.46410074830055237,0.24033617973327637,0.18564772605895996,0.7516321539878845
2,indian,0.414005845785141,0.5551405549049377,0.2392541468143463,0.17204561829566956,0.745290994644165
2,indian,0.4798288345336914,0.3043103516101837,0.21826812624931335,0.1696510761976242,0.7317706942558289
2,indian,0.540776789188385,0.7310589551925659,0.2113686501979828,0.16524934768676758,0.7027009725570679
