class,class_name,centroid_x,centroid_y,box_width,box_height,confidence
2,indian,0.49296730756759644,0.8028536438941956,0.16491012275218964,0.3560326397418976,0.8430236577987671
2,indian,0.5016127824783325,0.5083431601524353,0.17891335487365723,0.29745015501976013,0.8309627771377563
2,indian,0.6860992312431335,0.6465187072753906,0.2091686725616455,0.324789434671402,0.8155051469802856
2,indian,0.6673194169998169,0.4571225047111511,0.17968535423278809,0.2434624880552292,0.7295673489570618
