class,class_name,centroid_x,centroid_y,box_width,box_height,confidence
0,carabao,0.6538162231445312,0.7646955251693726,0.4466094374656677,0.2233487069606781,0.8556256890296936
0,carabao,0.46258071064949036,0.34157055616378784,0.3549956679344177,0.3030381202697754,0.8411778211593628
0,carabao,0.2397463321685791,0.6208171844482422,0.30595827102661133,0.27678781747817993,0.8257563710212708
0,carabao,0.48050183057785034,0.6028714776039124,0.43230125308036804,0.32382965087890625,0.8257425427436829
0,carabao,0.6006320118904114,0.18306326866149902,0.3507530093193054,0.25025802850723267,0.8157626986503601
0,carabao,0.751480758190155,0.5756803750991821,0.3668758273124695,0.2222665250301361,0.7739210724830627
