class,class_name,centroid_x,centroid_y,box_width,box_height,confidence
0,carabao,0.7038089036941528,0.6010364294052124,0.34764212369918823,0.33399301767349243,0.8775668740272522
0,carabao,0.4438613951206207,0.4617593288421631,0.6681087017059326,0.49709394574165344,0.8066095113754272
0,carabao,0.5088272094726562,0.8510901927947998,0.22335055470466614,0.1742568165063858,0.7750998735427856
0,carabao,0.8527399897575378,0.4175480604171753,0.29255956411361694,0.20894518494606018,0.4926295876502991
