class,class_name,centroid_x,centroid_y,box_width,box_height,confidence
2,indian,0.47427472472190857,0.4826883375644684,0.7958257794380188,0.5737259387969971,0.8571283221244812
2,indian,0.7967294454574585,0.8134914636611938,0.4065410792827606,0.3701253831386566,0.8044422268867493
2,indian,0.1454344242811203,0.12989850342273712,0.2869248390197754,0.25934141874313354,0.8028274774551392
2,indian,0.7293628454208374,0.17723733186721802,0.5402379035949707,0.35447466373443604,0.7879255414009094
2,indian,0.3982236087322235,0.10754835605621338,0.26865580677986145,0.21295948326587677,0.514258623123169
2,indian,0.20941531658172607,0.36354032158851624,0.4072015881538391,0.3342650532722473,0.5141684412956238
2,indian,0.12171805649995804,0.7525151371955872,0.24072512984275818,0.43397006392478943,0.5091909170150757
2,indian,0.8854743242263794,0.48057907819747925,0.22392638027668,0.25669464468955994,0.3557814061641693
