class,class_name,centroid_x,centroid_y,box_width,box_height,confidence
2,indian,0.358336865901947,0.6536070108413696,0.20017457008361816,0.2434847503900528,0.8593332767486572
2,indian,0.4828619360923767,0.5180245041847229,0.19161252677440643,0.27760910987854004,0.8191582560539246
2,indian,0.3785863518714905,0.355198472738266,0.19902236759662628,0.23786598443984985,0.808051347732544
2,indian,0.2533288896083832,0.5193899273872375,0.16969501972198486,0.2175108790397644,0.801823616027832
2,indian,0.6362571716308594,0.6293646097183228,0.19400262832641602,0.22205707430839539,0.7853673696517944
2,indian,0.5549391508102417,0.37804222106933594,0.17118597030639648,0.22403548657894135,0.741096019744873
2,indian,0.50104820728302,0.6464638710021973,0.1278681755065918,0.15498079359531403,0.5172557830810547
