class,class_name,centroid_x,centroid_y,box_width,box_height,confidence
2,indian,0.6508492231369019,0.38126036524772644,0.2652032673358917,0.18896813690662384,0.8362388014793396
2,indian,0.48527559638023376,0.48573723435401917,0.3099784255027771,0.18604445457458496,0.788853108882904
2,indian,0.35486435890197754,0.36326518654823303,0.29034048318862915,0.18446683883666992,0.7823759317398071
2,indian,0.48697948455810547,0.2558836042881012,0.24677881598472595,0.15286988019943237,0.7737756371498108
2,indian,0.3731940984725952,0.6392290592193604,0.2442561239004135,0.19167223572731018,0.7686505913734436
2,indian,0.625578761100769,0.5574356913566589,0.2742047607898712,0.16633963584899902,0.7492167949676514
2,indian,0.3532710671424866,0.49944886565208435,0.18596376478672028,0.11855383217334747,0.3307541310787201
2,indian,0.33305126428604126,0.49428072571754456,0.1419375240802765,0.11161627620458603,0.29593056440353394
