class,class_name,centroid_x,centroid_y,box_width,box_height,confidence
0,carabao,0.20747122168540955,0.198709636926651,0.4149424433708191,0.397419273853302,0.806402325630188
0,carabao,0.715516209602356,0.9132601618766785,0.5589907765388489,0.17347964644432068,0.8018783330917358
0,carabao,0.6698293685913086,0.7810078859329224,0.5305768251419067,0.235595703125,0.7840898036956787
0,carabao,0.514132559299469,0.4680245816707611,0.8917508125305176,0.8733506202697754,0.7691028714179993
0,carabao,0.15885883569717407,0.8815018534660339,0.31771767139434814,0.23489060997962952,0.6510935425758362
0,carabao,0.11588627845048904,0.5182082653045654,0.2317725569009781,0.47216224670410156,0.6027188301086426
0,carabao,0.39457592368125916,0.9309784770011902,0.292073130607605,0.13804301619529724,0.5949894785881042
0,carabao,0.6616830229759216,0.10515880584716797,0.6164624094963074,0.20952573418617249,0.5246425271034241
0,carabao,0.881891131401062,0.5153496861457825,0.2328449785709381,0.27761411666870117,0.508765697479248
