class,class_name,centroid_x,centroid_y,box_width,box_height,confidence
0,carabao,0.39154288172721863,0.5076306462287903,0.6561403870582581,0.5059930086135864,0.8618104457855225
0,carabao,0.8932083249092102,0.3785395920276642,0.21358337998390198,0.30900338292121887,0.8382247686386108
0,carabao,0.7590163946151733,0.7817651033401489,0.48196712136268616,0.436469703912735,0.7580212950706482
