class,class_name,centroid_x,centroid_y,box_width,box_height,confidence
1,flower,0.5633232593536377,0.35335052013397217,0.07406377792358398,0.20157043635845184,0.3536316156387329
1,flower,0.0928386002779007,0.142624169588089,0.18566226959228516,0.285248339176178,0.32606470584869385
1,flower,0.5081034302711487,0.7399762868881226,0.1210264191031456,0.15670521557331085,0.2880435585975647
1,flower,0.27181997895240784,0.5747424960136414,0.38057076930999756,0.5329280495643616,0.26487573981285095
1,flower,0.5119652152061462,0.6005809903144836,0.09094905853271484,0.20945653319358826,0.26006370782852173
