class,class_name,centroid_x,centroid_y,box_width,box_height,confidence
0,carabao,0.4728924036026001,0.3980013132095337,0.5023128986358643,0.6421264410018921,0.8583182692527771
0,carabao,0.6167094707489014,0.8843474388122559,0.3133988380432129,0.23130512237548828,0.8250945806503296
0,carabao,0.22266431152820587,0.7804489731788635,0.44532862305641174,0.43910208344459534,0.8009699583053589
