class,class_name,centroid_x,centroid_y,box_width,box_height,confidence
1,flower,0.497251033782959,0.4270826280117035,0.9379259347915649,0.7530204653739929,0.8367947340011597
2,indian,0.4840821325778961,0.4210902750492096,0.19403481483459473,0.14548909664154053,0.2777188718318939
