class,class_name,centroid_x,centroid_y,box_width,box_height,confidence
0,carabao,0.40959039330482483,0.45603352785110474,0.7847338914871216,0.5785197019577026,0.7924664616584778
