class,class_name,centroid_x,centroid_y,box_width,box_height,confidence
2,indian,0.6505200266838074,0.31711265444755554,0.4325595498085022,0.4614477753639221,0.7294520139694214
2,indian,0.41933751106262207,0.5964618921279907,0.44395899772644043,0.4595867693424225,0.7066164016723633
