class,class_name,centroid_x,centroid_y,box_width,box_height,confidence
0,carabao,0.7388066053390503,0.6896941661834717,0.32963377237319946,0.30871152877807617,0.8331096172332764
0,carabao,0.23065952956676483,0.6415159702301025,0.3152599632740021,0.3614352345466614,0.8248843550682068
0,carabao,0.5027690529823303,0.6813786029815674,0.276643306016922,0.33747798204421997,0.8184768557548523
