class,class_name,centroid_x,centroid_y,box_width,box_height,confidence
2,indian,0.515489935874939,0.7448558807373047,0.24963189661502838,0.1514137238264084,0.8414341807365417
2,indian,0.34609317779541016,0.6219086647033691,0.25839346647262573,0.19031134247779846,0.8401957750320435
2,indian,0.6516219973564148,0.6462265253067017,0.29910072684288025,0.19336915016174316,0.8235658407211304
2,indian,0.5109565854072571,0.5237163305282593,0.3067304491996765,0.18398547172546387,0.8035079836845398
2,indian,0.3771803379058838,0.4419170320034027,0.2543488144874573,0.15419773757457733,0.7993573546409607
2,indian,0.6304956674575806,0.36897316575050354,0.2566567361354828,0.1812477856874466,0.7770395278930664
2,indian,0.6436493396759033,0.5083850026130676,0.17457985877990723,0.1519550383090973,0.6447913646697998
