class,class_name,centroid_x,centroid_y,box_width,box_height,confidence
0,carabao,0.523169755935669,0.3524757921695709,0.3251778781414032,0.32125869393348694,0.8760561943054199
0,carabao,0.34528473019599915,0.6077922582626343,0.3608066141605377,0.2695889472961426,0.8741794228553772
0,carabao,0.3581487238407135,0.8177001476287842,0.3086441159248352,0.22593294084072113,0.8672267198562622
0,carabao,0.662020206451416,0.5025607347488403,0.3788810670375824,0.2782391607761383,0.862088143825531
0,carabao,0.6566873788833618,0.8042129874229431,0.3672376275062561,0.3457876741886139,0.8421056866645813
0,carabao,0.8296003341674805,0.3955973982810974,0.3371448516845703,0.23045365512371063,0.8410977125167847
0,carabao,0.3619430959224701,0.3525543212890625,0.24281045794487,0.2541246712207794,0.8023579120635986
0,carabao,0.8156582713127136,0.6194501519203186,0.26148858666419983,0.2221434861421585,0.7781540751457214
0,carabao,0.9006050229072571,0.7694525122642517,0.19878987967967987,0.19486777484416962,0.7258366942405701
