class,class_name,centroid_x,centroid_y,box_width,box_height,confidence
2,indian,0.8010948300361633,0.5000306367874146,0.3675656318664551,0.17024913430213928,0.809870183467865
2,indian,0.6446350812911987,0.316502183675766,0.3538455367088318,0.20483902096748352,0.7854326963424683
2,indian,0.5054208636283875,0.4988344609737396,0.30715563893318176,0.17892217636108398,0.7455669641494751
2,indian,0.4534892737865448,0.331190288066864,0.23552273213863373,0.19712018966674805,0.6832225918769836
2,indian,0.600129246711731,0.1832367181777954,0.2873283624649048,0.14677077531814575,0.244644433259964
