class,class_name,centroid_x,centroid_y,box_width,box_height,confidence
0,carabao,0.7682737112045288,0.6501101851463318,0.22983798384666443,0.4196030795574188,0.8659026026725769
0,carabao,0.3471866250038147,0.4577379822731018,0.331491082906723,0.34655988216400146,0.8556708097457886
0,carabao,0.6111106872558594,0.48039525747299194,0.3311755061149597,0.4211585819721222,0.8209080100059509
0,carabao,0.1815122663974762,0.6045082211494446,0.2512778341770172,0.3473067581653595,0.8141158223152161
0,carabao,0.6325109004974365,0.2413415014743805,0.28721991181373596,0.31088751554489136,0.7866054773330688
0,carabao,0.5761580467224121,0.7542679905891418,0.23007206618785858,0.33814430236816406,0.7614813446998596
