class,class_name,centroid_x,centroid_y,box_width,box_height,confidence
2,indian,0.6915081143379211,0.48024043440818787,0.39722439646720886,0.22742429375648499,0.6762662529945374
2,indian,0.2652711570262909,0.47430410981178284,0.34373098611831665,0.2573835849761963,0.6408002376556396
2,indian,0.5656104683876038,0.33836597204208374,0.46103960275650024,0.2729864716529846,0.552314281463623
0,carabao,0.5722326636314392,0.337407648563385,0.46389663219451904,0.272945761680603,0.5246700644493103
0,carabao,0.25607118010520935,0.23052425682544708,0.3334953486919403,0.262797474861145,0.4961806535720825
2,indian,0.25436022877693176,0.229213148355484,0.3324216902256012,0.2644784152507782,0.4764501452445984
