class,class_name,centroid_x,centroid_y,box_width,box_height,confidence
0,carabao,0.2872951924800873,0.5680841207504272,0.3931102454662323,0.365346223115921,0.8759806752204895
0,carabao,0.5155147314071655,0.3995794355869293,0.3200392425060272,0.2855171263217926,0.8538044095039368
0,carabao,0.9497394561767578,0.7229705452919006,0.10052118450403214,0.2158595472574234,0.3579995930194855
