class,class_name,centroid_x,centroid_y,box_width,box_height,confidence
2,indian,0.43266934156417847,0.32595294713974,0.21596738696098328,0.11302638053894043,0.7742471098899841
2,indian,0.7244578003883362,0.24642029404640198,0.16797353327274323,0.11295032501220703,0.7517567276954651
2,indian,0.4876817464828491,0.26044100522994995,0.19649074971675873,0.12020532786846161,0.7408104538917542
2,indian,0.28800615668296814,0.2692820429801941,0.18909426033496857,0.1201632022857666,0.7316774725914001
2,indian,0.907047688961029,0.39083850383758545,0.1623525172472,0.12163949012756348,0.7091158628463745
