class,class_name,centroid_x,centroid_y,box_width,box_height,confidence
2,indian,0.5856386423110962,0.5550849437713623,0.3467632830142975,0.25241899490356445,0.7467476725578308
2,indian,0.622611403465271,0.3875918388366699,0.34853631258010864,0.2191486358642578,0.6986421942710876
