class,class_name,centroid_x,centroid_y,box_width,box_height,confidence
1,flower,0.4333082139492035,0.31528154015541077,0.530199408531189,0.2662888169288635,0.5449215769767761
1,flower,0.8183188438415527,0.280627965927124,0.15987014770507812,0.16291391849517822,0.38352444767951965
1,flower,0.29528579115867615,0.29945090413093567,0.038520026952028275,0.05483800917863846,0.28277361392974854
1,flower,0.35425060987472534,0.282276451587677,0.057502031326293945,0.07969160377979279,0.26365622878074646
