class,class_name,centroid_x,centroid_y,box_width,box_height,confidence
2,indian,0.3468560576438904,0.38258135318756104,0.25892579555511475,0.19192233681678772,0.8442478775978088
2,indian,0.6526463031768799,0.36279574036598206,0.27983561158180237,0.18342769145965576,0.8013516664505005
2,indian,0.5133827924728394,0.49075689911842346,0.30208516120910645,0.18532481789588928,0.7954458594322205
2,indian,0.5180186033248901,0.25617802143096924,0.24203284084796906,0.15251417458057404,0.7794288992881775
2,indian,0.3764096200466156,0.5609068870544434,0.25831639766693115,0.17153549194335938,0.7629837989807129
2,indian,0.6271881461143494,0.6388392448425293,0.26110726594924927,0.19725298881530762,0.7339775562286377
2,indian,0.6409497261047363,0.5008836388587952,0.18689867854118347,0.12518033385276794,0.4426211714744568
