class,class_name,centroid_x,centroid_y,box_width,box_height,confidence
2,indian,0.4303022027015686,0.43376803398132324,0.11489474773406982,0.21301326155662537,0.737332820892334
2,indian,0.545923113822937,0.4535447657108307,0.095999576151371,0.1708672046661377,0.7332565784454346
2,indian,0.06368634849786758,0.9401267766952515,0.1210474744439125,0.11974631994962692,0.5948633551597595
