class,class_name,centroid_x,centroid_y,box_width,box_height,confidence
0,carabao,0.6730466485023499,0.35329538583755493,0.4578523635864258,0.6059902906417847,0.8876297473907471
0,carabao,0.35037219524383545,0.5174367427825928,0.4172714054584503,0.5247254371643066,0.844022274017334
0,carabao,0.10307817906141281,0.43784093856811523,0.13559651374816895,0.15934669971466064,0.4193934202194214
0,carabao,0.06254008412361145,0.05644414946436882,0.12494843453168869,0.11288829892873764,0.3033100664615631
