class,class_name,centroid_x,centroid_y,box_width,box_height,confidence
0,carabao,0.3185202181339264,0.6406691074371338,0.2634003758430481,0.2825188636779785,0.8532869815826416
0,carabao,0.6370207071304321,0.42663082480430603,0.3067772388458252,0.3039455711841583,0.8472666144371033
0,carabao,0.5854198932647705,0.20944209396839142,0.28122177720069885,0.2944706380367279,0.8266729116439819
0,carabao,0.8296741247177124,0.32543838024139404,0.18443970382213593,0.2748364210128784,0.8008095622062683
0,carabao,0.5213198661804199,0.7853465676307678,0.17946013808250427,0.2051359862089157,0.7689562439918518
0,carabao,0.792243242263794,0.4083421528339386,0.11674737930297852,0.1487828642129898,0.7296386957168579
0,carabao,0.7805341482162476,0.19240324199199677,0.1481962651014328,0.18570688366889954,0.6727476119995117
0,carabao,0.4873090386390686,0.6896780729293823,0.11057376861572266,0.12707561254501343,0.6101534366607666
0,carabao,0.386081337928772,0.7254072427749634,0.13081708550453186,0.1558280885219574,0.608313262462616
