class,class_name,centroid_x,centroid_y,box_width,box_height,confidence
1,flower,0.13575322926044464,0.5680208206176758,0.18441924452781677,0.1575184315443039,0.5645477175712585
1,flower,0.33460235595703125,0.6546517610549927,0.2369980812072754,0.1315748691558838,0.4430534243583679
1,flower,0.2512243092060089,0.33864811062812805,0.26077407598495483,0.1449904888868332,0.4394751191139221
1,flower,0.35098782181739807,0.15821921825408936,0.28710493445396423,0.14482326805591583,0.4336773157119751
1,flower,0.5800603032112122,0.4107775092124939,0.2951587438583374,0.16042378544807434,0.4328514039516449
1,flower,0.3330855369567871,0.5437537431716919,0.2413366287946701,0.1304614543914795,0.364623486995697
1,flower,0.24671907722949982,0.4523564875125885,0.24002395570278168,0.09261665493249893,0.30287474393844604
1,flower,0.6109261512756348,0.5227815508842468,0.2205595225095749,0.12412142753601074,0.2866998314857483
1,flower,0.5312286615371704,0.2603658437728882,0.34414151310920715,0.16103872656822205,0.2715509235858917
