class,class_name,centroid_x,centroid_y,box_width,box_height,confidence
0,carabao,0.5119564533233643,0.7443007826805115,0.2556428909301758,0.5106392502784729,0.8792699575424194
0,carabao,0.5401092767715454,0.2700096666812897,0.2426285296678543,0.47964954376220703,0.8773050308227539
0,carabao,0.7296890020370483,0.7187889218330383,0.23051676154136658,0.5501807332038879,0.8735184073448181
0,carabao,0.29753437638282776,0.23810897767543793,0.27506405115127563,0.4685153365135193,0.8681607246398926
0,carabao,0.7418010234832764,0.2629268765449524,0.22951821982860565,0.4798218309879303,0.8634694218635559
0,carabao,0.4023539423942566,0.6425937414169312,0.29015713930130005,0.49780476093292236,0.8431828022003174
0,carabao,0.242611363530159,0.7159087061882019,0.2532695233821869,0.5456761717796326,0.830938458442688
