class,class_name,centroid_x,centroid_y,box_width,box_height,confidence
0,carabao,0.6394367814064026,0.3442882001399994,0.3756835460662842,0.14276587963104248,0.8569802045822144
0,carabao,0.2952253222465515,0.4481501579284668,0.32521840929985046,0.15704584121704102,0.8483965992927551
0,carabao,0.7364725470542908,0.4354674220085144,0.317092627286911,0.136025071144104,0.8386682271957397
0,carabao,0.4354706406593323,0.6052497625350952,0.3694538474082947,0.2106022834777832,0.8363440036773682
0,carabao,0.5395189523696899,0.4669681191444397,0.29116731882095337,0.16366660594940186,0.8317115902900696
0,carabao,0.5282504558563232,0.5569205284118652,0.2300323098897934,0.11089253425598145,0.4736187160015106
