class,class_name,centroid_x,centroid_y,box_width,box_height,confidence
2,indian,0.41375836730003357,0.4378499984741211,0.23859450221061707,0.1763811558485031,0.7559569478034973
2,indian,0.5214462876319885,0.5374943614006042,0.24158135056495667,0.1882798671722412,0.7503520250320435
2,indian,0.8232482075691223,0.5351055860519409,0.2562867999076843,0.20598340034484863,0.7362180352210999
2,indian,0.5416773557662964,0.2696476876735687,0.21134218573570251,0.16843998432159424,0.700363039970398
2,indian,0.4842579960823059,0.697668194770813,0.2339199334383011,0.1641530990600586,0.6919916272163391
