class,class_name,centroid_x,centroid_y,box_width,box_height,confidence
0,carabao,0.8691115975379944,0.3829820156097412,0.19337382912635803,0.17049694061279297,0.7960442304611206
0,carabao,0.788352370262146,0.2732468247413635,0.13972076773643494,0.11315393447875977,0.7281872630119324
0,carabao,0.044608358293771744,0.11795109510421753,0.08921671658754349,0.12993386387825012,0.720596969127655
0,carabao,0.6009268760681152,0.44427570700645447,0.14827384054660797,0.1372498720884323,0.7159039974212646
0,carabao,0.5349599123001099,0.5724009275436401,0.13309845328330994,0.14776897430419922,0.7056064009666443
0,carabao,0.6337576508522034,0.5801083445549011,0.12880104780197144,0.14167895913124084,0.6774323582649231
0,carabao,0.10049570351839066,0.17004148662090302,0.11195532232522964,0.09930890798568726,0.6689512133598328
0,carabao,0.8860241770744324,0.2577468752861023,0.13143576681613922,0.08717139065265656,0.41763389110565186
0,carabao,0.28798291087150574,0.2120622843503952,0.11079282313585281,0.10454247891902924,0.2788686156272888
