class,class_name,centroid_x,centroid_y,box_width,box_height,confidence
2,indian,0.6789188981056213,0.6474774479866028,0.45114755630493164,0.4283778667449951,0.7971400618553162
2,indian,0.39452874660491943,0.41509121656417847,0.41522616147994995,0.3701971471309662,0.7868402600288391
