class,class_name,centroid_x,centroid_y,box_width,box_height,confidence
0,carabao,0.7564188838005066,0.21527190506458282,0.3269449770450592,0.33013051748275757,0.8606656789779663
0,carabao,0.4953773617744446,0.5555421113967896,0.30766916275024414,0.38403287529945374,0.858269453048706
0,carabao,0.720116913318634,0.5548505783081055,0.26498064398765564,0.3473212420940399,0.8351130485534668
0,carabao,0.18944279849529266,0.6287652254104614,0.27663975954055786,0.3255675733089447,0.7971836924552917
0,carabao,0.593522846698761,0.17523400485515594,0.2111446112394333,0.2521328032016754,0.744909942150116
0,carabao,0.5205911993980408,0.41991981863975525,0.17949208617210388,0.22894179821014404,0.5227748155593872
