class,class_name,centroid_x,centroid_y,box_width,box_height,confidence
0,carabao,0.4198431372642517,0.3333093523979187,0.47954902052879333,0.3622467815876007,0.8045423030853271
