class,class_name,centroid_x,centroid_y,box_width,box_height,confidence
1,flower,0.34524354338645935,0.8092792630195618,0.6904870867729187,0.3374001383781433,0.46889644861221313
1,flower,0.442123144865036,0.3079843521118164,0.8679913282394409,0.47067373991012573,0.3968142867088318
1,flower,0.44638770818710327,0.15527763962745667,0.37166425585746765,0.17655301094055176,0.3629882335662842
1,flower,0.5099927186965942,0.37519121170043945,0.40270793437957764,0.22731944918632507,0.3306756615638733
1,flower,0.047902584075927734,0.4497649073600769,0.09355316311120987,0.06709227710962296,0.3086138069629669
1,flower,0.29591041803359985,0.45895177125930786,0.3007568418979645,0.1439235955476761,0.2995864152908325
