class,class_name,centroid_x,centroid_y,box_width,box_height,confidence
2,indian,0.5124309062957764,0.6493646502494812,0.21338064968585968,0.11754870414733887,0.7211470603942871
2,indian,0.3466780483722687,0.5989480018615723,0.18099941313266754,0.134934663772583,0.6852208971977234
2,indian,0.3448009490966797,0.44194644689559937,0.19328443706035614,0.12046270072460175,0.6811575889587402
2,indian,0.3042192757129669,0.27762722969055176,0.21553248167037964,0.14474940299987793,0.6708189249038696
2,indian,0.3477845788002014,0.8156892657279968,0.13551807403564453,0.11075682938098907,0.589138388633728
1,flower,0.8484719395637512,0.5842975378036499,0.258002907037735,0.16054201126098633,0.41568508744239807
1,flower,0.8553241491317749,0.45782727003097534,0.14143766462802887,0.11993420124053955,0.33962222933769226
1,flower,0.8555375337600708,0.5352003574371338,0.2850707471370697,0.2638535499572754,0.33161163330078125
