class,class_name,centroid_x,centroid_y,box_width,box_height,confidence
0,carabao,0.2922958731651306,0.21706843376159668,0.5056836009025574,0.38124218583106995,0.88490891456604
0,carabao,0.762988269329071,0.8006742596626282,0.36380285024642944,0.39865151047706604,0.8740705251693726
0,carabao,0.4298210144042969,0.6752712726593018,0.3920964300632477,0.5533167719841003,0.8718154430389404
0,carabao,0.7192375063896179,0.40404653549194336,0.48697924613952637,0.40762606263160706,0.8707798719406128
0,carabao,0.6658597588539124,0.11172953993082047,0.502295970916748,0.22172114253044128,0.8468479514122009
0,carabao,0.8934515714645386,0.22060628235340118,0.2130967676639557,0.4394746720790863,0.7765164375305176
0,carabao,0.9466711282730103,0.6332839727401733,0.10665788501501083,0.3705216944217682,0.6149906516075134
