class,class_name,centroid_x,centroid_y,box_width,box_height,confidence
0,carabao,0.8058733344078064,0.4968717098236084,0.35409003496170044,0.15060433745384216,0.9336636066436768
0,carabao,0.6446137428283691,0.6862066984176636,0.3398697078227997,0.19139909744262695,0.878703236579895
0,carabao,0.5106686949729919,0.5048936009407043,0.29388105869293213,0.163001149892807,0.8736534118652344
0,carabao,0.444813072681427,0.6718133687973022,0.25183674693107605,0.17153143882751465,0.7746807336807251
