class,class_name,centroid_x,centroid_y,box_width,box_height,confidence
2,indian,0.7077211141586304,0.7306728363037109,0.18012279272079468,0.11211633682250977,0.7624312043190002
2,indian,0.5712620615959167,0.6757928133010864,0.20311100780963898,0.11515116691589355,0.7613415122032166
2,indian,0.5113639235496521,0.7383022904396057,0.1848168522119522,0.11212968826293945,0.7444860339164734
2,indian,0.08704759180545807,0.6077518463134766,0.1547153890132904,0.09973549842834473,0.7047361135482788
2,indian,0.2765762209892273,0.7542651891708374,0.17670826613903046,0.10299654304981232,0.6984314918518066
