class,class_name,centroid_x,centroid_y,box_width,box_height,confidence
0,carabao,0.6865682601928711,0.2719403803348541,0.3080720901489258,0.5289666056632996,0.8878625631332397
0,carabao,0.2447514533996582,0.5600485801696777,0.35430166125297546,0.5646713376045227,0.865856409072876
0,carabao,0.49011754989624023,0.7570595145225525,0.23474597930908203,0.4781012535095215,0.8576370477676392
0,carabao,0.3729890286922455,0.3591175973415375,0.21566474437713623,0.42576903104782104,0.7974556088447571
0,carabao,0.4957531988620758,0.2736688256263733,0.15462899208068848,0.3998720049858093,0.6744530200958252
0,carabao,0.030722547322511673,0.5310303568840027,0.061445094645023346,0.2494351863861084,0.4008010923862457
