class,class_name,centroid_x,centroid_y,box_width,box_height,confidence
0,carabao,0.44884204864501953,0.4856937825679779,0.8078719973564148,0.5163611173629761,0.8008014559745789
