class,class_name,centroid_x,centroid_y,box_width,box_height,confidence
1,flower,0.44403085112571716,0.49234145879745483,0.04952206462621689,0.06518422067165375,0.3658800423145294
1,flower,0.38965290784835815,0.5006095170974731,0.057114459574222565,0.08010309189558029,0.33322980999946594
1,flower,0.31972676515579224,0.5972397923469543,0.03743791580200195,0.0500577837228775,0.3309842348098755
1,flower,0.5030094385147095,0.6377887725830078,0.05370936542749405,0.07280075550079346,0.29299768805503845
1,flower,0.3698304295539856,0.5534677505493164,0.036054372787475586,0.05074668675661087,0.284898042678833
1,flower,0.40919214487075806,0.589801013469696,0.04602935165166855,0.05061985179781914,0.27570676803588867
1,flower,0.38136714696884155,0.616463840007782,0.03251814842224121,0.04839349910616875,0.2613058090209961
