class,class_name,centroid_x,centroid_y,box_width,box_height,confidence
0,carabao,0.6548303365707397,0.5278154611587524,0.6254253387451172,0.5894609689712524,0.7902952432632446
0,carabao,0.36900267004966736,0.29934486746788025,0.613710880279541,0.4989616572856903,0.7874252200126648
