class,class_name,centroid_x,centroid_y,box_width,box_height,confidence
0,carabao,0.7018662691116333,0.39205193519592285,0.5962675213813782,0.5678161382675171,0.8471384644508362
0,carabao,0.2414303719997406,0.6538646221160889,0.47664767503738403,0.5246060490608215,0.8076762557029724
0,carabao,0.4767492711544037,0.5678341388702393,0.47574567794799805,0.5294767618179321,0.7691941261291504
