class,class_name,centroid_x,centroid_y,box_width,box_height,confidence
0,carabao,0.37931758165359497,0.2579115331172943,0.6065088510513306,0.4834394156932831,0.8702765703201294
0,carabao,0.5374122262001038,0.7180317044258118,0.7299116849899292,0.5484301447868347,0.819818377494812
0,carabao,0.7631579637527466,0.4631167948246002,0.47343307733535767,0.3984428942203522,0.7232068777084351
