class,class_name,centroid_x,centroid_y,box_width,box_height,confidence
0,carabao,0.671316385269165,0.6526236534118652,0.46854686737060547,0.614620566368103,0.8665819764137268
0,carabao,0.34979018568992615,0.49028879404067993,0.4246789515018463,0.5316484570503235,0.8179494142532349
