class,class_name,centroid_x,centroid_y,box_width,box_height,confidence
0,carabao,0.32808929681777954,0.6567900776863098,0.45487892627716064,0.6188157796859741,0.8402652740478516
0,carabao,0.6490854620933533,0.46659350395202637,0.4248506426811218,0.5744266510009766,0.7978771328926086
0,carabao,0.9336754679679871,0.9386911392211914,0.1322123259305954,0.12261781841516495,0.5159165859222412
0,carabao,0.0657564252614975,0.323890745639801,0.131512850522995,0.2984791696071625,0.39580267667770386
0,carabao,0.06778132170438766,0.5539847612380981,0.13556264340877533,0.2784407138824463,0.31789231300354004
