class,class_name,centroid_x,centroid_y,box_width,box_height,confidence
0,carabao,0.34956398606300354,0.7639309167861938,0.4514005482196808,0.2206735610961914,0.8410120010375977
0,carabao,0.543586790561676,0.3417431712150574,0.3716956079006195,0.3053677976131439,0.8192194700241089
0,carabao,0.3995968997478485,0.17930066585540771,0.36129122972488403,0.24681611359119415,0.8032258749008179
0,carabao,0.520714282989502,0.604304850101471,0.4313262403011322,0.3206110894680023,0.80235755443573
0,carabao,0.7598749995231628,0.6248458027839661,0.32135358452796936,0.27700909972190857,0.7941256165504456
0,carabao,0.2481873482465744,0.5767723917961121,0.36448484659194946,0.22245220839977264,0.7514761686325073
