class,class_name,centroid_x,centroid_y,box_width,box_height,confidence
0,carabao,0.5385322570800781,0.5794495344161987,0.4180663228034973,0.56451416015625,0.832231879234314
