class,class_name,centroid_x,centroid_y,box_width,box_height,confidence
0,carabao,0.7320923805236816,0.08653731644153595,0.5255518555641174,0.17141583561897278,0.7943068742752075
0,carabao,0.5045461058616638,0.502717137336731,0.880121111869812,0.87701016664505,0.7500737905502319
0,carabao,0.6685528755187988,0.22446036338806152,0.5384699106216431,0.261404812335968,0.7181236743927002
0,carabao,0.20526695251464844,0.8054035902023315,0.4105339050292969,0.3891928195953369,0.7115898132324219
0,carabao,0.39209815859794617,0.06803877651691437,0.2880881726741791,0.13607755303382874,0.6697801351547241
0,carabao,0.10867838561534882,0.4904731810092926,0.21735677123069763,0.4188392162322998,0.6512460708618164
0,carabao,0.15569797158241272,0.1450202763080597,0.31139594316482544,0.2900405526161194,0.6439387202262878
0,carabao,0.8851547837257385,0.47841668128967285,0.22115318477153778,0.2706410586833954,0.47504115104675293
0,carabao,0.645305871963501,0.8694757223129272,0.6941803097724915,0.2603801190853119,0.46017542481422424
