class,class_name,centroid_x,centroid_y,box_width,box_height,confidence
0,carabao,0.47091740369796753,0.3096279799938202,0.6763372421264648,0.39762449264526367,0.8305659294128418
0,carabao,0.5625215768814087,0.620224118232727,0.7497791051864624,0.46176624298095703,0.6815488338470459
