class,class_name,centroid_x,centroid_y,box_width,box_height,confidence
2,indian,0.19635747373104095,0.5025161504745483,0.3567439615726471,0.16547007858753204,0.8077875375747681
2,indian,0.35609346628189087,0.31757816672325134,0.3445872366428375,0.20347349345684052,0.7704353332519531
2,indian,0.4951009750366211,0.5006355047225952,0.31592926383018494,0.1900753527879715,0.7594814896583557
2,indian,0.5325603485107422,0.3312682509422302,0.2626775801181793,0.1898314207792282,0.6643834710121155
