class,class_name,centroid_x,centroid_y,box_width,box_height,confidence
1,flower,0.31873270869255066,0.40484070777893066,0.3291254937648773,0.4888007640838623,0.6265857815742493
1,flower,0.28478845953941345,0.8185632824897766,0.14168673753738403,0.142523854970932,0.4802361726760864
1,flower,0.2869390845298767,0.5569383502006531,0.1776541918516159,0.09717893600463867,0.33778220415115356
1,flower,0.3239666819572449,0.36202484369277954,0.27846580743789673,0.4075143337249756,0.29872462153434753
1,flower,0.43127456307411194,0.8571089506149292,0.5177751183509827,0.2857820987701416,0.2435375452041626
