class,class_name,centroid_x,centroid_y,box_width,box_height,confidence
0,carabao,0.42984849214553833,0.5572421550750732,0.5988073348999023,0.403188556432724,0.8234769105911255
1,flower,0.8971197009086609,0.8516958951950073,0.2057606279850006,0.2825829088687897,0.31133151054382324
