class,class_name,centroid_x,centroid_y,box_width,box_height,confidence
0,carabao,0.1888464242219925,0.11503525823354721,0.377692848443985,0.2115660458803177,0.8666449189186096
0,carabao,0.34423893690109253,0.6133353114128113,0.3866870403289795,0.20082402229309082,0.8624445796012878
0,carabao,0.3180288076400757,0.33263927698135376,0.45694470405578613,0.22246122360229492,0.8437597751617432
0,carabao,0.45761075615882874,0.4383815824985504,0.4290744662284851,0.20456233620643616,0.8042299151420593
0,carabao,0.34732669591903687,0.7422480583190918,0.3564060628414154,0.15306606888771057,0.7989922165870667
0,carabao,0.5844970941543579,0.6775298118591309,0.27765989303588867,0.2355332374572754,0.7720653414726257
0,carabao,0.24300453066825867,0.5285899043083191,0.2227831333875656,0.14204621315002441,0.7609198689460754
0,carabao,0.45984530448913574,0.2408488243818283,0.392069935798645,0.2087879478931427,0.7436671257019043
0,carabao,0.06316150724887848,0.8904298543930054,0.12632301449775696,0.2191402018070221,0.652398943901062
