class,class_name,centroid_x,centroid_y,box_width,box_height,confidence
0,carabao,0.46210289001464844,0.2296961098909378,0.07433748245239258,0.1378019005060196,0.38833439350128174
1,flower,0.6159117817878723,0.46320274472236633,0.05849289894104004,0.08778275549411774,0.3455149531364441
0,carabao,0.41162019968032837,0.8779746294021606,0.05060889571905136,0.09600991010665894,0.341328501701355
0,carabao,0.9080398678779602,0.5245503783226013,0.07967424392700195,0.10652533918619156,0.3217703700065613
0,carabao,0.5366886854171753,0.5422443747520447,0.06502771377563477,0.10372212529182434,0.30096739530563354
