class,class_name,centroid_x,centroid_y,box_width,box_height,confidence
0,carabao,0.3374623954296112,0.4300968050956726,0.3694872260093689,0.32277435064315796,0.8763328790664673
0,carabao,0.5617971420288086,0.53411865234375,0.27789998054504395,0.21099822223186493,0.8624407649040222
0,carabao,0.22109238803386688,0.31559908390045166,0.3038213551044464,0.2345452606678009,0.8540332317352295
0,carabao,0.453510582447052,0.6869408488273621,0.22419869899749756,0.18989627063274384,0.8474193811416626
0,carabao,0.5354335308074951,0.23703591525554657,0.2746538817882538,0.24600785970687866,0.8433076739311218
0,carabao,0.30525702238082886,0.5805623531341553,0.2897757291793823,0.20566508173942566,0.8199498653411865
0,carabao,0.12937790155410767,0.489591509103775,0.21523411571979523,0.18272876739501953,0.7766806483268738
0,carabao,0.4859221577644348,0.04257108271121979,0.12559279799461365,0.08476630598306656,0.36469075083732605
