class,class_name,centroid_x,centroid_y,box_width,box_height,confidence
1,flower,0.3779430687427521,0.9516831636428833,0.2078525871038437,0.09663371741771698,0.4213859736919403
1,flower,0.27060216665267944,0.8413907289505005,0.4067705273628235,0.20394206047058105,0.37292182445526123
1,flower,0.25197285413742065,0.2076142132282257,0.09322851151227951,0.08107391744852066,0.29096028208732605
1,flower,0.12976597249507904,0.9688642621040344,0.25650161504745483,0.06227149814367294,0.2678314745426178
1,flower,0.7389914989471436,0.36676499247550964,0.14684726297855377,0.11616893112659454,0.2667168080806732
1,flower,0.8563205003738403,0.2895963788032532,0.15834026038646698,0.12342755496501923,0.24990157783031464
1,flower,0.9359604716300964,0.5755488276481628,0.09115613996982574,0.07422661781311035,0.24540400505065918
1,flower,0.02959628775715828,0.4381560683250427,0.05785046145319939,0.12514793872833252,0.2433682531118393
