class,class_name,centroid_x,centroid_y,box_width,box_height,confidence
0,carabao,0.6997541189193726,0.21494655311107635,0.5308789014816284,0.3887332081794739,0.8737526535987854
0,carabao,0.27213647961616516,0.40790829062461853,0.48355451226234436,0.4123561978340149,0.8712105751037598
0,carabao,0.23541276156902313,0.8008098602294922,0.3617137372493744,0.39838019013404846,0.8647149801254272
0,carabao,0.33667275309562683,0.11273882538080215,0.49424320459365845,0.22285786271095276,0.8498305082321167
0,carabao,0.5636913180351257,0.6702349185943604,0.39328646659851074,0.5751397013664246,0.8322638869285583
0,carabao,0.10291624069213867,0.21993207931518555,0.20482735335826874,0.4398641586303711,0.7794010639190674
0,carabao,0.05186908692121506,0.6593008041381836,0.10373817384243011,0.41326889395713806,0.5889240503311157
