class,class_name,centroid_x,centroid_y,box_width,box_height,confidence
0,carabao,0.6635375022888184,0.46221044659614563,0.5225746631622314,0.6059926748275757,0.8258141875267029
