class,class_name,centroid_x,centroid_y,box_width,box_height,confidence
0,carabao,0.7200852632522583,0.5894597768783569,0.48508381843566895,0.4221883714199066,0.8726060390472412
0,carabao,0.7665183544158936,0.20122897624969482,0.36153459548950195,0.40165695548057556,0.8650521636009216
0,carabao,0.6625322103500366,0.883283257484436,0.49660903215408325,0.23293928802013397,0.8591170907020569
0,carabao,0.4290725290775299,0.31732481718063354,0.38958126306533813,0.5556482076644897,0.8531108498573303
0,carabao,0.3173670172691345,0.7748299241065979,0.5433405637741089,0.38983410596847534,0.8279306888580322
0,carabao,0.893916130065918,0.7793382406234741,0.21058158576488495,0.4372217655181885,0.7392173409461975
0,carabao,0.9440949559211731,0.378145694732666,0.11152477562427521,0.3782622516155243,0.6176941394805908
