class,class_name,centroid_x,centroid_y,box_width,box_height,confidence
2,indian,0.34870824217796326,0.6800395250320435,0.4365248680114746,0.4884888529777527,0.8054635524749756
2,indian,0.5980219841003418,0.3997918963432312,0.3921031951904297,0.42447635531425476,0.7543897032737732
