class,class_name,centroid_x,centroid_y,box_width,box_height,confidence
1,flower,0.3858978748321533,0.13624052703380585,0.20094367861747742,0.2588857412338257,0.627495288848877
1,flower,0.797192394733429,0.33159610629081726,0.3247705399990082,0.2198064625263214,0.4388795793056488
1,flower,0.7201682925224304,0.763668417930603,0.2806270122528076,0.42232364416122437,0.41178810596466064
1,flower,0.48271211981773376,0.7463940978050232,0.22708816826343536,0.3899713158607483,0.36326056718826294
1,flower,0.5231791138648987,0.23966695368289948,0.09918737411499023,0.15776118636131287,0.35277941823005676
1,flower,0.22418281435966492,0.375348836183548,0.21599321067333221,0.15927070379257202,0.2770499587059021
1,flower,0.6250794529914856,0.6886902451515198,0.08095121383666992,0.10597897320985794,0.24440997838974
