class,class_name,centroid_x,centroid_y,box_width,box_height,confidence
0,carabao,0.5155400037765503,0.5210613012313843,0.8049149513244629,0.5224517583847046,0.770603597164154
