class,class_name,centroid_x,centroid_y,box_width,box_height,confidence
0,carabao,0.6945351958274841,0.5908613801002502,0.6109296083450317,0.6035395860671997,0.8253179788589478
0,carabao,0.2425512969493866,0.341519296169281,0.48129361867904663,0.5195765495300293,0.8097741007804871
0,carabao,0.47143715620040894,0.4193551242351532,0.514306902885437,0.5177093744277954,0.7819827198982239
