class,class_name,centroid_x,centroid_y,box_width,box_height,confidence
1,flower,0.4268661439418793,0.527584969997406,0.09175419807434082,0.1456393003463745,0.5020886063575745
1,flower,0.534774899482727,0.5084254145622253,0.14325499534606934,0.2294224053621292,0.3920256197452545
1,flower,0.3936294913291931,0.6244796514511108,0.07159390300512314,0.07728651911020279,0.2803693115711212
