class,class_name,centroid_x,centroid_y,box_width,box_height,confidence
0,carabao,0.39667242765426636,0.48114535212516785,0.6477282047271729,0.5010222792625427,0.872541606426239
0,carabao,0.8874090313911438,0.6190626621246338,0.22518205642700195,0.3096276819705963,0.8427608609199524
0,carabao,0.7874687910079956,0.24013572931289673,0.42263174057006836,0.39888903498649597,0.7564784288406372
0,carabao,0.7896037101745605,0.10853302478790283,0.40357154607772827,0.21608884632587433,0.3638962507247925
