class,class_name,centroid_x,centroid_y,box_width,box_height,confidence
1,flower,0.4821535348892212,0.5978642106056213,0.9185400009155273,0.8042715787887573,0.7700097560882568
2,indian,0.48353785276412964,0.5759130716323853,0.18642641603946686,0.13749170303344727,0.2436668574810028
