class,class_name,centroid_x,centroid_y,box_width,box_height,confidence
0,carabao,0.4293225407600403,0.5481820106506348,0.23845477402210236,0.37392905354499817,0.8360918164253235
0,carabao,0.5153657793998718,0.8358656167984009,0.18294835090637207,0.30446887016296387,0.8197882771492004
0,carabao,0.3177545964717865,0.37582463026046753,0.20871448516845703,0.38995039463043213,0.7977592349052429
