class,class_name,centroid_x,centroid_y,box_width,box_height,confidence
0,carabao,0.33663034439086914,0.8034265041351318,0.5046766996383667,0.24033968150615692,0.8755146861076355
0,carabao,0.27898353338241577,0.5613571405410767,0.501975417137146,0.27360984683036804,0.8719142079353333
0,carabao,0.23562142252922058,0.2585126757621765,0.36425474286079407,0.34559398889541626,0.8674562573432922
0,carabao,0.6961327791213989,0.6870410442352295,0.5390791893005371,0.2578439712524414,0.8553441166877747
0,carabao,0.5687954425811768,0.3821617364883423,0.39309459924697876,0.37168967723846436,0.8365956544876099
0,carabao,0.11083017289638519,0.6954425573348999,0.22166034579277039,0.2983855903148651,0.6302056908607483
0,carabao,0.0556853748857975,0.39608627557754517,0.111370749771595,0.25744420289993286,0.4767974317073822
