class,class_name,centroid_x,centroid_y,box_width,box_height,confidence
1,flower,0.5163903832435608,0.6001513004302979,0.9672192335128784,0.7938714027404785,0.6950681209564209
