class,class_name,centroid_x,centroid_y,box_width,box_height,confidence
1,flower,0.14635582268238068,0.6092374920845032,0.2910236418247223,0.19581642746925354,0.5498151183128357
1,flower,0.32388734817504883,0.20855095982551575,0.23251061141490936,0.30733996629714966,0.5384214520454407
1,flower,0.24755461513996124,0.4759589731693268,0.2008160650730133,0.10242395102977753,0.5340321063995361
1,flower,0.5430374145507812,0.8721088171005249,0.18886613845825195,0.21839909255504608,0.3307272791862488
1,flower,0.35670310258865356,0.7723920345306396,0.15340137481689453,0.19655828177928925,0.24909846484661102
