class,class_name,centroid_x,centroid_y,box_width,box_height,confidence
0,carabao,0.4188865125179291,0.4370756149291992,0.30009299516677856,0.2495773583650589,0.8668496608734131
0,carabao,0.22810475528240204,0.5922215580940247,0.19608519971370697,0.17598295211791992,0.8031489253044128
0,carabao,0.5240585803985596,0.4816063344478607,0.19050446152687073,0.18257682025432587,0.7003472447395325
0,carabao,0.6325783729553223,0.399382621049881,0.13533520698547363,0.1073254868388176,0.5585143566131592
