class,class_name,centroid_x,centroid_y,box_width,box_height,confidence
2,indian,0.4397119879722595,0.5870682001113892,0.18476545810699463,0.22493958473205566,0.9179367423057556
2,indian,0.5359269380569458,0.4782732427120209,0.2014993131160736,0.23500196635723114,0.872061014175415
2,indian,0.26882657408714294,0.45865994691848755,0.1819327026605606,0.21044740080833435,0.8126574754714966
2,indian,0.7015962600708008,0.5188698768615723,0.17598047852516174,0.22307991981506348,0.7555861473083496
2,indian,0.5386037826538086,0.17938107252120972,0.21560020744800568,0.25047630071640015,0.7547054886817932
