class,class_name,centroid_x,centroid_y,box_width,box_height,confidence
0,carabao,0.25787460803985596,0.6157544851303101,0.49413177371025085,0.5758267641067505,0.8891900181770325
0,carabao,0.45916005969047546,0.23053796589374542,0.3867897689342499,0.46107593178749084,0.785999059677124
0,carabao,0.7146636843681335,0.44247978925704956,0.5269543528556824,0.7674970626831055,0.7824440598487854
