class,class_name,centroid_x,centroid_y,box_width,box_height,confidence
0,carabao,0.4657796323299408,0.3566173315048218,0.606694221496582,0.3912772536277771,0.8590927124023438
0,carabao,0.651772677898407,0.6791333556175232,0.6435210704803467,0.4330573081970215,0.849135160446167
0,carabao,0.9377298355102539,0.06744363903999329,0.12454042583703995,0.13413260877132416,0.723281741142273
0,carabao,0.5566787719726562,0.10340016335248947,0.15901398658752441,0.09941447526216507,0.5358087420463562
0,carabao,0.5583717226982117,0.087848000228405,0.16624197363853455,0.14055564999580383,0.4266793429851532
