class,class_name,centroid_x,centroid_y,box_width,box_height,confidence
0,carabao,0.29537591338157654,0.5998409986495972,0.3469490706920624,0.33310458064079285,0.8464220762252808
0,carabao,0.5713563561439514,0.45719820261001587,0.6270273923873901,0.485462486743927,0.8255977630615234
0,carabao,0.4878525733947754,0.8519134521484375,0.22395887970924377,0.177435964345932,0.737255871295929
0,carabao,0.7455581426620483,0.2416209578514099,0.16919198632240295,0.17752985656261444,0.30727848410606384
0,carabao,0.14196231961250305,0.4249689280986786,0.2829793691635132,0.20043373107910156,0.28490954637527466
