class,class_name,centroid_x,centroid_y,box_width,box_height,confidence
1,flower,0.40878158807754517,0.12202896177768707,0.06372912228107452,0.11927400529384613,0.3336428701877594
1,flower,0.5332332849502563,0.4625850319862366,0.09064088016748428,0.1531577706336975,0.3080695569515228
1,flower,0.2654837667942047,0.3161616325378418,0.27903348207473755,0.5607207417488098,0.25435829162597656
