class,class_name,centroid_x,centroid_y,box_width,box_height,confidence
0,carabao,0.33696767687797546,0.6829189658164978,0.21150679886341095,0.4378165304660797,0.8771528005599976
0,carabao,0.6183009147644043,0.6555215120315552,0.20132780075073242,0.38843560218811035,0.8648419380187988
0,carabao,0.11064843833446503,0.815306544303894,0.21483778953552246,0.3686695694923401,0.8620871305465698
0,carabao,0.23666250705718994,0.5445870161056519,0.20923146605491638,0.41166943311691284,0.8071914315223694
0,carabao,0.683098316192627,0.41494354605674744,0.24869465827941895,0.2842806577682495,0.8068498969078064
0,carabao,0.5277862548828125,0.763344407081604,0.1372978687286377,0.2256937026977539,0.7973916530609131
0,carabao,0.4365629255771637,0.5550912618637085,0.20631185173988342,0.47412800788879395,0.7859445810317993
0,carabao,0.7388566732406616,0.6565898656845093,0.16777901351451874,0.37136679887771606,0.7396008372306824
2,indian,0.8894670605659485,0.9443750381469727,0.22106590867042542,0.11124982684850693,0.6767362952232361
