class,class_name,centroid_x,centroid_y,box_width,box_height,confidence
0,carabao,0.42710357904434204,0.4523025453090668,0.5894232988357544,0.4124801754951477,0.8271411061286926
