class,class_name,centroid_x,centroid_y,box_width,box_height,confidence
0,carabao,0.5617001056671143,0.3140626847743988,0.37383195757865906,0.555182933807373,0.8790764212608337
0,carabao,0.33972397446632385,0.8867044448852539,0.4933421015739441,0.22659102082252502,0.8788822889328003
0,carabao,0.27526021003723145,0.5847493410110474,0.48878049850463867,0.41026097536087036,0.8684350848197937
0,carabao,0.23670253157615662,0.20253825187683105,0.360340416431427,0.4004708230495453,0.8622929453849792
0,carabao,0.6923287510871887,0.7777824401855469,0.5155588388442993,0.38006097078323364,0.8363285660743713
0,carabao,0.1060657948255539,0.7729834318161011,0.21060824394226074,0.452273428440094,0.74354088306427
0,carabao,0.05326668173074722,0.3473026752471924,0.10567708313465118,0.4097368121147156,0.6800670027732849
