class,class_name,centroid_x,centroid_y,box_width,box_height,confidence
0,carabao,0.4139499068260193,0.6049450635910034,0.32739096879959106,0.4421391487121582,0.8040140271186829
0,carabao,0.6158936023712158,0.6901789903640747,0.3037692904472351,0.44202232360839844,0.7949928045272827
