class,class_name,centroid_x,centroid_y,box_width,box_height,confidence
0,carabao,0.20199434459209442,0.44410642981529236,0.39819273352622986,0.5102730989456177,0.866296648979187
0,carabao,0.36035284399986267,0.7312663197517395,0.27905458211898804,0.4947258234024048,0.8221413493156433
0,carabao,0.8403921127319336,0.6396325826644897,0.29497337341308594,0.5487135648727417,0.8089051842689514
0,carabao,0.5876928567886353,0.5853711366653442,0.28444671630859375,0.5302865505218506,0.7639014720916748
