class,class_name,centroid_x,centroid_y,box_width,box_height,confidence
2,indian,0.4184565544128418,0.5535966157913208,0.3507528305053711,0.24862980842590332,0.7878298163414001
2,indian,0.38241463899612427,0.38587579131126404,0.35206496715545654,0.21603910624980927,0.7447287440299988
