class,class_name,centroid_x,centroid_y,box_width,box_height,confidence
0,carabao,0.576401948928833,0.3339505195617676,0.43765929341316223,0.13955536484718323,0.8744847774505615
0,carabao,0.5518901944160461,0.45451030135154724,0.46859338879585266,0.17507827281951904,0.8717523813247681
