class,class_name,centroid_x,centroid_y,box_width,box_height,confidence
0,carabao,0.5756036043167114,0.4614785611629486,0.2336159348487854,0.25615784525871277,0.8355588316917419
0,carabao,0.4917292296886444,0.34411272406578064,0.20395587384700775,0.22570788860321045,0.7799360752105713
0,carabao,0.6114831566810608,0.6437289118766785,0.23640523850917816,0.2195751667022705,0.7691291570663452
0,carabao,0.7877349853515625,0.37600815296173096,0.11891110986471176,0.09538044780492783,0.49933937191963196
