class,class_name,centroid_x,centroid_y,box_width,box_height,confidence
0,carabao,0.4478911757469177,0.435751736164093,0.4826802909374237,0.6122480630874634,0.87144535779953
0,carabao,0.6053298115730286,0.7047085762023926,0.3655458986759186,0.3431333899497986,0.8582708239555359
0,carabao,0.8365622758865356,0.5098901987075806,0.2144719958305359,0.21598052978515625,0.6148773431777954
