class,class_name,centroid_x,centroid_y,box_width,box_height,confidence
0,carabao,0.5123797655105591,0.45606565475463867,0.2086564600467682,0.6169554591178894,0.8183552026748657
