class,class_name,centroid_x,centroid_y,box_width,box_height,confidence
0,carabao,0.19022245705127716,0.6557775735855103,0.3484343886375427,0.3719366192817688,0.8442267179489136
0,carabao,0.6479300856590271,0.524207353591919,0.3366490304470062,0.3231406509876251,0.837026059627533
0,carabao,0.38985589146614075,0.34162092208862305,0.27324429154396057,0.3426515758037567,0.8347054719924927
0,carabao,0.4995426833629608,0.6693961024284363,0.28715887665748596,0.36321598291397095,0.816391110420227
0,carabao,0.17563700675964355,0.3561483323574066,0.24149535596370697,0.302376925945282,0.7801718711853027
0,carabao,0.6062473654747009,0.8204716444015503,0.23852841556072235,0.34814319014549255,0.7597936987876892
0,carabao,0.6467329263687134,0.35110244154930115,0.28731802105903625,0.24538469314575195,0.6536189317703247
0,carabao,0.37460261583328247,0.8258514404296875,0.24434441328048706,0.21710610389709473,0.6306585669517517
