class,class_name,centroid_x,centroid_y,box_width,box_height,confidence
0,carabao,0.35435181856155396,0.6501328945159912,0.3757762908935547,0.14484739303588867,0.8572442531585693
0,carabao,0.5712749361991882,0.38829272985458374,0.3621743619441986,0.20869651436805725,0.8448628783226013
0,carabao,0.7043458223342896,0.5482771396636963,0.32200661301612854,0.15920086205005646,0.8361068367958069
0,carabao,0.2671654224395752,0.5599425435066223,0.32123056054115295,0.14114561676979065,0.8246361017227173
0,carabao,0.45995745062828064,0.5244373083114624,0.2966349422931671,0.162557452917099,0.8074080348014832
0,carabao,0.4594757556915283,0.42723456025123596,0.20341430604457855,0.09823451191186905,0.4217406213283539
