class,class_name,centroid_x,centroid_y,box_width,box_height,confidence
1,flower,0.17980779707431793,0.26170414686203003,0.30758926272392273,0.4576827883720398,0.7079446911811829
1,flower,0.2027871012687683,0.6176935434341431,0.2141202688217163,0.12600398063659668,0.5334915518760681
1,flower,0.48581865429878235,0.7104911804199219,0.20466510951519012,0.20651192963123322,0.41601499915122986
1,flower,0.43141236901283264,0.554807722568512,0.2386498749256134,0.1792813241481781,0.3843090236186981
1,flower,0.5686693787574768,0.868416428565979,0.11282137036323547,0.1279125213623047,0.3407247066497803
1,flower,0.4829453229904175,0.9042887687683105,0.0965401828289032,0.18297787010669708,0.3370598554611206
1,flower,0.3083415627479553,0.765034019947052,0.19435471296310425,0.10913262516260147,0.297869473695755
1,flower,0.28581586480140686,0.7647804021835327,0.1335306465625763,0.09602570533752441,0.28486430644989014
1,flower,0.27042293548583984,0.701915442943573,0.19725197553634644,0.09724640846252441,0.2438047081232071
