class,class_name,centroid_x,centroid_y,box_width,box_height,confidence
1,flower,0.3064737915992737,0.7762198448181152,0.29568734765052795,0.20163917541503906,0.516913115978241
1,flower,0.5922574996948242,0.6273615956306458,0.34302687644958496,0.26453423500061035,0.46983179450035095
1,flower,0.783525288105011,0.3193899691104889,0.29881784319877625,0.2086913287639618,0.42739298939704895
1,flower,0.43134915828704834,0.3505009412765503,0.2672334313392639,0.17623868584632874,0.36172056198120117
1,flower,0.26994866132736206,0.6804596185684204,0.5241092443466187,0.4099322259426117,0.3221958577632904
1,flower,0.5228269696235657,0.23933549225330353,0.4019782543182373,0.24839942157268524,0.31507909297943115
1,flower,0.2166701704263687,0.5941890478134155,0.36324599385261536,0.2459864616394043,0.30816468596458435
1,flower,0.5768612027168274,0.25607576966285706,0.2760327458381653,0.17994488775730133,0.28592076897621155
1,flower,0.49911999702453613,0.20851926505565643,0.3691372275352478,0.22986264526844025,0.25247886776924133
