class,class_name,centroid_x,centroid_y,box_width,box_height,confidence
2,indian,0.5177393555641174,0.48817238211631775,0.20532265305519104,0.30905774235725403,0.8340821862220764
2,indian,0.6202813386917114,0.6458693742752075,0.21812891960144043,0.24828869104385376,0.8089584708213806
2,indian,0.7431508302688599,0.48210567235946655,0.18120035529136658,0.2332168072462082,0.7950619459152222
2,indian,0.639605700969696,0.35609275102615356,0.21385884284973145,0.2648913860321045,0.7890636324882507
2,indian,0.43491020798683167,0.6279470920562744,0.19238829612731934,0.247974693775177,0.78730708360672
2,indian,0.36589986085891724,0.3775407671928406,0.20669296383857727,0.24499614536762238,0.7511679530143738
2,indian,0.5010517835617065,0.3289172053337097,0.13640904426574707,0.14485342800617218,0.5212081074714661
