class,class_name,centroid_x,centroid_y,box_width,box_height,confidence
0,carabao,0.4555762708187103,0.5954320430755615,0.4093252420425415,0.21966418623924255,0.8337736129760742
0,carabao,0.8300440311431885,0.5249332189559937,0.3393462598323822,0.29418015480041504,0.8305485844612122
0,carabao,0.5477086305618286,0.4308406710624695,0.4523410499095917,0.22424539923667908,0.8166710138320923
