class,class_name,centroid_x,centroid_y,box_width,box_height,confidence
0,carabao,0.5247487425804138,0.33873477578163147,0.6303653717041016,0.5103086233139038,0.8425734043121338
