class,class_name,centroid_x,centroid_y,box_width,box_height,confidence
1,flower,0.41544896364212036,0.5182665586471558,0.27618885040283203,0.4511042535305023,0.4355885684490204
1,flower,0.5626580119132996,0.29209640622138977,0.23981332778930664,0.39609941840171814,0.40320146083831787
1,flower,0.7121515870094299,0.7084848284721375,0.21953019499778748,0.4087892174720764,0.3883691728115082
1,flower,0.5496818423271179,0.754842221736908,0.20145463943481445,0.37816768884658813,0.3713306784629822
1,flower,0.8349448442459106,0.286819189786911,0.32009220123291016,0.416177898645401,0.3648546040058136
1,flower,0.9366065263748169,0.7696705460548401,0.12590865790843964,0.3461361527442932,0.30507782101631165
1,flower,0.21503496170043945,0.3620336353778839,0.30710822343826294,0.3950420618057251,0.29476964473724365
