class,class_name,centroid_x,centroid_y,box_width,box_height,confidence
0,carabao,0.5452205538749695,0.5595400929450989,0.4866333603858948,0.6319330334663391,0.8632470369338989
0,carabao,0.3951970636844635,0.29499608278274536,0.349836528301239,0.360405832529068,0.8305585980415344
0,carabao,0.1484202891588211,0.49205127358436584,0.1935846358537674,0.24931316077709198,0.6918838024139404
