class,class_name,centroid_x,centroid_y,box_width,box_height,confidence
0,carabao,0.6089041829109192,0.4966813027858734,0.7528709173202515,0.606823742389679,0.7538233399391174
