class,class_name,centroid_x,centroid_y,box_width,box_height,confidence
1,flower,0.8957099914550781,0.8472064733505249,0.20858001708984375,0.3055869936943054,0.3341897428035736
