class,class_name,centroid_x,centroid_y,box_width,box_height,confidence
0,carabao,0.46188884973526,0.5341799855232239,0.13425716757774353,0.07422389835119247,0.3142499029636383
1,flower,0.33881404995918274,0.21789555251598358,0.10454729199409485,0.05356490612030029,0.2599887549877167
