class,class_name,centroid_x,centroid_y,box_width,box_height,confidence
0,carabao,0.45702701807022095,0.6962328553199768,0.6666359305381775,0.4234835207462311,0.8147568106651306
0,carabao,0.5532232522964478,0.3626262843608856,0.7218999862670898,0.43027985095977783,0.7649337649345398
