class,class_name,centroid_x,centroid_y,box_width,box_height,confidence
0,carabao,0.3633498549461365,0.3889067769050598,0.3987928628921509,0.2728939652442932,0.8709903359413147
0,carabao,0.6572681665420532,0.19113969802856445,0.377349853515625,0.34513741731643677,0.8709653615951538
0,carabao,0.5204500555992126,0.6484900116920471,0.32972443103790283,0.3200578987598419,0.8542922139167786
0,carabao,0.35885900259017944,0.1796301305294037,0.30900055170059204,0.22532230615615845,0.850590705871582
0,carabao,0.8196386098861694,0.6122668981552124,0.3524184226989746,0.2285071313381195,0.8497182726860046
0,carabao,0.6574809551239014,0.500895082950592,0.3970828056335449,0.28140494227409363,0.8439000844955444
0,carabao,0.8043488264083862,0.3838522732257843,0.289841890335083,0.218859001994133,0.7423329949378967
0,carabao,0.3586342930793762,0.6392235159873962,0.24554264545440674,0.26481232047080994,0.7152917385101318
