class,class_name,centroid_x,centroid_y,box_width,box_height,confidence
0,carabao,0.5459838509559631,0.41383904218673706,0.5616068840026855,0.7784136533737183,0.7937759757041931
