class,class_name,centroid_x,centroid_y,box_width,box_height,confidence
0,carabao,0.3394782543182373,0.19642731547355652,0.49966853857040405,0.2409248650074005,0.8875594139099121
0,carabao,0.23388980329036713,0.7384171485900879,0.35917791724205017,0.33800452947616577,0.88392573595047
0,carabao,0.6951301097869873,0.3095734119415283,0.5282270312309265,0.2545027434825897,0.8833319544792175
0,carabao,0.28106385469436646,0.4389287531375885,0.5001199841499329,0.27265864610671997,0.8819786310195923
0,carabao,0.5666781067848206,0.6168357133865356,0.38945287466049194,0.36113637685775757,0.8728553056716919
0,carabao,0.10816091299057007,0.3076140582561493,0.21632182598114014,0.3092145621776581,0.6581950783729553
0,carabao,0.05300716310739517,0.6119418740272522,0.10601432621479034,0.2591663599014282,0.6149479150772095
