class,class_name,centroid_x,centroid_y,box_width,box_height,confidence
0,carabao,0.5430562496185303,0.6266641020774841,0.48795032501220703,0.7173501253128052,0.8255984783172607
0,carabao,0.4681035876274109,0.629047155380249,0.5808945298194885,0.741905689239502,0.7455618977546692
