class,class_name,centroid_x,centroid_y,box_width,box_height,confidence
0,carabao,0.28264084458351135,0.5716046094894409,0.5355952978134155,0.7739889621734619,0.8921219706535339
0,carabao,0.7399028539657593,0.3843531012535095,0.48074212670326233,0.5957926511764526,0.8748613595962524
0,carabao,0.5414287447929382,0.7501605749130249,0.3970710039138794,0.49861636757850647,0.7731168270111084
