class,class_name,centroid_x,centroid_y,box_width,box_height,confidence
2,indian,0.31690722703933716,0.4850893020629883,0.4096717834472656,0.22586865723133087,0.7446979284286499
2,indian,0.7365320920944214,0.4751620292663574,0.34952908754348755,0.25576603412628174,0.7116590142250061
2,indian,0.43885383009910583,0.34033840894699097,0.4757344424724579,0.2723551392555237,0.6395007967948914
2,indian,0.7423329949378967,0.2319459468126297,0.3336847424507141,0.2591956853866577,0.5492203831672668
