class,class_name,centroid_x,centroid_y,box_width,box_height,confidence
0,carabao,0.4829753637313843,0.5536472797393799,0.38415879011154175,0.5365098118782043,0.9011816382408142
0,carabao,0.7371183633804321,0.35821351408958435,0.34492725133895874,0.46837282180786133,0.8705361485481262
