class,class_name,centroid_x,centroid_y,box_width,box_height,confidence
0,carabao,0.47824957966804504,0.5896925330162048,0.5025920271873474,0.6349724531173706,0.8525293469429016
0,carabao,0.6196970343589783,0.10864262282848358,0.3222465217113495,0.21638432145118713,0.8414297103881836
0,carabao,0.22340402007102966,0.24744614958763123,0.4468080401420593,0.48569852113723755,0.7660541534423828
