class,class_name,centroid_x,centroid_y,box_width,box_height,confidence
0,carabao,0.33201462030410767,0.5264016389846802,0.5128580331802368,0.6130311489105225,0.8286933898925781
0,carabao,0.9668459892272949,0.6919850707054138,0.06630802154541016,0.2625252306461334,0.3329877555370331
