class,class_name,centroid_x,centroid_y,box_width,box_height,confidence
0,carabao,0.8032054901123047,0.40633678436279297,0.3911972939968109,0.3164329528808594,0.9009689092636108
0,carabao,0.44352269172668457,0.32629215717315674,0.444150447845459,0.35488802194595337,0.8512246608734131
0,carabao,0.37465041875839233,0.6317703723907471,0.36081522703170776,0.30290427803993225,0.8491279482841492
0,carabao,0.7876434326171875,0.7699669003486633,0.33919358253479004,0.2918427884578705,0.8430216312408447
0,carabao,0.06828243285417557,0.11828567832708359,0.13656486570835114,0.16854166984558105,0.8397640585899353
0,carabao,0.6534790992736816,0.6066045761108398,0.3384912610054016,0.3019537925720215,0.8227733373641968
0,carabao,0.1280447542667389,0.021445734426379204,0.14348140358924866,0.04289146885275841,0.34517908096313477
0,carabao,0.08002300560474396,0.026825012639164925,0.06533684581518173,0.05268120393157005,0.2598259747028351
0,carabao,0.03369352966547012,0.02519676648080349,0.06738705933094025,0.049470432102680206,0.24814237654209137
