class,class_name,centroid_x,centroid_y,box_width,box_height,confidence
0,carabao,0.6863970756530762,0.49934616684913635,0.3459060788154602,0.2871132493019104,0.8316686749458313
0,carabao,0.6448779106140137,0.7631038427352905,0.37267690896987915,0.3073584735393524,0.8222833275794983
0,carabao,0.6892935633659363,0.256069540977478,0.31027722358703613,0.3175620436668396,0.8145071864128113
