class,class_name,centroid_x,centroid_y,box_width,box_height,confidence
0,carabao,0.2433135211467743,0.7807289958000183,0.36479800939559937,0.3510226607322693,0.8961349129676819
0,carabao,0.7856664657592773,0.4441206157207489,0.352691650390625,0.3056419789791107,0.8958173394203186
0,carabao,0.534360408782959,0.6287128925323486,0.36732882261276245,0.31252533197402954,0.8910363912582397
0,carabao,0.18542024493217468,0.5065882205963135,0.3397384285926819,0.2767232060432434,0.8678054809570312
0,carabao,0.685738205909729,0.14985647797584534,0.30391812324523926,0.25767093896865845,0.8643710613250732
0,carabao,0.3841242790222168,0.32416221499443054,0.33826467394828796,0.37187105417251587,0.849871814250946
0,carabao,0.7762010097503662,0.67658931016922,0.29416513442993164,0.2417822778224945,0.8377957940101624
0,carabao,0.8561830520629883,0.0680890679359436,0.17933282256126404,0.13417531549930573,0.26385632157325745
