class,class_name,centroid_x,centroid_y,box_width,box_height,confidence
0,carabao,0.4967421889305115,0.3690797686576843,0.6263715028762817,0.4948762357234955,0.8445132970809937
0,carabao,0.6005001664161682,0.6639078855514526,0.36944523453712463,0.4240238070487976,0.771423876285553
