class,class_name,centroid_x,centroid_y,box_width,box_height,confidence
0,carabao,0.5407260060310364,0.5783714056015015,0.26118430495262146,0.237922802567482,0.5873066186904907
0,carabao,0.6513569951057434,0.4885345995426178,0.23616257309913635,0.19616855680942535,0.5756532549858093
0,carabao,0.3635379672050476,0.6161943674087524,0.2091701477766037,0.23229868710041046,0.5078065991401672
0,carabao,0.6214762926101685,0.7867273092269897,0.09973430633544922,0.11857032775878906,0.4103865921497345
2,indian,0.53882896900177,0.5773470997810364,0.2585432529449463,0.23876841366291046,0.3896791636943817
2,indian,0.6517618894577026,0.4883934557437897,0.23596176505088806,0.19853846728801727,0.3873807489871979
2,indian,0.3613869547843933,0.6132370829582214,0.21142220497131348,0.2309051901102066,0.3367791473865509
