class,class_name,centroid_x,centroid_y,box_width,box_height,confidence
1,flower,0.5369299054145813,0.4938738942146301,0.11272662878036499,0.08944807201623917,0.2956638038158417
