class,class_name,centroid_x,centroid_y,box_width,box_height,confidence
1,flower,0.776394784450531,0.34721630811691284,0.4184302091598511,0.3668292462825775,0.6818640828132629
1,flower,0.7746559977531433,0.40236935019493103,0.3685687184333801,0.2438187301158905,0.618841826915741
1,flower,0.407426118850708,0.408543199300766,0.3555334210395813,0.33384889364242554,0.4219859540462494
1,flower,0.4830920994281769,0.7615982294082642,0.424381822347641,0.2868986129760742,0.41962510347366333
1,flower,0.4426105320453644,0.7639012336730957,0.3280804455280304,0.2511265277862549,0.33279258012771606
1,flower,0.2203853875398636,0.6898840665817261,0.3078711926937103,0.25015074014663696,0.32014331221580505
1,flower,0.22238580882549286,0.6782735586166382,0.2693724036216736,0.18576574325561523,0.3175070285797119
1,flower,0.6892113089561462,0.2432868778705597,0.30928319692611694,0.22306890785694122,0.29674583673477173
1,flower,0.7583950757980347,0.2567840814590454,0.4508691132068634,0.2640398442745209,0.2555210292339325
