class,class_name,centroid_x,centroid_y,box_width,box_height,confidence
0,carabao,0.4419095516204834,0.37070369720458984,0.713148295879364,0.4228777587413788,0.7775468230247498
0,carabao,0.536305844783783,0.6956374049186707,0.6643391847610474,0.44656240940093994,0.759829580783844
