class,class_name,centroid_x,centroid_y,box_width,box_height,confidence
2,indian,0.5365995764732361,0.4805845618247986,0.7848989367485046,0.5692773461341858,0.8675545454025269
2,indian,0.21201957762241364,0.8129123449325562,0.4232712686061859,0.3722107410430908,0.8123933672904968
2,indian,0.8560478687286377,0.13757750391960144,0.28680306673049927,0.27425646781921387,0.7605376243591309
2,indian,0.27370119094848633,0.17309871315956116,0.5441001057624817,0.3461422920227051,0.7575124502182007
2,indian,0.8784067034721375,0.7571584582328796,0.24056023359298706,0.42589086294174194,0.6443236470222473
2,indian,0.6017963886260986,0.10807085037231445,0.28191569447517395,0.21541032195091248,0.632722020149231
2,indian,0.8038656115531921,0.3605201840400696,0.3831599950790405,0.32827258110046387,0.5318965911865234
2,indian,0.7135874032974243,0.8298455476760864,0.23594839870929718,0.21683311462402344,0.43214765191078186
2,indian,0.49987292289733887,0.8385793566703796,0.29144033789634705,0.19013814628124237,0.24410784244537354
