class,class_name,centroid_x,centroid_y,box_width,box_height,confidence
0,carabao,0.6145961284637451,0.5811254978179932,0.45330381393432617,0.3234533965587616,0.848480761051178
0,carabao,0.694288432598114,0.38234513998031616,0.4642910063266754,0.2859404981136322,0.8204243779182434
