class,class_name,centroid_x,centroid_y,box_width,box_height,confidence
0,carabao,0.6154388189315796,0.7689638733863831,0.4331090450286865,0.24561066925525665,0.8482888340950012
0,carabao,0.674400806427002,0.5366870760917664,0.5025762319564819,0.30956587195396423,0.8414914011955261
0,carabao,0.5694772005081177,0.2888224422931671,0.5604869723320007,0.3442634344100952,0.8318049907684326
0,carabao,0.35178694128990173,0.6742534041404724,0.3018292784690857,0.21319954097270966,0.7814710736274719
