class,class_name,centroid_x,centroid_y,box_width,box_height,confidence
1,flower,0.5974370241165161,0.31885483860969543,0.05093014985322952,0.0369379036128521,0.27322787046432495
1,flower,0.5296947956085205,0.5907555818557739,0.23438481986522675,0.10749077796936035,0.269610196352005
1,flower,0.4948605000972748,0.44351738691329956,0.06510606408119202,0.05242619663476944,0.26645031571388245
1,flower,0.6159464716911316,0.37873372435569763,0.05243023857474327,0.028307747095823288,0.2506377696990967
