class,class_name,centroid_x,centroid_y,box_width,box_height,confidence
0,carabao,0.4801545739173889,0.46606382727622986,0.51332026720047,0.8200814127922058,0.7738452553749084
