class,class_name,centroid_x,centroid_y,box_width,box_height,confidence
0,carabao,0.46300211548805237,0.515358030796051,0.7615873217582703,0.5242263078689575,0.7962288856506348
