class,class_name,centroid_x,centroid_y,box_width,box_height,confidence
0,carabao,0.7283888459205627,0.5402916669845581,0.510107159614563,0.24823975563049316,0.8910005688667297
0,carabao,0.7437358498573303,0.7443754076957703,0.4820178151130676,0.2366502285003662,0.8903433680534363
0,carabao,0.27865591645240784,0.7342766523361206,0.5573118329048157,0.23645786941051483,0.8778461217880249
0,carabao,0.760875403881073,0.2959015965461731,0.4770439565181732,0.27905377745628357,0.8732883334159851
0,carabao,0.25305265188217163,0.5123979449272156,0.5061053037643433,0.25052130222320557,0.8730794191360474
0,carabao,0.27988898754119873,0.23157267272472382,0.5543975830078125,0.22825345396995544,0.8550863265991211
0,carabao,0.35565152764320374,0.4060157239437103,0.49976858496665955,0.29305922985076904,0.851859986782074
