class,class_name,centroid_x,centroid_y,box_width,box_height,confidence
2,indian,0.6404563784599304,0.6519845724105835,0.20343995094299316,0.2424553483724594,0.8449926376342773
2,indian,0.6179747581481934,0.35505610704421997,0.19373607635498047,0.23699690401554108,0.8394469022750854
2,indian,0.7449204325675964,0.51702481508255,0.16743826866149902,0.21580193936824799,0.8151584267616272
2,indian,0.5155686140060425,0.5200969576835632,0.1853621006011963,0.2850259840488434,0.8006052374839783
2,indian,0.3638182580471039,0.6282480359077454,0.19172032177448273,0.22136054933071136,0.7867425084114075
2,indian,0.4429543614387512,0.3820003569126129,0.165241077542305,0.22823962569236755,0.7518745064735413
2,indian,0.48917046189308167,0.6495358943939209,0.13718299567699432,0.14805695414543152,0.5096343755722046
