class,class_name,centroid_x,centroid_y,box_width,box_height,confidence
2,indian,0.3172719180583954,0.5185973048210144,0.3893944323062897,0.22174429893493652,0.6549561023712158
2,indian,0.7347714304924011,0.526274561882019,0.3389028012752533,0.2563411295413971,0.6021779775619507
2,indian,0.43503502011299133,0.6617442965507507,0.4634920656681061,0.2690541744232178,0.5923112630844116
2,indian,0.740240216255188,0.7711373567581177,0.34179654717445374,0.25503116846084595,0.5833603739738464
