class,class_name,centroid_x,centroid_y,box_width,box_height,confidence
0,carabao,0.2611767649650574,0.3601180613040924,0.5033524632453918,0.2741684317588806,0.8902404308319092
0,carabao,0.5617616176605225,0.20187442004680634,0.5082019567489624,0.38097256422042847,0.8749899864196777
0,carabao,0.36814966797828674,0.8370272517204285,0.5769109725952148,0.29149526357650757,0.8526647686958313
0,carabao,0.41846561431884766,0.5811002850532532,0.5428239107131958,0.26962652802467346,0.8298947811126709
