class,class_name,centroid_x,centroid_y,box_width,box_height,confidence
0,carabao,0.5212321877479553,0.6205787062644958,0.6045210957527161,0.7331455945968628,0.8041943907737732
