class,class_name,centroid_x,centroid_y,box_width,box_height,confidence
0,carabao,0.3956645131111145,0.5349804759025574,0.34155285358428955,0.2842022180557251,0.8495506048202515
0,carabao,0.5479183793067932,0.7547615170478821,0.30619123578071594,0.28940704464912415,0.8351481556892395
0,carabao,0.6946157217025757,0.5660834908485413,0.38036221265792847,0.30354779958724976,0.8323643803596497
0,carabao,0.6572598218917847,0.28342944383621216,0.4374238848686218,0.44982481002807617,0.822253406047821
0,carabao,0.4187730848789215,0.2118837982416153,0.3113653063774109,0.2785716950893402,0.8092254996299744
0,carabao,0.8844917416572571,0.5372030735015869,0.22720174491405487,0.23573659360408783,0.761468768119812
0,carabao,0.8213321566581726,0.34980377554893494,0.20247392356395721,0.2087249755859375,0.7084993720054626
