class,class_name,centroid_x,centroid_y,box_width,box_height,confidence
0,carabao,0.6296170949935913,0.27245184779167175,0.31984588503837585,0.3245611786842346,0.8898690938949585
0,carabao,0.5001751780509949,0.5682855248451233,0.344105988740921,0.3511739671230316,0.8456850647926331
0,carabao,0.6594234704971313,0.8007715344429016,0.31429582834243774,0.2807021141052246,0.8370065689086914
0,carabao,0.36889514327049255,0.7844270467758179,0.30361509323120117,0.3579380512237549,0.8359326124191284
0,carabao,0.2907106876373291,0.4616130292415619,0.32768183946609497,0.32319432497024536,0.8300920128822327
