class,class_name,centroid_x,centroid_y,box_width,box_height,confidence
0,carabao,0.2956811487674713,0.39424657821655273,0.5913622975349426,0.5869926810264587,0.8478150963783264
0,carabao,0.7562669515609741,0.6496665477752686,0.4874660074710846,0.5508697032928467,0.8019967079162598
0,carabao,0.5193835496902466,0.5709541440010071,0.5189405679702759,0.534001886844635,0.7801286578178406
