class,class_name,centroid_x,centroid_y,box_width,box_height,confidence
0,carabao,0.5313578248023987,0.4816003441810608,0.7877634763717651,0.5231313705444336,0.8141680359840393
