class,class_name,centroid_x,centroid_y,box_width,box_height,confidence
0,carabao,0.45640069246292114,0.4468008279800415,0.18425187468528748,0.4735011160373688,0.8478454947471619
0,carabao,0.33534669876098633,0.43541720509529114,0.14447346329689026,0.45630112290382385,0.7875955104827881
