class,class_name,centroid_x,centroid_y,box_width,box_height,confidence
0,carabao,0.43058842420578003,0.45524314045906067,0.2306794673204422,0.4587617814540863,0.8161640167236328
0,carabao,0.6012617349624634,0.5473613142967224,0.2493341863155365,0.4221104681491852,0.7898924946784973
0,carabao,0.523583173751831,0.17732590436935425,0.3239280581474304,0.3546518087387085,0.781822681427002
