class,class_name,centroid_x,centroid_y,box_width,box_height,confidence
2,indian,0.5559158325195312,0.4226151406764984,0.2714838981628418,0.3494079113006592,0.733102560043335
2,indian,0.38508638739585876,0.3855680227279663,0.22847576439380646,0.3464334011077881,0.7066460251808167
