class,class_name,centroid_x,centroid_y,box_width,box_height,confidence
2,indian,0.49479904770851135,0.5023453235626221,0.5490819215774536,0.8728689551353455,0.7897690534591675
2,indian,0.8113870620727539,0.2024272382259369,0.3770488202571869,0.3989892601966858,0.7598620653152466
2,indian,0.14520347118377686,0.8537634611129761,0.2902369499206543,0.292473167181015,0.6929777264595032
2,indian,0.7755407691001892,0.8725958466529846,0.4062146246433258,0.25480833649635315,0.6061872243881226
2,indian,0.35657453536987305,0.7803550958633423,0.3104931712150574,0.39934009313583374,0.41285422444343567
2,indian,0.49339359998703003,0.10256058722734451,0.28211653232574463,0.205120250582695,0.3217301368713379
2,indian,0.1220858246088028,0.37308040261268616,0.2441716492176056,0.7461608052253723,0.29626014828681946
2,indian,0.829239547252655,0.5041587948799133,0.2381584644317627,0.3131546676158905,0.24496270716190338
