class,class_name,centroid_x,centroid_y,box_width,box_height,confidence
2,indian,0.5012834072113037,0.5156077146530151,0.5412675738334656,0.8431024551391602,0.8083699941635132
2,indian,0.18744924664497375,0.21236272156238556,0.3748984932899475,0.41092991828918457,0.7580887675285339
2,indian,0.8571426272392273,0.8569927215576172,0.28571462631225586,0.2860145568847656,0.7396726012229919
2,indian,0.22000233829021454,0.8744708299636841,0.39761289954185486,0.2510582208633423,0.44983792304992676
2,indian,0.5150269269943237,0.10440602153539658,0.2804572284221649,0.20881204307079315,0.3883824944496155
2,indian,0.058419954031705856,0.4421338737010956,0.11631269752979279,0.7754392623901367,0.32856476306915283
2,indian,0.8772961497306824,0.3768679201602936,0.2441682368516922,0.710057258605957,0.2771470248699188
0,carabao,0.24656490981578827,0.8725790977478027,0.4754089415073395,0.2548418343067169,0.266644150018692
2,indian,0.10576212406158447,0.45474186539649963,0.21152424812316895,0.8252764940261841,0.24601085484027863
