class,class_name,centroid_x,centroid_y,box_width,box_height,confidence
0,carabao,0.29511845111846924,0.6465805768966675,0.43593794107437134,0.42013415694236755,0.8548798561096191
0,carabao,0.5362948179244995,0.39658570289611816,0.27715709805488586,0.32575342059135437,0.8330426812171936
0,carabao,0.5694509744644165,0.7032617330551147,0.2943860590457916,0.36085766553878784,0.817600429058075
0,carabao,0.7661942839622498,0.5521417856216431,0.30631783604621887,0.31174132227897644,0.8151032328605652
0,carabao,0.20625357329845428,0.4167671203613281,0.2894684672355652,0.2918124198913574,0.8140371441841125
0,carabao,0.535700798034668,0.8853331804275513,0.24543419480323792,0.22822551429271698,0.7375934720039368
0,carabao,0.3498690724372864,0.8039835691452026,0.22327519953250885,0.20917339622974396,0.6500211954116821
