class,class_name,centroid_x,centroid_y,box_width,box_height,confidence
2,indian,0.3465515971183777,0.3915373384952545,0.2166675627231598,0.14397983253002167,0.6937505006790161
2,indian,0.5077680349349976,0.3467249572277069,0.23178580403327942,0.14067693054676056,0.6710159778594971
2,indian,0.3527650237083435,0.17932912707328796,0.1816096156835556,0.1373358964920044,0.6345236301422119
1,flower,0.8507283329963684,0.4706401228904724,0.29854336380958557,0.2596632242202759,0.6327605843544006
2,indian,0.34780827164649963,0.5610585808753967,0.25530824065208435,0.1318584382534027,0.6287032961845398
2,indian,0.30575770139694214,0.7217302322387695,0.28742948174476624,0.1754598617553711,0.6158288717269897
2,indian,0.727514922618866,0.3060586750507355,0.303780734539032,0.14837364852428436,0.525021493434906
