class,class_name,centroid_x,centroid_y,box_width,box_height,confidence
0,carabao,0.5783788561820984,0.5582952499389648,0.5906625986099243,0.4042797088623047,0.8543482422828674
