class,class_name,centroid_x,centroid_y,box_width,box_height,confidence
0,carabao,0.3618583679199219,0.2584761083126068,0.5167888402938843,0.3600586950778961,0.8748800754547119
0,carabao,0.560979425907135,0.512035608291626,0.5313225984573364,0.37680572271347046,0.8671141266822815
