class,class_name,centroid_x,centroid_y,box_width,box_height,confidence
2,indian,0.2845364212989807,0.4931619465351105,0.35920172929763794,0.404358834028244,0.6898669004440308
2,indian,0.3179996907711029,0.6641718149185181,0.3814797103404999,0.35907241702079773,0.6205998063087463
2,indian,0.45047441124916077,0.3061588406562805,0.3402095437049866,0.40803757309913635,0.5702826976776123
0,carabao,0.4507690370082855,0.3026803135871887,0.33766838908195496,0.404215008020401,0.4451083540916443
