class,class_name,centroid_x,centroid_y,box_width,box_height,confidence
2,indian,0.3436330258846283,0.4210062325000763,0.12774407863616943,0.24516524374485016,0.6945204734802246
2,indian,0.6880702972412109,0.35770490765571594,0.14362430572509766,0.2661744952201843,0.6811418533325195
2,indian,0.13303332030773163,0.6416811347007751,0.09521938115358353,0.1754148304462433,0.6324496865272522
