class,class_name,centroid_x,centroid_y,box_width,box_height,confidence
0,carabao,0.47653335332870483,0.33421045541763306,0.55718594789505,0.5937525033950806,0.8641825318336487
0,carabao,0.707643449306488,0.6411672830581665,0.48301106691360474,0.5980912446975708,0.8315550684928894
