class,class_name,centroid_x,centroid_y,box_width,box_height,confidence
1,flower,0.24183981120586395,0.32486170530319214,0.4473066031932831,0.4153447151184082,0.5717963576316833
1,flower,0.5883421301841736,0.3788713812828064,0.34427639842033386,0.2760527729988098,0.5189706683158875
1,flower,0.5352224707603455,0.766907811164856,0.46015363931655884,0.28723007440567017,0.41685324907302856
1,flower,0.7788979411125183,0.6964852213859558,0.30147600173950195,0.24169763922691345,0.40287014842033386
1,flower,0.7810768485069275,0.683140218257904,0.2797450125217438,0.1804213523864746,0.32183295488357544
1,flower,0.5292554497718811,0.7772437334060669,0.3648885190486908,0.2518916726112366,0.3035028576850891
1,flower,0.43605566024780273,0.6348329782485962,0.2922040522098541,0.17824125289916992,0.2925076484680176
1,flower,0.29276490211486816,0.25078916549682617,0.3437741994857788,0.2451244294643402,0.2628551721572876
2,indian,0.12031404674053192,0.8648810386657715,0.24062809348106384,0.27023792266845703,0.24310031533241272
