class,class_name,centroid_x,centroid_y,box_width,box_height,confidence
0,carabao,0.7215284109115601,0.2650473117828369,0.5569431185722351,0.2442018985748291,0.8907526731491089
0,carabao,0.2684747278690338,0.4572436809539795,0.5078585743904114,0.24867260456085205,0.8899981379508972
0,carabao,0.24583561718463898,0.6930699944496155,0.49167123436927795,0.27323541045188904,0.888963520526886
0,carabao,0.25291335582733154,0.2545706331729889,0.4903939664363861,0.23583665490150452,0.877402663230896
0,carabao,0.7485763430595398,0.48506563901901245,0.5028473734855652,0.2401745319366455,0.8651726841926575
0,carabao,0.644376814365387,0.6004433631896973,0.5040607452392578,0.28529492020606995,0.8358020782470703
0,carabao,0.7093464136123657,0.7651644945144653,0.5642051696777344,0.22712913155555725,0.8251274824142456
