class,class_name,centroid_x,centroid_y,box_width,box_height,confidence
0,carabao,0.6888560652732849,0.7304717898368835,0.3150242865085602,0.3385034203529358,0.8308841586112976
0,carabao,0.6493606567382812,0.23736955225467682,0.3630750775337219,0.3078581988811493,0.8272997140884399
0,carabao,0.6836140155792236,0.49599489569664,0.33824968338012695,0.2915341556072235,0.8166273236274719
