class,class_name,centroid_x,centroid_y,box_width,box_height,confidence
0,carabao,0.3291817307472229,0.35429415106773376,0.44486427307128906,0.6054919362068176,0.892880916595459
0,carabao,0.6429020166397095,0.5274876356124878,0.43097561597824097,0.5541079640388489,0.8431998491287231
0,carabao,0.8893479704856873,0.4381799101829529,0.12825043499469757,0.15882806479930878,0.3940020501613617
0,carabao,0.9337820410728455,0.05772168189287186,0.13232040405273438,0.11544336378574371,0.31596529483795166
0,carabao,0.05292995274066925,0.43623465299606323,0.10531297326087952,0.2684328556060791,0.2875160276889801
