class,class_name,centroid_x,centroid_y,box_width,box_height,confidence
0,carabao,0.1121375784277916,0.3774125277996063,0.2242751568555832,0.3107077181339264,0.8455679416656494
0,carabao,0.5990546941757202,0.5092856287956238,0.6593055725097656,0.502968966960907,0.8146612644195557
0,carabao,0.21310286223888397,0.7832146883010864,0.42620572447776794,0.43357053399086,0.7657284736633301
