class,class_name,centroid_x,centroid_y,box_width,box_height,confidence
0,carabao,0.50994873046875,0.3708887994289398,0.5423126816749573,0.7417775988578796,0.8169644474983215
