class,class_name,centroid_x,centroid_y,box_width,box_height,confidence
0,carabao,0.575481116771698,0.28940361738204956,0.375397264957428,0.4029301106929779,0.8455383777618408
0,carabao,0.4047011733055115,0.5206297636032104,0.2953692674636841,0.32698366045951843,0.8382706642150879
