class,class_name,centroid_x,centroid_y,box_width,box_height,confidence
0,carabao,0.6664470434188843,0.41791629791259766,0.3945469856262207,0.46922120451927185,0.7381159663200378
