class,class_name,centroid_x,centroid_y,box_width,box_height,confidence
0,carabao,0.36123600602149963,0.3445441722869873,0.3783113658428192,0.14130032062530518,0.841131329536438
0,carabao,0.5629638433456421,0.6077609062194824,0.37573331594467163,0.21088862419128418,0.8397815227508545
0,carabao,0.7032469511032104,0.44903579354286194,0.32801032066345215,0.16446276009082794,0.830750048160553
0,carabao,0.4633730947971344,0.4687959551811218,0.2967767119407654,0.16764378547668457,0.8173315525054932
0,carabao,0.2617225646972656,0.4324968457221985,0.30892324447631836,0.1386803388595581,0.7948419451713562
0,carabao,0.4991981089115143,0.5544695854187012,0.2861956059932709,0.12099657207727432,0.49563947319984436
