class,class_name,centroid_x,centroid_y,box_width,box_height,confidence
0,carabao,0.5645660161972046,0.730006217956543,0.14482054114341736,0.31623655557632446,0.8310954570770264
0,carabao,0.6566227674484253,0.6403542757034302,0.15034937858581543,0.3793061375617981,0.8267946243286133
0,carabao,0.5504730939865112,0.2824149429798126,0.16766849160194397,0.3181990683078766,0.8234481811523438
0,carabao,0.3867589831352234,0.4289490878582001,0.21871674060821533,0.3614816665649414,0.8220534920692444
0,carabao,0.5239191055297852,0.5364511609077454,0.17063379287719727,0.2851516604423523,0.8012856245040894
0,carabao,0.43486443161964417,0.5287944078445435,0.10218300670385361,0.19984395802021027,0.5183765888214111
