class,class_name,centroid_x,centroid_y,box_width,box_height,confidence
0,carabao,0.8109457492828369,0.6580163240432739,0.3473276197910309,0.36988401412963867,0.8556625843048096
0,carabao,0.34595558047294617,0.5221172571182251,0.33133047819137573,0.32871219515800476,0.8507702350616455
0,carabao,0.6088815927505493,0.34082499146461487,0.2774912714958191,0.34362298250198364,0.8257110118865967
0,carabao,0.49636879563331604,0.6673070788383484,0.290700763463974,0.36941808462142944,0.8206838965415955
0,carabao,0.3808329403400421,0.8141509294509888,0.21938593685626984,0.35833612084388733,0.7887327075004578
0,carabao,0.3519172668457031,0.35070404410362244,0.2788945436477661,0.23810608685016632,0.7669546604156494
0,carabao,0.8193355798721313,0.35590624809265137,0.2562195360660553,0.30979835987091064,0.6786516904830933
0,carabao,0.616104006767273,0.8271923065185547,0.2333042472600937,0.21207666397094727,0.5918049812316895
