class,class_name,centroid_x,centroid_y,box_width,box_height,confidence
0,carabao,0.3826814889907837,0.2872433662414551,0.5756340622901917,0.5705221891403198,0.8811608552932739
0,carabao,0.6566966772079468,0.7524756193161011,0.5276602506637573,0.4872095584869385,0.7861451506614685
0,carabao,0.5754222869873047,0.5228749513626099,0.5210021734237671,0.4884621202945709,0.7859156131744385
