class,class_name,centroid_x,centroid_y,box_width,box_height,confidence
0,carabao,0.5979244709014893,0.51657634973526,0.29010891914367676,0.3194597065448761,0.846493124961853
0,carabao,0.4220186471939087,0.2869367301464081,0.37130776047706604,0.40530791878700256,0.8431732058525085
2,indian,0.27820971608161926,0.9481198191642761,0.2559468746185303,0.10376033931970596,0.2689223289489746
