class,class_name,centroid_x,centroid_y,box_width,box_height,confidence
1,flower,0.2802653908729553,0.2799413204193115,0.21521687507629395,0.38229432702064514,0.6337240934371948
1,flower,0.7831796407699585,0.6335623860359192,0.3020249009132385,0.39241793751716614,0.5234753489494324
1,flower,0.06603819131851196,0.23764723539352417,0.13207638263702393,0.34365200996398926,0.5091745257377625
1,flower,0.15078702569007874,0.7162162065505981,0.28039002418518066,0.3959479033946991,0.48670703172683716
1,flower,0.5594632029533386,0.4812754690647125,0.25644612312316895,0.4204925000667572,0.4233708083629608
1,flower,0.42913493514060974,0.7112364768981934,0.2297649085521698,0.4060279428958893,0.4133428931236267
1,flower,0.8299551010131836,0.3675008714199066,0.20834532380104065,0.3024192154407501,0.3822770416736603
1,flower,0.44532984495162964,0.2558854818344116,0.2218925952911377,0.37900903820991516,0.3487846851348877
1,flower,0.44602447748184204,0.25176045298576355,0.17308053374290466,0.27894484996795654,0.2554251551628113
