class,class_name,centroid_x,centroid_y,box_width,box_height,confidence
0,carabao,0.3641892075538635,0.4945495128631592,0.4736417829990387,0.617651641368866,0.867339551448822
0,carabao,0.6740545034408569,0.5967468023300171,0.41057705879211426,0.3613898754119873,0.8320420384407043
