class,class_name,centroid_x,centroid_y,box_width,box_height,confidence
0,carabao,0.6409804821014404,0.31342414021492004,0.31662434339523315,0.22238941490650177,0.8606919646263123
0,carabao,0.3225862979888916,0.44998693466186523,0.5114842653274536,0.2982483506202698,0.8474704027175903
0,carabao,0.3839791417121887,0.22666989266872406,0.42500901222229004,0.24209155142307281,0.8193632364273071
0,carabao,0.43410396575927734,0.7029505372047424,0.578252375125885,0.35549813508987427,0.8029167056083679
0,carabao,0.19617539644241333,0.34318482875823975,0.20279419422149658,0.1188385859131813,0.5660149455070496
