class,class_name,centroid_x,centroid_y,box_width,box_height,confidence
2,indian,0.6445426344871521,0.3143698573112488,0.2903030514717102,0.14725835621356964,0.74515700340271
2,indian,0.5689625144004822,0.6507506370544434,0.30795231461524963,0.14101338386535645,0.6745195388793945
2,indian,0.35287755727767944,0.8639575839042664,0.20717960596084595,0.09146852791309357,0.6477050185203552
2,indian,0.20243117213249207,0.6108425855636597,0.28979262709617615,0.1501929759979248,0.584983766078949
