class,class_name,centroid_x,centroid_y,box_width,box_height,confidence
0,carabao,0.5151628851890564,0.5574018359184265,0.39189180731773376,0.5104678869247437,0.8830574750900269
0,carabao,0.26154428720474243,0.36020320653915405,0.34455621242523193,0.4703226089477539,0.858555793762207
