class,class_name,centroid_x,centroid_y,box_width,box_height,confidence
1,flower,0.280707448720932,0.4910469055175781,0.07036173343658447,0.05707492679357529,0.2881258428096771
1,flower,0.4627666473388672,0.49539709091186523,0.11270412057638168,0.08821310847997665,0.2734912037849426
1,flower,0.3653551936149597,0.5354906320571899,0.08143334835767746,0.07339000701904297,0.2542496621608734
