class,class_name,centroid_x,centroid_y,box_width,box_height,confidence
0,carabao,0.42848262190818787,0.7145296931266785,0.3721354305744171,0.39335766434669495,0.8615493774414062
0,carabao,0.6004903316497803,0.4855926036834717,0.2876572012901306,0.3120793402194977,0.8488059043884277
