class,class_name,centroid_x,centroid_y,box_width,box_height,confidence
1,flower,0.4993410110473633,0.6312108039855957,0.22021250426769257,0.6373456716537476,0.530134379863739
1,flower,0.8773962259292603,0.7325088381767273,0.21593865752220154,0.33366531133651733,0.48156511783599854
1,flower,0.2468574494123459,0.5542598962783813,0.3154638409614563,0.6927598714828491,0.4560553729534149
1,flower,0.6882661581039429,0.6533329486846924,0.2968851923942566,0.6199173927307129,0.38075968623161316
1,flower,0.7578350901603699,0.6472055315971375,0.45656561851501465,0.6199287176132202,0.37008896470069885
1,flower,0.7249583005905151,0.4642482101917267,0.15721631050109863,0.24641934037208557,0.2784937918186188
1,flower,0.08249066770076752,0.32248765230178833,0.16498133540153503,0.3879234194755554,0.2638700604438782
