class,class_name,centroid_x,centroid_y,box_width,box_height,confidence
0,carabao,0.36596325039863586,0.4339968264102936,0.37810468673706055,0.706548810005188,0.8619371652603149
0,carabao,0.698768675327301,0.5502484440803528,0.3918648958206177,0.7042974233627319,0.8584198951721191
