class,class_name,centroid_x,centroid_y,box_width,box_height,confidence
2,indian,0.1871052086353302,0.7319948673248291,0.3742104172706604,0.5360102653503418,0.8517728447914124
2,indian,0.6061483025550842,0.6301274299621582,0.5260308384895325,0.5055450201034546,0.8265162706375122
2,indian,0.6260048151016235,0.17677578330039978,0.429008811712265,0.3494260311126709,0.7998886108398438
2,indian,0.858411431312561,0.3755113482475281,0.2821948528289795,0.37459295988082886,0.7599433660507202
2,indian,0.2729575037956238,0.36162230372428894,0.44329530000686646,0.4589739441871643,0.7424522042274475
2,indian,0.2187945395708084,0.12381070852279663,0.3794429898262024,0.2473941594362259,0.6911795735359192
2,indian,0.9483550786972046,0.6821543574333191,0.10319681465625763,0.4135197103023529,0.5177380442619324
