class,class_name,centroid_x,centroid_y,box_width,box_height,confidence
1,flower,0.4964812397956848,0.4832744002342224,0.1765243113040924,0.2890862226486206,0.44918686151504517
1,flower,0.3081148564815521,0.6857662796974182,0.09715068340301514,0.10140132158994675,0.3045333921909332
1,flower,0.6307457685470581,0.5053882002830505,0.15282607078552246,0.295424222946167,0.2988647520542145
1,flower,0.06089825555682182,0.3415493369102478,0.10794787108898163,0.13643667101860046,0.26942408084869385
