class,class_name,centroid_x,centroid_y,box_width,box_height,confidence
2,indian,0.3960936665534973,0.6559305787086487,0.1415032148361206,0.2136772722005844,0.7040663957595825
2,indian,0.3499178886413574,0.4935440123081207,0.13381502032279968,0.2250412255525589,0.6897885203361511
2,indian,0.5602092742919922,0.661574125289917,0.14332222938537598,0.22822876274585724,0.6698105931282043
2,indian,0.17963168025016785,0.6496766209602356,0.13247278332710266,0.16992810368537903,0.6274659633636475
2,indian,0.7189210057258606,0.6989073157310486,0.1673877239227295,0.2531239092350006,0.6115844249725342
1,flower,0.464372456073761,0.1473531574010849,0.2928338944911957,0.2947063148021698,0.5106691122055054
