class,class_name,centroid_x,centroid_y,box_width,box_height,confidence
0,carabao,0.6232994198799133,0.25051242113113403,0.6110879182815552,0.4899289309978485,0.8619786500930786
0,carabao,0.4490428864955902,0.7228209972381592,0.7465875744819641,0.5470091700553894,0.8334121108055115
0,carabao,0.25637221336364746,0.4540729820728302,0.5127444267272949,0.3994482159614563,0.7794400453567505
