class,class_name,centroid_x,centroid_y,box_width,box_height,confidence
0,carabao,0.5872058868408203,0.3333171308040619,0.48920708894729614,0.356810063123703,0.8143700361251831
