class,class_name,centroid_x,centroid_y,box_width,box_height,confidence
0,carabao,0.16894233226776123,0.37926679849624634,0.3092494010925293,0.4918837547302246,0.8507534861564636
0,carabao,0.7230072617530823,0.33975619077682495,0.31012868881225586,0.4485965669155121,0.8375438451766968
0,carabao,0.7265426516532898,0.7057552337646484,0.4912799894809723,0.34758418798446655,0.831030011177063
0,carabao,0.46768563985824585,0.426161527633667,0.3284958004951477,0.45880961418151855,0.8242431879043579
0,carabao,0.35115504264831543,0.7338371276855469,0.32126495242118835,0.4347233176231384,0.8216663002967834
