class,class_name,centroid_x,centroid_y,box_width,box_height,confidence
0,carabao,0.36419588327407837,0.7348244190216064,0.5027183294296265,0.358897864818573,0.8666561245918274
0,carabao,0.5698432326316833,0.4841082692146301,0.531920313835144,0.37550291419029236,0.8610705733299255
