class,class_name,centroid_x,centroid_y,box_width,box_height,confidence
2,indian,0.28210216760635376,0.5017568469047546,0.3640916347503662,0.43143007159233093,0.7853856086730957
2,indian,0.4463116526603699,0.710640549659729,0.36657509207725525,0.4203518331050873,0.7625437378883362
2,indian,0.3138504922389984,0.3323889970779419,0.3842410743236542,0.3367302119731903,0.6160592436790466
