class,class_name,centroid_x,centroid_y,box_width,box_height,confidence
1,flower,0.5917381048202515,0.3340202569961548,0.5045205354690552,0.22113452851772308,0.4580809772014618
1,flower,0.18176284432411194,0.28488537669181824,0.16673994064331055,0.16804324090480804,0.41335636377334595
1,flower,0.6430858373641968,0.28313833475112915,0.05767965316772461,0.07999975234270096,0.30073094367980957
