class,class_name,centroid_x,centroid_y,box_width,box_height,confidence
0,carabao,0.19756972789764404,0.5911761522293091,0.3951394557952881,0.3385179340839386,0.8735024929046631
0,carabao,0.6237026453018188,0.3649371564388275,0.3612205386161804,0.3031562268733978,0.8561644554138184
0,carabao,0.5498446226119995,0.6880596280097961,0.4571561813354492,0.39718154072761536,0.8474916815757751
0,carabao,0.21725554764270782,0.2292071133852005,0.34583771228790283,0.2852495610713959,0.8427717685699463
0,carabao,0.3536633849143982,0.38324642181396484,0.33171147108078003,0.3019647002220154,0.8380395770072937
0,carabao,0.9309861063957214,0.8812714219093323,0.13802775740623474,0.18215255439281464,0.7633183598518372
0,carabao,0.8546444177627563,0.9751084446907043,0.1257571280002594,0.049466323107481,0.30301037430763245
