class,class_name,centroid_x,centroid_y,box_width,box_height,confidence
0,carabao,0.2485942840576172,0.4261449873447418,0.3538143038749695,0.5796383619308472,0.8533469438552856
0,carabao,0.6888364553451538,0.7262846231460571,0.29841405153274536,0.5413936376571655,0.8217162489891052
0,carabao,0.490548312664032,0.23660573363304138,0.23149767518043518,0.47321146726608276,0.8073757290840149
0,carabao,0.37559789419174194,0.638274073600769,0.2288903295993805,0.4416930079460144,0.7649427056312561
0,carabao,0.49015942215919495,0.7161592245101929,0.18469782173633575,0.41854268312454224,0.5923507213592529
