class,class_name,centroid_x,centroid_y,box_width,box_height,confidence
0,carabao,0.6077645421028137,0.4846127927303314,0.6547325253486633,0.5070157647132874,0.8882004022598267
0,carabao,0.11810328811407089,0.6260166168212891,0.23607592284679413,0.3173350393772125,0.8182662725448608
0,carabao,0.20738640427589417,0.21188631653785706,0.41477280855178833,0.4237726330757141,0.8024149537086487
