class,class_name,centroid_x,centroid_y,box_width,box_height,confidence
0,carabao,0.4560292363166809,0.5967437028884888,0.5713098049163818,0.7759647369384766,0.8257384896278381
