class,class_name,centroid_x,centroid_y,box_width,box_height,confidence
0,carabao,0.3864861726760864,0.3434152603149414,0.6065568327903748,0.6135351061820984,0.8043257594108582
0,carabao,0.6301448941230774,0.6274572610855103,0.599445104598999,0.6124573945999146,0.7798502445220947
