class,class_name,centroid_x,centroid_y,box_width,box_height,confidence
0,carabao,0.3605392575263977,0.6793777942657471,0.2665364444255829,0.26274651288986206,0.8389703631401062
0,carabao,0.5608354210853577,0.3624657988548279,0.3048226237297058,0.29431620240211487,0.8278891444206238
0,carabao,0.2076045125722885,0.4762038588523865,0.21824103593826294,0.1700129508972168,0.823258101940155
0,carabao,0.674152672290802,0.17132128775119781,0.26773807406425476,0.17903368175029755,0.8161558508872986
0,carabao,0.7938240766525269,0.4137636125087738,0.27579960227012634,0.27195730805397034,0.7786296010017395
0,carabao,0.8178721070289612,0.21715614199638367,0.15228475630283356,0.14446339011192322,0.7486088275909424
0,carabao,0.5750875473022461,0.2021733522415161,0.13618816435337067,0.11314673721790314,0.7169989347457886
0,carabao,0.2688843905925751,0.6147116422653198,0.13065770268440247,0.12431154400110245,0.693604052066803
0,carabao,0.31293895840644836,0.5089146494865417,0.11371354013681412,0.1054786667227745,0.6899626851081848
