class,class_name,centroid_x,centroid_y,box_width,box_height,confidence
0,carabao,0.33269283175468445,0.5833348631858826,0.37521374225616455,0.4627320170402527,0.7120702862739563
