class,class_name,centroid_x,centroid_y,box_width,box_height,confidence
0,carabao,0.6421980261802673,0.23011764883995056,0.45451536774635315,0.20925703644752502,0.831146776676178
0,carabao,0.461341917514801,0.6540089249610901,0.3584575653076172,0.3072630763053894,0.8144050240516663
0,carabao,0.47651976346969604,0.3865230977535248,0.4216878116130829,0.3100510537624359,0.8056145310401917
0,carabao,0.23930086195468903,0.36694297194480896,0.3082852065563202,0.2761898934841156,0.758110761642456
0,carabao,0.596222460269928,0.8121797442436218,0.36177346110343933,0.2564307749271393,0.7539154291152954
0,carabao,0.7514050602912903,0.4153193533420563,0.36935093998908997,0.22463750839233398,0.740938127040863
