class,class_name,centroid_x,centroid_y,box_width,box_height,confidence
1,flower,0.509302020072937,0.282192200422287,0.051165200769901276,0.07801996916532516,0.2949506938457489
1,flower,0.4658653140068054,0.3641713857650757,0.06312541663646698,0.09153500944375992,0.29284268617630005
1,flower,0.5012882947921753,0.46024104952812195,0.08403082191944122,0.11982754617929459,0.27939465641975403
1,flower,0.5767284631729126,0.3852064907550812,0.06793709099292755,0.16568554937839508,0.2665180563926697
1,flower,0.6409035921096802,0.4763709008693695,0.08909054100513458,0.14683622121810913,0.2505439519882202
1,flower,0.5564688444137573,0.5767363905906677,0.09325218200683594,0.10616199672222137,0.23216232657432556
