class,class_name,centroid_x,centroid_y,box_width,box_height,confidence
0,carabao,0.7171551585197449,0.4411148428916931,0.492257297039032,0.2701413929462433,0.8880589008331299
0,carabao,0.656027615070343,0.1914980560541153,0.49166423082351685,0.24185827374458313,0.868645191192627
0,carabao,0.7588536739349365,0.7378741502761841,0.3620924651622772,0.33506613969802856,0.8681502938270569
0,carabao,0.29970958828926086,0.31059354543685913,0.5396323800086975,0.2546919584274292,0.8672804236412048
0,carabao,0.43195676803588867,0.6154027581214905,0.39741748571395874,0.36473730206489563,0.8338566422462463
0,carabao,0.9428913593292236,0.6071016788482666,0.10785728693008423,0.25376594066619873,0.5871282815933228
0,carabao,0.8936461210250854,0.30546456575393677,0.20923088490962982,0.30974081158638,0.553390622138977
0,carabao,0.913347065448761,0.6046338081359863,0.16919460892677307,0.2580551207065582,0.38589221239089966
