class,class_name,centroid_x,centroid_y,box_width,box_height,confidence
1,flower,0.424228698015213,0.5494884252548218,0.11617809534072876,0.09351539611816406,0.37323129177093506
1,flower,0.6263561844825745,0.46014660596847534,0.08535506576299667,0.06345061957836151,0.3469519317150116
1,flower,0.5323949456214905,0.5038098096847534,0.13071882724761963,0.0914531722664833,0.33089590072631836
1,flower,0.6747299432754517,0.5322431325912476,0.10999411344528198,0.06762228161096573,0.2926918864250183
1,flower,0.773137092590332,0.4770933985710144,0.07872357964515686,0.05589599534869194,0.28519782423973083
1,flower,0.7096406817436218,0.5055073499679565,0.07649634778499603,0.056276701390743256,0.24983738362789154
1,flower,0.544137716293335,0.6319026947021484,0.09006914496421814,0.0783597007393837,0.24982228875160217
1,flower,0.8074920773506165,0.45339545607566833,0.06386357545852661,0.047310926020145416,0.22144459187984467
1,flower,0.6085256338119507,0.568988025188446,0.16867585480213165,0.08090267330408096,0.22028879821300507
