class,class_name,centroid_x,centroid_y,box_width,box_height,confidence
0,carabao,0.7158089280128479,0.5616710782051086,0.5034536123275757,0.2714214324951172,0.8933430314064026
0,carabao,0.7602806091308594,0.25957125425338745,0.3695668578147888,0.3453926146030426,0.868488073348999
0,carabao,0.657572865486145,0.804314136505127,0.5032102465629578,0.24029631912708282,0.8636977076530457
0,carabao,0.2997710406780243,0.686554491519928,0.5447449088096619,0.2561784088611603,0.8632827401161194
0,carabao,0.4317745268344879,0.3810562491416931,0.40319520235061646,0.3639240860939026,0.8557015061378479
0,carabao,0.8887875080108643,0.6950706839561462,0.22039157152175903,0.30754756927490234,0.32699859142303467
0,carabao,0.9388158321380615,0.383104145526886,0.1163921058177948,0.2628650367259979,0.2963355779647827
