class,class_name,centroid_x,centroid_y,box_width,box_height,confidence
0,carabao,0.3974413573741913,0.46702754497528076,0.32544177770614624,0.2616644501686096,0.8496066331863403
0,carabao,0.5451077222824097,0.23904231190681458,0.29647257924079895,0.27698421478271484,0.8385068774223328
0,carabao,0.4166013300418854,0.7846749424934387,0.2951899468898773,0.26576995849609375,0.830441951751709
0,carabao,0.6912943124771118,0.4324418306350708,0.38356074690818787,0.27174708247184753,0.8167271018028259
0,carabao,0.651138961315155,0.7114884257316589,0.41978588700294495,0.43835753202438354,0.8085869550704956
0,carabao,0.8873851895332336,0.4666699171066284,0.2180095613002777,0.21613134443759918,0.7636420726776123
0,carabao,0.8181959986686707,0.6468838453292847,0.19174499809741974,0.21014875173568726,0.7007238864898682
