class,class_name,centroid_x,centroid_y,box_width,box_height,confidence
1,flower,0.4011688828468323,0.4168979823589325,0.34671029448509216,0.5106053352355957,0.667279839515686
1,flower,0.18188580870628357,0.7175063490867615,0.15917296707630157,0.13769015669822693,0.37842440605163574
1,flower,0.5633434057235718,0.7072351574897766,0.5554683804512024,0.2761837840080261,0.3748243451118469
1,flower,0.4173401892185211,0.6606776118278503,0.05216341093182564,0.07770104706287384,0.29064029455184937
1,flower,0.5341039299964905,0.6403830051422119,0.04557781293988228,0.07005058974027634,0.28277522325515747
1,flower,0.4915354251861572,0.635670006275177,0.05043993145227432,0.08636517822742462,0.2718387544155121
1,flower,0.15759427845478058,0.5911386013031006,0.04851126670837402,0.07383792847394943,0.2231447696685791
1,flower,0.6040992736816406,0.6494258642196655,0.05582742765545845,0.0599263496696949,0.2130907028913498
