class,class_name,centroid_x,centroid_y,box_width,box_height,confidence
0,carabao,0.2156510353088379,0.5531351566314697,0.3626863360404968,0.3090033531188965,0.8661325573921204
0,carabao,0.7530616521835327,0.21189887821674347,0.37348347902297974,0.34335729479789734,0.8646615147590637
0,carabao,0.4633735716342926,0.363986611366272,0.37441083788871765,0.2947944700717926,0.8504893779754639
0,carabao,0.8078805804252625,0.4857868552207947,0.3410566449165344,0.2745985984802246,0.8486650586128235
0,carabao,0.3141728639602661,0.8475959897041321,0.2979032099246979,0.2502581775188446,0.8397620916366577
0,carabao,0.6233443021774292,0.6737828254699707,0.335902601480484,0.3704875111579895,0.8367173671722412
0,carabao,0.22747759521007538,0.326602578163147,0.30914193391799927,0.24425934255123138,0.7228917479515076
0,carabao,0.13537223637104034,0.9204606413841248,0.2654305398464203,0.15907880663871765,0.6706171631813049
0,carabao,0.8746463656425476,0.6659894585609436,0.13773079216480255,0.13010944426059723,0.6147064566612244
