class,class_name,centroid_x,centroid_y,box_width,box_height,confidence
0,carabao,0.2615567147731781,0.3436070680618286,0.4626390337944031,0.3189872205257416,0.8416755199432373
0,carabao,0.6613643765449524,0.7221502065658569,0.45914268493652344,0.30257415771484375,0.822968065738678
0,carabao,0.5669153928756714,0.457230806350708,0.4832824766635895,0.3080611228942871,0.820931077003479
0,carabao,0.6124784350395203,0.16728785634040833,0.49107056856155396,0.3025079667568207,0.8201969861984253
0,carabao,0.29439008235931396,0.723088264465332,0.35330644249916077,0.48351630568504333,0.8171490430831909
