class,class_name,centroid_x,centroid_y,box_width,box_height,confidence
0,carabao,0.7633382081985474,0.46473008394241333,0.2565508484840393,0.277101993560791,0.8499779105186462
0,carabao,0.5755600333213806,0.6632441282272339,0.34001362323760986,0.3615947663784027,0.8438470959663391
0,carabao,0.4609295725822449,0.43779677152633667,0.2191653549671173,0.24930818378925323,0.8360854983329773
0,carabao,0.3160863220691681,0.5482906103134155,0.1921999752521515,0.21218308806419373,0.82173091173172
0,carabao,0.5056803226470947,0.8728744387626648,0.18020616471767426,0.20227833092212677,0.7958407998085022
0,carabao,0.4173164665699005,0.6915174722671509,0.19821980595588684,0.28581276535987854,0.7917175889015198
0,carabao,0.6746518611907959,0.777519702911377,0.2588396668434143,0.2999107241630554,0.7899386882781982
