class,class_name,centroid_x,centroid_y,box_width,box_height,confidence
1,flower,0.5362151265144348,0.36916133761405945,0.05691728740930557,0.07850441336631775,0.3266260325908661
1,flower,0.49434953927993774,0.46415773034095764,0.09011955559253693,0.12153604626655579,0.3254830241203308
1,flower,0.449103981256485,0.5801168084144592,0.10831785202026367,0.1095917671918869,0.2510891556739807
1,flower,0.36176878213882446,0.48631349205970764,0.09101410210132599,0.16258013248443604,0.2412489801645279
1,flower,0.49204564094543457,0.2814045250415802,0.049095820635557175,0.07011851668357849,0.23552776873111725
1,flower,0.4190914034843445,0.38870692253112793,0.07268240302801132,0.17748147249221802,0.22878676652908325
1,flower,0.5222216248512268,0.22724343836307526,0.04680214077234268,0.07156091183423996,0.2072490155696869
