class,class_name,centroid_x,centroid_y,box_width,box_height,confidence
2,indian,0.5474743843078613,0.5435255765914917,0.19630245864391327,0.0966375321149826,0.7065706849098206
2,indian,0.5617532134056091,0.4336499273777008,0.21899822354316711,0.12119970470666885,0.688714325428009
2,indian,0.055350665003061295,0.06282838433980942,0.11070133000612259,0.12133131176233292,0.6316725015640259
