class,class_name,centroid_x,centroid_y,box_width,box_height,confidence
0,carabao,0.3890451490879059,0.748141348361969,0.6281948089599609,0.48829448223114014,0.8836643695831299
0,carabao,0.5618396997451782,0.2854852080345154,0.7663204073905945,0.5284188389778137,0.8728875517845154
0,carabao,0.7677277326583862,0.5378996133804321,0.4645445942878723,0.39659029245376587,0.7857376933097839
