class,class_name,centroid_x,centroid_y,box_width,box_height,confidence
2,indian,0.35692939162254333,0.6920076608657837,0.2708415389060974,0.14369602501392365,0.7332211136817932
2,indian,0.4179007112979889,0.34174489974975586,0.26710352301597595,0.13121776282787323,0.7168930172920227
2,indian,0.6479498147964478,0.13750813901424408,0.21544848382472992,0.10152938216924667,0.6282569169998169
2,indian,0.8075993657112122,0.418949693441391,0.3044649660587311,0.15058059990406036,0.4824066162109375
