class,class_name,centroid_x,centroid_y,box_width,box_height,confidence
0,carabao,0.5830063819885254,0.4349345862865448,0.29496175050735474,0.25112488865852356,0.832800030708313
0,carabao,0.7696647047996521,0.595749020576477,0.20500440895557404,0.1796986609697342,0.7883967161178589
0,carabao,0.48237138986587524,0.48211669921875,0.20232534408569336,0.18143132328987122,0.7098810076713562
0,carabao,0.3692913353443146,0.3954848051071167,0.13610807061195374,0.11684951931238174,0.5877455472946167
