class,class_name,centroid_x,centroid_y,box_width,box_height,confidence
0,carabao,0.19569721817970276,0.40682023763656616,0.3913944363594055,0.3154706358909607,0.8395158648490906
0,carabao,0.6260491609573364,0.6289979815483093,0.3802559971809387,0.2981807589530945,0.8365209102630615
0,carabao,0.34874123334884644,0.6119905114173889,0.34418725967407227,0.3021557927131653,0.8355168104171753
0,carabao,0.5504480600357056,0.3289337158203125,0.44252127408981323,0.371285617351532,0.8228811025619507
0,carabao,0.21340899169445038,0.7710164189338684,0.3416992127895355,0.28497135639190674,0.8179741501808167
0,carabao,0.931763768196106,0.1190955862402916,0.13647250831127167,0.17269326746463776,0.7318053245544434
0,carabao,0.8583471179008484,0.024605317041277885,0.1415378600358963,0.04886532574892044,0.33109697699546814
