class,class_name,centroid_x,centroid_y,box_width,box_height,confidence
2,indian,0.5769707560539246,0.5730516910552979,0.15928439795970917,0.25371217727661133,0.749346911907196
2,indian,0.45252490043640137,0.544124960899353,0.1047794371843338,0.19805234670639038,0.7074441313743591
2,indian,0.9301002621650696,0.050206508487463,0.11577224731445312,0.100413016974926,0.6223679780960083
