class,class_name,centroid_x,centroid_y,box_width,box_height,confidence
0,carabao,0.28234967589378357,0.5747444033622742,0.4066251814365387,0.38465771079063416,0.8456013202667236
0,carabao,0.5134338140487671,0.3968214988708496,0.32459279894828796,0.29678523540496826,0.8303763270378113
2,indian,0.9552744030952454,0.7310352325439453,0.08945121616125107,0.24725955724716187,0.2903892397880554
