class,class_name,centroid_x,centroid_y,box_width,box_height,confidence
0,carabao,0.3363334536552429,0.47455787658691406,0.5273545980453491,0.6202677488327026,0.834142804145813
