class,class_name,centroid_x,centroid_y,box_width,box_height,confidence
0,carabao,0.5493260025978088,0.5307364463806152,0.7883241176605225,0.9346817135810852,0.9386013746261597
