class,class_name,centroid_x,centroid_y,box_width,box_height,confidence
0,carabao,0.17313063144683838,0.8135815262794495,0.34429731965065,0.37283700704574585,0.8478160500526428
0,carabao,0.3807228207588196,0.550188422203064,0.5046530961990356,0.47017571330070496,0.8067474365234375
2,indian,0.6756303906440735,0.3142942786216736,0.5057018399238586,0.41661933064460754,0.6454590559005737
0,carabao,0.67635577917099,0.3112742304801941,0.5052086710929871,0.40865328907966614,0.6100399494171143
0,carabao,0.6940073370933533,0.6449977159500122,0.2928954064846039,0.31414794921875,0.2896297574043274
