class,class_name,centroid_x,centroid_y,box_width,box_height,confidence
0,carabao,0.5592412948608398,0.49566832184791565,0.47369104623794556,0.2500474750995636,0.8086379766464233
