class,class_name,centroid_x,centroid_y,box_width,box_height,confidence
0,carabao,0.713768482208252,0.42061692476272583,0.41440755128860474,0.3814544379711151,0.8510947823524475
0,carabao,0.4880707859992981,0.5889775156974792,0.31565237045288086,0.2929830849170685,0.8412714600563049
0,carabao,0.048163287341594696,0.28636157512664795,0.09632657468318939,0.25533249974250793,0.2923142910003662
