class,class_name,centroid_x,centroid_y,box_width,box_height,confidence
0,carabao,0.4317067265510559,0.5103719234466553,0.5464760065078735,0.3861096501350403,0.8656566143035889
0,carabao,0.6367740631103516,0.2626928389072418,0.5174930691719055,0.36030611395835876,0.8433502912521362
