class,class_name,centroid_x,centroid_y,box_width,box_height,confidence
1,flower,0.6980973482131958,0.5658690333366394,0.4533345103263855,0.8348502516746521,0.7548760175704956
1,flower,0.18582168221473694,0.6759853959083557,0.33952826261520386,0.6480291485786438,0.7514434456825256
1,flower,0.7437747716903687,0.6958465576171875,0.10662393271923065,0.17905239760875702,0.33744022250175476
1,flower,0.1558631807565689,0.9042768478393555,0.11017625033855438,0.19144625961780548,0.3208743631839752
1,flower,0.4616158902645111,0.11185439676046371,0.2482084333896637,0.22114628553390503,0.29325854778289795
2,indian,0.5512083172798157,0.9394458532333374,0.08226127922534943,0.12110833078622818,0.2846197485923767
1,flower,0.755719780921936,0.30998164415359497,0.07149162143468857,0.13228628039360046,0.2776750326156616
1,flower,0.5504497289657593,0.9395370483398438,0.07883968204259872,0.11973419040441513,0.2731490731239319
2,indian,0.15752090513706207,0.9018829464912415,0.11641762405633926,0.19449937343597412,0.2325737625360489
