class,class_name,centroid_x,centroid_y,box_width,box_height,confidence
0,carabao,0.5354587435722351,0.607944130897522,0.27291205525398254,0.3309122920036316,0.8352516889572144
0,carabao,0.7569640278816223,0.45009899139404297,0.2913389801979065,0.29738759994506836,0.8275312185287476
0,carabao,0.2927534878253937,0.3500366508960724,0.43639305233955383,0.41586071252822876,0.8172764182090759
0,carabao,0.5672096014022827,0.3039664328098297,0.2814154326915741,0.36509189009666443,0.8090758919715881
0,carabao,0.21946053206920624,0.5825387835502625,0.2902008295059204,0.2951383590698242,0.7988762259483337
0,carabao,0.5421079993247986,0.10379993915557861,0.22576458752155304,0.20593500137329102,0.7833803296089172
0,carabao,0.3530217707157135,0.17953328788280487,0.2301139235496521,0.17703476548194885,0.6907584071159363
