class,class_name,centroid_x,centroid_y,box_width,box_height,confidence
2,indian,0.5202618837356567,0.4648275375366211,0.24810075759887695,0.1942654550075531,0.8013173937797546
2,indian,0.8268449902534485,0.4669601321220398,0.2519473433494568,0.19645719230175018,0.7867729663848877
2,indian,0.4719406068325043,0.3064937889575958,0.22541522979736328,0.18518967926502228,0.7828935980796814
2,indian,0.4131145477294922,0.5562372803688049,0.24584932625293732,0.1830301284790039,0.7607916593551636
2,indian,0.5402334332466125,0.7313897013664246,0.2285102903842926,0.18343695998191833,0.7393839359283447
2,indian,0.5425925850868225,0.06248844414949417,0.281472384929657,0.12468427419662476,0.23028048872947693
