class,class_name,centroid_x,centroid_y,box_width,box_height,confidence
0,carabao,0.5794302225112915,0.6650004982948303,0.4818517565727234,0.38534608483314514,0.6664527654647827
