class,class_name,centroid_x,centroid_y,box_width,box_height,confidence
2,indian,0.4948682188987732,0.7972667217254639,0.16770601272583008,0.3571415841579437,0.7902263402938843
2,indian,0.6653265357017517,0.45845484733581543,0.19855061173439026,0.24546553194522858,0.779294490814209
2,indian,0.6865921020507812,0.6459956765174866,0.21020564436912537,0.33062443137168884,0.7699581384658813
2,indian,0.49944883584976196,0.5116682052612305,0.19337300956249237,0.30418336391448975,0.7613117694854736
