class,class_name,centroid_x,centroid_y,box_width,box_height,confidence
0,carabao,0.6492964625358582,0.7672083973884583,0.44603273272514343,0.21395282447338104,0.8545405864715576
0,carabao,0.463194340467453,0.3429355025291443,0.3473069369792938,0.29835766553878784,0.845604419708252
0,carabao,0.4801986813545227,0.6052285432815552,0.42193514108657837,0.31334036588668823,0.8376656174659729
0,carabao,0.600610077381134,0.17687095701694489,0.3746035695075989,0.24491965770721436,0.8318008780479431
0,carabao,0.24881458282470703,0.617992103099823,0.3199337124824524,0.2835666537284851,0.7989526391029358
0,carabao,0.7406919002532959,0.579376220703125,0.3652290403842926,0.2239343672990799,0.7822026610374451
