class,class_name,centroid_x,centroid_y,box_width,box_height,confidence
2,indian,0.22590450942516327,0.6493617296218872,0.29651767015457153,0.3144111633300781,0.8035178184509277
2,indian,0.7531421780586243,0.48858723044395447,0.3288736343383789,0.3301800489425659,0.7948576211929321
2,indian,0.19330990314483643,0.3940979838371277,0.3074010908603668,0.34464678168296814,0.7885340452194214
