class,class_name,centroid_x,centroid_y,box_width,box_height,confidence
0,carabao,0.43664225935935974,0.4523483216762543,0.6361516714096069,0.49332672357559204,0.8635591864585876
0,carabao,0.7009743452072144,0.6039824485778809,0.36402615904808044,0.3469235897064209,0.847440779209137
0,carabao,0.5106195211410522,0.8427415490150452,0.22238866984844208,0.17967641353607178,0.7227123379707336
