class,class_name,centroid_x,centroid_y,box_width,box_height,confidence
2,indian,0.46816515922546387,0.48348817229270935,0.8091692328453064,0.5943605303764343,0.9588830471038818
2,indian,0.7280211448669434,0.1849101483821869,0.540568470954895,0.36035552620887756,0.9172635078430176
2,indian,0.7899464964866638,0.8070871233940125,0.42010700702667236,0.38582563400268555,0.913854718208313
2,indian,0.21771323680877686,0.35694971680641174,0.4114150404930115,0.3490474820137024,0.8087126612663269
2,indian,0.1480153650045395,0.1353287547826767,0.2933256924152374,0.2683863043785095,0.7345081567764282
2,indian,0.41607505083084106,0.10671025514602661,0.34369564056396484,0.2115093469619751,0.33481544256210327
2,indian,0.8691596984863281,0.48188772797584534,0.26005417108535767,0.27754631638526917,0.23723062872886658
2,indian,0.4965375065803528,0.8351648449897766,0.28952285647392273,0.2175411731004715,0.22243772447109222
