class,class_name,centroid_x,centroid_y,box_width,box_height,confidence
2,indian,0.48732462525367737,0.5230141878128052,0.20361535251140594,0.29448217153549194,0.8088390231132507
2,indian,0.35938969254493713,0.6532238721847534,0.21525153517723083,0.2661447525024414,0.7996302843093872
2,indian,0.38055166602134705,0.3591640889644623,0.2165387123823166,0.2660813331604004,0.7968968749046326
2,indian,0.6352424621582031,0.6340427398681641,0.20477905869483948,0.23276129364967346,0.7881526350975037
2,indian,0.5550400018692017,0.38844385743141174,0.18530845642089844,0.25260376930236816,0.765427827835083
2,indian,0.2518683969974518,0.5248094797134399,0.18950872123241425,0.24346508085727692,0.75616455078125
2,indian,0.5032331347465515,0.6606085896492004,0.1304461508989334,0.14171159267425537,0.5963819026947021
