class,class_name,centroid_x,centroid_y,box_width,box_height,confidence
2,indian,0.6530548334121704,0.382011741399765,0.26469025015830994,0.20559100806713104,0.8031170964241028
2,indian,0.348131388425827,0.3626130223274231,0.2812897562980652,0.19754819571971893,0.8000844717025757
2,indian,0.48454219102859497,0.4861757159233093,0.3182072043418884,0.1938079595565796,0.7886155843734741
2,indian,0.37385430932044983,0.6406895518302917,0.23629815876483917,0.20242194831371307,0.7717218399047852
2,indian,0.6171683073043823,0.5572516918182373,0.28396177291870117,0.17283812165260315,0.7434592247009277
2,indian,0.48292985558509827,0.2604127824306488,0.2529584765434265,0.1724795252084732,0.7393951416015625
2,indian,0.34400659799575806,0.4854148030281067,0.16082140803337097,0.15445518493652344,0.4377412796020508
