class,class_name,centroid_x,centroid_y,box_width,box_height,confidence
0,carabao,0.2363077849149704,0.8005782961845398,0.3833944797515869,0.398843377828598,0.8901561498641968
0,carabao,0.2757296562194824,0.4081592559814453,0.5076853036880493,0.40704137086868286,0.8764851689338684
0,carabao,0.5644241571426392,0.6700726747512817,0.4029681086540222,0.5469937324523926,0.8733569979667664
0,carabao,0.6999249458312988,0.21719427406787872,0.5522295236587524,0.3788354992866516,0.873107373714447
0,carabao,0.3351519703865051,0.1133543998003006,0.516526997089386,0.2267087996006012,0.8327208161354065
0,carabao,0.1081995815038681,0.2246285378932953,0.2163393199443817,0.4492570757865906,0.7603136301040649
0,carabao,0.053738273680210114,0.6579564809799194,0.10747654736042023,0.4018856883049011,0.5991998314857483
