class,class_name,centroid_x,centroid_y,box_width,box_height,confidence
0,carabao,0.4021921157836914,0.524263322353363,0.6593356132507324,0.5309685468673706,0.8800202012062073
0,carabao,0.7864720821380615,0.7833680510520935,0.42705583572387695,0.433263897895813,0.8498111963272095
0,carabao,0.8869540095329285,0.38062888383865356,0.2260919064283371,0.30107879638671875,0.8210488557815552
