class,class_name,centroid_x,centroid_y,box_width,box_height,confidence
0,carabao,0.5183345079421997,0.45683783292770386,0.9633309245109558,0.7178357839584351,0.8965638279914856
