class,class_name,centroid_x,centroid_y,box_width,box_height,confidence
0,carabao,0.21980613470077515,0.788362979888916,0.4336720108985901,0.42327404022216797,0.8640610575675964
0,carabao,0.6176754236221313,0.8837702870368958,0.32021817564964294,0.23147830367088318,0.8328989744186401
0,carabao,0.47816091775894165,0.4001345634460449,0.5131109952926636,0.632943332195282,0.8312880396842957
