class,class_name,centroid_x,centroid_y,box_width,box_height,confidence
0,carabao,0.1728755533695221,0.3783222734928131,0.31145885586738586,0.4766862988471985,0.8663540482521057
0,carabao,0.7271584272384644,0.34055086970329285,0.3052929937839508,0.4378392696380615,0.8514875173568726
0,carabao,0.3605250418186188,0.733182430267334,0.3226606249809265,0.4476802945137024,0.8460600972175598
0,carabao,0.7239958047866821,0.7136820554733276,0.5045329928398132,0.3361186981201172,0.844758927822113
0,carabao,0.4679005742073059,0.4262637495994568,0.3201862573623657,0.4555206298828125,0.8343587517738342
0,carabao,0.1644548922777176,0.6812755465507507,0.2533450722694397,0.31743162870407104,0.4961257874965668
