class,class_name,centroid_x,centroid_y,box_width,box_height,confidence
1,flower,0.4914584159851074,0.42529648542404175,0.9322612285614014,0.7598802447319031,0.965069591999054
1,flower,0.4934394061565399,0.5622785687446594,0.9270235896110535,0.5046659708023071,0.4097404181957245
2,indian,0.4826943874359131,0.42808637022972107,0.21461498737335205,0.15528547763824463,0.23993320763111115
