class,class_name,centroid_x,centroid_y,box_width,box_height,confidence
0,carabao,0.4130936563014984,0.46179935336112976,0.8213695287704468,0.5976657867431641,0.8652089834213257
