class,class_name,centroid_x,centroid_y,box_width,box_height,confidence
2,indian,0.6475599408149719,0.31825199723243713,0.4402126371860504,0.45344772934913635,0.8522342443466187
2,indian,0.4082992970943451,0.6092483997344971,0.43068036437034607,0.470602810382843,0.8459212779998779
