class,class_name,centroid_x,centroid_y,box_width,box_height,confidence
0,carabao,0.23058603703975677,0.6497307419776917,0.30532106757164,0.34860771894454956,0.8309388160705566
0,carabao,0.7394514679908752,0.6853222846984863,0.34341859817504883,0.31077003479003906,0.8272712826728821
0,carabao,0.4995744824409485,0.6811370253562927,0.27529478073120117,0.32946139574050903,0.8189347982406616
