class,class_name,centroid_x,centroid_y,box_width,box_height,confidence
2,indian,0.6319247484207153,0.3713875412940979,0.2402387112379074,0.18988218903541565,0.8373490571975708
2,indian,0.5193259119987488,0.7468630075454712,0.25763341784477234,0.1650986671447754,0.8146334290504456
2,indian,0.50895756483078,0.5226635932922363,0.32963618636131287,0.19730043411254883,0.8050257563591003
2,indian,0.3512752950191498,0.6257306337356567,0.2691411077976227,0.2050638198852539,0.8023900985717773
2,indian,0.6525726914405823,0.6455281972885132,0.2851467728614807,0.19785957038402557,0.7962815761566162
2,indian,0.37260621786117554,0.44463688135147095,0.26161184906959534,0.1662026345729828,0.7906701564788818
2,indian,0.6410098075866699,0.5069764852523804,0.1878959834575653,0.1480245590209961,0.441460520029068
