class,class_name,centroid_x,centroid_y,box_width,box_height,confidence
0,carabao,0.5258052349090576,0.3521565794944763,0.32644063234329224,0.32205313444137573,0.8580608367919922
0,carabao,0.6575382947921753,0.8069988489151001,0.3863285183906555,0.35258686542510986,0.8528876304626465
0,carabao,0.3419056236743927,0.6070886850357056,0.3598390221595764,0.26421064138412476,0.8516911268234253
0,carabao,0.6556506156921387,0.4928317368030548,0.3890497088432312,0.285952627658844,0.844098687171936
0,carabao,0.3576713502407074,0.8104079961776733,0.3004721701145172,0.24344126880168915,0.8273351192474365
0,carabao,0.8281689882278442,0.3905686140060425,0.3310777544975281,0.23166783154010773,0.824948787689209
0,carabao,0.3554547429084778,0.35434380173683167,0.23221568763256073,0.26016300916671753,0.8044303059577942
0,carabao,0.8132319450378418,0.6212032437324524,0.25497016310691833,0.2217361181974411,0.7651799321174622
