class,class_name,centroid_x,centroid_y,box_width,box_height,confidence
2,indian,0.8073804378509521,0.5049180388450623,0.36435773968696594,0.17301540076732635,0.7807039618492126
2,indian,0.6400182247161865,0.31630605459213257,0.3460296392440796,0.21642374992370605,0.7529590725898743
2,indian,0.456359326839447,0.3270059823989868,0.2665674686431885,0.20690131187438965,0.7394146919250488
2,indian,0.5009388327598572,0.5007960200309753,0.3157365918159485,0.18111534416675568,0.7392545342445374
