class,class_name,centroid_x,centroid_y,box_width,box_height,confidence
2,indian,0.25871190428733826,0.4799322485923767,0.3598376512527466,0.2657643258571625,0.6092380285263062
2,indian,0.26065775752067566,0.22670230269432068,0.324971079826355,0.26309293508529663,0.5936022996902466
2,indian,0.5694845914840698,0.3402605652809143,0.47489815950393677,0.2689356803894043,0.5384228229522705
2,indian,0.6927832365036011,0.4815495014190674,0.3937837779521942,0.22201041877269745,0.4660329520702362
0,carabao,0.691616415977478,0.4813714921474457,0.40647146105766296,0.2243185043334961,0.4335325062274933
