class,class_name,centroid_x,centroid_y,box_width,box_height,confidence
2,indian,0.48849377036094666,0.2615724205970764,0.1904219090938568,0.11098460853099823,0.7578713893890381
2,indian,0.43095409870147705,0.3270435333251953,0.20281928777694702,0.11542759090662003,0.744221031665802
2,indian,0.7226105332374573,0.24854961037635803,0.1655350625514984,0.10349293053150177,0.7414701581001282
2,indian,0.29596495628356934,0.2693498730659485,0.1883593499660492,0.11541762202978134,0.7329518795013428
2,indian,0.9119297862052917,0.3903416693210602,0.15343573689460754,0.10189743340015411,0.705266535282135
