class,class_name,centroid_x,centroid_y,box_width,box_height,confidence
2,indian,0.5817378759384155,0.5558520555496216,0.350533664226532,0.2482515275478363,0.7472681403160095
2,indian,0.6227364540100098,0.39112669229507446,0.3482488691806793,0.22146978974342346,0.7189903855323792
