class,class_name,centroid_x,centroid_y,box_width,box_height,confidence
2,indian,0.5204737782478333,0.5374037027359009,0.25397971272468567,0.18814468383789062,0.8023064136505127
2,indian,0.40765562653541565,0.443528950214386,0.24436311423778534,0.1965196579694748,0.7856208682060242
2,indian,0.5427695512771606,0.2699129283428192,0.219151109457016,0.1716528832912445,0.7700135707855225
2,indian,0.8247644305229187,0.5336867570877075,0.26557788252830505,0.19267921149730682,0.7610275745391846
2,indian,0.47890156507492065,0.6975704431533813,0.23929674923419952,0.19608668982982635,0.7423220276832581
