class,class_name,centroid_x,centroid_y,box_width,box_height,confidence
1,flower,0.5879021883010864,0.595064103603363,0.3466295301914215,0.5256313681602478,0.6207853555679321
1,flower,0.8204967379570007,0.281850665807724,0.1682918518781662,0.16957572102546692,0.4485331177711487
1,flower,0.4240732789039612,0.35613304376602173,0.5401860475540161,0.29037874937057495,0.29718032479286194
1,flower,0.6852679252624512,0.5006484389305115,0.16068896651268005,0.3281271457672119,0.28939199447631836
1,flower,0.9056294560432434,0.4753141403198242,0.18874111771583557,0.34889084100723267,0.2452266365289688
1,flower,0.3539482057094574,0.2780306041240692,0.0635443702340126,0.07726522535085678,0.23915037512779236
1,flower,0.5384498834609985,0.24133573472499847,0.06262779235839844,0.09227204322814941,0.22293606400489807
1,flower,0.36645203828811646,0.3322235941886902,0.4329884648323059,0.19221730530261993,0.21314743161201477
