class,class_name,centroid_x,centroid_y,box_width,box_height,confidence
2,indian,0.3509956896305084,0.3812948167324066,0.2645082473754883,0.19633445143699646,0.7984023690223694
2,indian,0.5119253993034363,0.4882015287876129,0.3283695578575134,0.19177420437335968,0.7978074550628662
2,indian,0.6542478203773499,0.3630569577217102,0.2810959815979004,0.19887790083885193,0.7878286242485046
2,indian,0.634471595287323,0.6387361884117126,0.24104906618595123,0.20090150833129883,0.7827723622322083
2,indian,0.5093278288841248,0.25870782136917114,0.2673013210296631,0.16717615723609924,0.7779752612113953
2,indian,0.37975215911865234,0.5573217272758484,0.28586938977241516,0.16805458068847656,0.7613558173179626
2,indian,0.6541180610656738,0.4986690878868103,0.14371801912784576,0.12354612350463867,0.4704618752002716
