class,class_name,centroid_x,centroid_y,box_width,box_height,confidence
2,indian,0.4341452121734619,0.43156296014785767,0.12177934497594833,0.20349493622779846,0.7418192625045776
2,indian,0.5469739437103271,0.4552328288555145,0.10516319423913956,0.18323563039302826,0.692480742931366
2,indian,0.06478859484195709,0.947245717048645,0.12270437180995941,0.10550858080387115,0.6798811554908752
