class,class_name,centroid_x,centroid_y,box_width,box_height,confidence
0,carabao,0.6819156408309937,0.34718388319015503,0.4449695646762848,0.6108294725418091,0.8352859616279602
0,carabao,0.3533620834350586,0.529011070728302,0.4309365451335907,0.5768251419067383,0.8202924132347107
0,carabao,0.06416720896959305,0.0565793402493,0.1283344179391861,0.11132834106683731,0.6056798696517944
2,indian,0.09250723570585251,0.9574922323226929,0.1157422736287117,0.07288513332605362,0.21139690279960632
