class,class_name,centroid_x,centroid_y,box_width,box_height,confidence
0,carabao,0.5385376811027527,0.2765425443649292,0.24509982764720917,0.4975701570510864,0.85604327917099
0,carabao,0.743993878364563,0.2602725327014923,0.23744526505470276,0.47732430696487427,0.8548154830932617
0,carabao,0.29555830359458923,0.2369329184293747,0.27939242124557495,0.4738658368587494,0.8457790017127991
0,carabao,0.5106435418128967,0.7509259581565857,0.26155680418014526,0.4981480538845062,0.8134821653366089
0,carabao,0.7293475866317749,0.7146168947219849,0.2431470900774002,0.5635121464729309,0.8109731078147888
0,carabao,0.24752506613731384,0.7204257845878601,0.2450789511203766,0.5375936031341553,0.7739015221595764
0,carabao,0.39975008368492126,0.6333128213882446,0.2995150685310364,0.503545880317688,0.7518249750137329
