class,class_name,centroid_x,centroid_y,box_width,box_height,confidence
0,carabao,0.6377644538879395,0.23095722496509552,0.3677961230278015,0.2962164878845215,0.8490620255470276
0,carabao,0.6835141777992249,0.4991156756877899,0.3471224904060364,0.2863318920135498,0.8257007002830505
0,carabao,0.6920634508132935,0.7342398166656494,0.32232579588890076,0.32819220423698425,0.8243129849433899
