class,class_name,centroid_x,centroid_y,box_width,box_height,confidence
0,carabao,0.6411536335945129,0.3433597981929779,0.3801315426826477,0.1400918960571289,0.8272882103919983
0,carabao,0.4395524561405182,0.6079694628715515,0.37558063864707947,0.2207883894443512,0.8073595762252808
0,carabao,0.29473090171813965,0.4487125277519226,0.33444923162460327,0.1606387197971344,0.8044531941413879
0,carabao,0.7381728887557983,0.4372367858886719,0.30927303433418274,0.1350141316652298,0.7942041158676147
0,carabao,0.5377040505409241,0.46586185693740845,0.3156226575374603,0.17016848921775818,0.7789223194122314
