class,class_name,centroid_x,centroid_y,box_width,box_height,confidence
1,flower,0.3746756613254547,0.4185072183609009,0.2804601788520813,0.3427671790122986,0.5547658205032349
1,flower,0.24636892974376678,0.7004377245903015,0.22742095589637756,0.31910622119903564,0.4897606074810028
1,flower,0.3885442316532135,0.7674688100814819,0.27565985918045044,0.3829731345176697,0.4490145444869995
1,flower,0.7597430944442749,0.44469016790390015,0.2314598113298416,0.33956098556518555,0.39280563592910767
1,flower,0.5872606039047241,0.3961360454559326,0.5780177116394043,0.6646746397018433,0.3848046660423279
1,flower,0.32686343789100647,0.7430353164672852,0.40023499727249146,0.5012074112892151,0.3393189013004303
1,flower,0.6790136098861694,0.2073754221200943,0.20144672691822052,0.2908080220222473,0.2672686278820038
