class,class_name,centroid_x,centroid_y,box_width,box_height,confidence
2,indian,0.6776641607284546,0.6458384394645691,0.4556511342525482,0.4419054090976715,0.8521512150764465
2,indian,0.3900925815105438,0.41113466024398804,0.4449262022972107,0.3789822459220886,0.7641780376434326
