class,class_name,centroid_x,centroid_y,box_width,box_height,confidence
0,carabao,0.1928485780954361,0.6263807415962219,0.2733830511569977,0.3162689208984375,0.8472701907157898
0,carabao,0.4945012927055359,0.5620425939559937,0.3048229217529297,0.37282267212867737,0.8378968238830566
0,carabao,0.7563371658325195,0.21387895941734314,0.32865002751350403,0.33375033736228943,0.8313673734664917
0,carabao,0.7190109491348267,0.5596331357955933,0.25708872079849243,0.34387293457984924,0.8037526607513428
0,carabao,0.5975319147109985,0.17383404076099396,0.22298504412174225,0.2518305778503418,0.7640002369880676
0,carabao,0.5197998285293579,0.42250537872314453,0.1814405471086502,0.21697652339935303,0.580211341381073
0,carabao,0.6532870531082153,0.380705326795578,0.21558596193790436,0.16526970267295837,0.29284462332725525
