class,class_name,centroid_x,centroid_y,box_width,box_height,confidence
0,carabao,0.42396432161331177,0.33908435702323914,0.4912486970424652,0.36583709716796875,0.7511899471282959
