class,class_name,centroid_x,centroid_y,box_width,box_height,confidence
1,flower,0.3370340168476105,0.8137340545654297,0.6719955205917358,0.3352130353450775,0.7728419303894043
1,flower,0.40950244665145874,0.3071465492248535,0.8137050271034241,0.4672040045261383,0.7011962532997131
1,flower,0.5013430118560791,0.38341933488845825,0.3667823076248169,0.20713500678539276,0.520825207233429
1,flower,0.049157578498125076,0.44786491990089417,0.09809941053390503,0.08006954193115234,0.38640540838241577
1,flower,0.6818152666091919,0.25448933243751526,0.2637132406234741,0.17850247025489807,0.3817899525165558
1,flower,0.46168217062950134,0.16746735572814941,0.3755376935005188,0.1843787133693695,0.3271203935146332
1,flower,0.09067346900701523,0.8411163091659546,0.17924867570400238,0.10661359131336212,0.31321659684181213
1,flower,0.29184067249298096,0.2566388249397278,0.17251791059970856,0.08931732177734375,0.2140481323003769
