class,class_name,centroid_x,centroid_y,box_width,box_height,confidence
0,carabao,0.4559071660041809,0.5537716746330261,0.1810518056154251,0.4548526704311371,0.8409073352813721
0,carabao,0.3391549587249756,0.5642314553260803,0.13946981728076935,0.44370293617248535,0.8168091773986816
