class,class_name,centroid_x,centroid_y,box_width,box_height,confidence
2,indian,0.7413471341133118,0.48541975021362305,0.19668713212013245,0.24980270862579346,0.7973551750183105
2,indian,0.6184676289558411,0.6536866426467896,0.21629095077514648,0.2596673369407654,0.786616325378418
2,indian,0.5166810154914856,0.48463186621665955,0.21113815903663635,0.301543265581131,0.7842316627502441
2,indian,0.4457688331604004,0.6276087760925293,0.1970260888338089,0.24614070355892181,0.7705943584442139
2,indian,0.6405404806137085,0.3592597246170044,0.21454592049121857,0.2807104289531708,0.742657482624054
2,indian,0.3686085045337677,0.37978917360305786,0.21806979179382324,0.24474164843559265,0.7335604429244995
2,indian,0.5010444521903992,0.3215634226799011,0.1420997679233551,0.13574834167957306,0.38166460394859314
2,indian,0.49867933988571167,0.34406977891921997,0.17397651076316833,0.2050887495279312,0.2902539074420929
