class,class_name,centroid_x,centroid_y,box_width,box_height,confidence
0,carabao,0.7655482292175293,0.8014448881149292,0.36796092987060547,0.3971102237701416,0.8721844553947449
0,carabao,0.3063722550868988,0.218220517039299,0.5423494577407837,0.38094061613082886,0.8676334619522095
0,carabao,0.7224026918411255,0.4062158465385437,0.5051094889640808,0.4075693190097809,0.8610972762107849
0,carabao,0.43410390615463257,0.6738475561141968,0.40191221237182617,0.542314350605011,0.8390457034111023
0,carabao,0.6630926132202148,0.11218422651290894,0.4974250793457031,0.22436845302581787,0.838560938835144
0,carabao,0.8912309408187866,0.22400164604187012,0.2175380289554596,0.4448460638523102,0.8025131821632385
0,carabao,0.9453996419906616,0.6550264358520508,0.10920067131519318,0.39416998624801636,0.7125197052955627
