class,class_name,centroid_x,centroid_y,box_width,box_height,confidence
2,indian,0.7406113743782043,0.5121582746505737,0.11446962505578995,0.1819535195827484,0.754194974899292
2,indian,0.7335147261619568,0.7016379237174988,0.117388054728508,0.18327341973781586,0.7262599468231201
2,indian,0.6768829226493835,0.5739642977714539,0.12584666907787323,0.19482767581939697,0.714573323726654
2,indian,0.7508178949356079,0.2741294205188751,0.10480765998363495,0.16822658479213715,0.6905779838562012
2,indian,0.6092551350593567,0.08692256361246109,0.1047327071428299,0.151784747838974,0.6734556555747986
