class,class_name,centroid_x,centroid_y,box_width,box_height,confidence
0,carabao,0.8060611486434937,0.49567240476608276,0.35301104187965393,0.14851951599121094,0.8311867713928223
0,carabao,0.6448049545288086,0.682307243347168,0.33702340722084045,0.19247837364673615,0.8138424158096313
0,carabao,0.5077661275863647,0.5049053430557251,0.2929888367652893,0.16384582221508026,0.7917798161506653
0,carabao,0.45808306336402893,0.6720223426818848,0.25930264592170715,0.18637867271900177,0.7602080702781677
