class,class_name,centroid_x,centroid_y,box_width,box_height,confidence
0,carabao,0.35913804173469543,0.3740028738975525,0.308215469121933,0.35603341460227966,0.8485201001167297
0,carabao,0.6813297867774963,0.4491690695285797,0.3617861568927765,0.43382978439331055,0.8460087180137634
0,carabao,0.5897636413574219,0.8059698343276978,0.33615824580192566,0.38806039094924927,0.8455778360366821
0,carabao,0.3845188021659851,0.6489893198013306,0.30045726895332336,0.3183145523071289,0.8288384675979614
0,carabao,0.22801868617534637,0.7803679704666138,0.2894614338874817,0.3290592133998871,0.8080495595932007
2,indian,0.9601275324821472,0.056680142879486084,0.07974497228860855,0.11329662799835205,0.5104629993438721
0,carabao,0.8774438500404358,0.07802541553974152,0.18457463383674622,0.15605083107948303,0.48989835381507874
2,indian,0.8781821131706238,0.07611739635467529,0.18294855952262878,0.150992751121521,0.3775958716869354
0,carabao,0.9695424437522888,0.13442544639110565,0.06091511994600296,0.130766823887825,0.3184901773929596
