class,class_name,centroid_x,centroid_y,box_width,box_height,confidence
0,carabao,0.6426002383232117,0.5239230394363403,0.3138429820537567,0.324213445186615,0.8454398512840271
0,carabao,0.39006537199020386,0.33598098158836365,0.27179908752441406,0.33353692293167114,0.8410447239875793
0,carabao,0.1938735693693161,0.6584333181381226,0.35508474707603455,0.37671929597854614,0.8384839296340942
0,carabao,0.5017780661582947,0.6634137034416199,0.289218008518219,0.37414780259132385,0.8275028467178345
0,carabao,0.1834772676229477,0.3517215847969055,0.24989674985408783,0.3091956079006195,0.8201415538787842
0,carabao,0.6146138310432434,0.8139187097549438,0.24132372438907623,0.3472476601600647,0.7933996319770813
0,carabao,0.6445614099502563,0.346766859292984,0.26157325506210327,0.22033929824829102,0.7904013991355896
0,carabao,0.3711192011833191,0.8129083514213562,0.23958918452262878,0.24289798736572266,0.6600865125656128
