class,class_name,centroid_x,centroid_y,box_width,box_height,confidence
0,carabao,0.6596490144729614,0.573417603969574,0.3831022381782532,0.3362922668457031,0.8510268926620483
0,carabao,0.46982017159461975,0.7629852294921875,0.28123950958251953,0.2544558346271515,0.8166073560714722
0,carabao,0.4389011263847351,0.4653715491294861,0.2798759341239929,0.2145630568265915,0.8115995526313782
0,carabao,0.7800182700157166,0.6764112114906311,0.31687039136886597,0.23898570239543915,0.8040317296981812
0,carabao,0.5436903834342957,0.30825087428092957,0.2361709624528885,0.1961592137813568,0.7882130742073059
0,carabao,0.6989449858665466,0.40985220670700073,0.2872328758239746,0.20209579169750214,0.744534969329834
0,carabao,0.8787561655044556,0.5020737648010254,0.20920872688293457,0.18463942408561707,0.7430583834648132
