class,class_name,centroid_x,centroid_y,box_width,box_height,confidence
2,indian,0.7018988728523254,0.7336115837097168,0.18244391679763794,0.10531463474035263,0.7574437856674194
2,indian,0.5142959952354431,0.740446925163269,0.18101312220096588,0.10907153785228729,0.7483726739883423
2,indian,0.08800888806581497,0.6085047721862793,0.14854976534843445,0.101598359644413,0.7388330101966858
2,indian,0.2723449766635895,0.7529932260513306,0.16084147989749908,0.09823913872241974,0.7175904512405396
2,indian,0.5734564661979675,0.678511917591095,0.20557278394699097,0.1129981055855751,0.7086880207061768
