class,class_name,centroid_x,centroid_y,box_width,box_height,confidence
0,carabao,0.4900578558444977,0.7549036741256714,0.2333104908466339,0.4880479872226715,0.842833399772644
0,carabao,0.6880475878715515,0.27050623297691345,0.3052268922328949,0.5390607118606567,0.8209834098815918
0,carabao,0.25047439336776733,0.5647598505020142,0.3587009906768799,0.5803942680358887,0.8188623189926147
0,carabao,0.3743222653865814,0.3553049862384796,0.22646255791187286,0.4190273880958557,0.7942517995834351
0,carabao,0.4945274889469147,0.28412312269210815,0.1753159463405609,0.421408087015152,0.6352574825286865
