class,class_name,centroid_x,centroid_y,box_width,box_height,confidence
0,carabao,0.4635286331176758,0.49147719144821167,0.8277473449707031,0.5294437408447266,0.8516380190849304
