class,class_name,centroid_x,centroid_y,box_width,box_height,confidence
1,flower,0.37313514947891235,0.629909873008728,0.3419371545314789,0.3669552505016327,0.47109776735305786
1,flower,0.6091618537902832,0.554259181022644,0.06836070865392685,0.139801025390625,0.31558316946029663
1,flower,0.38577157258987427,0.501669704914093,0.051468752324581146,0.0760662779211998,0.2718309760093689
1,flower,0.49184107780456543,0.34385591745376587,0.06417932361364365,0.07589635998010635,0.2660486400127411
1,flower,0.4422989785671234,0.4172792434692383,0.04836111143231392,0.08950232714414597,0.24349097907543182
1,flower,0.4437065124511719,0.4896433353424072,0.04821949079632759,0.05858844891190529,0.22050489485263824
1,flower,0.5030946135520935,0.6286664009094238,0.05325164645910263,0.0712437853217125,0.21400780975818634
