class,class_name,centroid_x,centroid_y,box_width,box_height,confidence
0,carabao,0.7128819227218628,0.41035595536231995,0.5723563432693481,0.6207581758499146,0.8580948114395142
0,carabao,0.2443704903125763,0.6684393286705017,0.4792789816856384,0.5319925546646118,0.8145947456359863
0,carabao,0.4807809889316559,0.5913715362548828,0.48735085129737854,0.5263108015060425,0.7830913662910461
