class,class_name,centroid_x,centroid_y,box_width,box_height,confidence
0,carabao,0.560660719871521,0.7144439816474915,0.7724851369857788,0.5587104558944702,0.8910077214241028
0,carabao,0.38366642594337463,0.26574549078941345,0.6258049011230469,0.4975775480270386,0.8615003228187561
0,carabao,0.7503733038902283,0.4604097902774811,0.49925336241722107,0.4125034213066101,0.7495960593223572
0,carabao,0.9521175622940063,0.38492724299430847,0.09576483070850372,0.31274718046188354,0.3052917420864105
