class,class_name,centroid_x,centroid_y,box_width,box_height,confidence
0,carabao,0.669343888759613,0.6536270380020142,0.46011048555374146,0.6250206232070923,0.8225591778755188
0,carabao,0.35330092906951904,0.4766298234462738,0.42348670959472656,0.5762752294540405,0.8055546879768372
0,carabao,0.06503002345561981,0.9402119517326355,0.13006004691123962,0.11957607418298721,0.418824702501297
2,indian,0.06830711662769318,0.9366861581802368,0.13661423325538635,0.12607498466968536,0.329574316740036
0,carabao,0.10819848626852036,0.5554234385490417,0.13000208139419556,0.17162743210792542,0.3051288425922394
