class,class_name,centroid_x,centroid_y,box_width,box_height,confidence
0,carabao,0.3343999683856964,0.6515844464302063,0.46366724371910095,0.6144825220108032,0.8293150663375854
0,carabao,0.6508521437644958,0.47767096757888794,0.43696632981300354,0.5676873922348022,0.8193928599357605
0,carabao,0.9309380054473877,0.9394914507865906,0.13677380979061127,0.1210169792175293,0.7233393788337708
