class,class_name,centroid_x,centroid_y,box_width,box_height,confidence
0,carabao,0.3458711802959442,0.7659269571304321,0.4442439377307892,0.21622638404369354,0.8540393114089966
0,carabao,0.5401819348335266,0.3413669466972351,0.35479938983917236,0.30125489830970764,0.8364740610122681
0,carabao,0.5223734378814697,0.6051467657089233,0.4194630980491638,0.32214030623435974,0.8281745910644531
0,carabao,0.40157949924468994,0.1794992983341217,0.36581045389175415,0.24942269921302795,0.7968698740005493
0,carabao,0.7575345635414124,0.6249691247940063,0.30862197279930115,0.26973801851272583,0.782950758934021
0,carabao,0.2528631389141083,0.5754860639572144,0.3466747999191284,0.21720905601978302,0.7611487507820129
