class,class_name,centroid_x,centroid_y,box_width,box_height,confidence
0,carabao,0.7341210842132568,0.6394557952880859,0.5205425024032593,0.2727286219596863,0.834398090839386
0,carabao,0.45015963912010193,0.797241747379303,0.526672899723053,0.4049498438835144,0.8136398196220398
0,carabao,0.5845229029655457,0.4124111235141754,0.5482831597328186,0.26858288049697876,0.8077055215835571
0,carabao,0.6324726939201355,0.15911750495433807,0.5804365873336792,0.2870970666408539,0.8004571199417114
