class,class_name,centroid_x,centroid_y,box_width,box_height,confidence
0,carabao,0.46114397048950195,0.29762694239616394,0.669241726398468,0.385092556476593,0.8586072325706482
0,carabao,0.5668495297431946,0.6250115633010864,0.6932842135429382,0.4472915530204773,0.8127235174179077
