class,class_name,centroid_x,centroid_y,box_width,box_height,confidence
2,indian,0.19964471459388733,0.5037074089050293,0.36739039421081543,0.168330579996109,0.7736527919769287
2,indian,0.3590569496154785,0.31983426213264465,0.34106531739234924,0.21002916991710663,0.7644349336624146
2,indian,0.4888879656791687,0.5001693964004517,0.30498838424682617,0.18076229095458984,0.7421826124191284
2,indian,0.5348259806632996,0.32966867089271545,0.28616398572921753,0.20524196326732635,0.7207735180854797
