class,class_name,centroid_x,centroid_y,box_width,box_height,confidence
0,carabao,0.41471147537231445,0.5544583797454834,0.5831190347671509,0.41073596477508545,0.8631476759910583
