class,class_name,centroid_x,centroid_y,box_width,box_height,confidence
0,carabao,0.34437647461891174,0.6129830479621887,0.3995264172554016,0.19925041496753693,0.8603843450546265
0,carabao,0.18676145374774933,0.11028893291950226,0.37352290749549866,0.2078806459903717,0.8428516387939453
0,carabao,0.3206493854522705,0.3313342332839966,0.454967200756073,0.21298900246620178,0.8277375102043152
0,carabao,0.4677375853061676,0.43286481499671936,0.4318157136440277,0.20446348190307617,0.8053661584854126
0,carabao,0.5837967991828918,0.6841918230056763,0.2893449664115906,0.23202915489673615,0.7861698865890503
0,carabao,0.3463626503944397,0.742871880531311,0.36153316497802734,0.15814419090747833,0.7428385019302368
0,carabao,0.4637799859046936,0.24231097102165222,0.4020417332649231,0.2159416675567627,0.7272784113883972
0,carabao,0.25267088413238525,0.5300551652908325,0.2547145485877991,0.1420453041791916,0.6146664619445801
0,carabao,0.05678511783480644,0.8808143734931946,0.11357023566961288,0.23837128281593323,0.5745223164558411
