class,class_name,centroid_x,centroid_y,box_width,box_height,confidence
0,carabao,0.3335070312023163,0.4229864180088043,0.3709515929222107,0.31769534945487976,0.8556914925575256
0,carabao,0.5367916822433472,0.23660114407539368,0.27655285596847534,0.24835239350795746,0.8505547642707825
0,carabao,0.2180580347776413,0.32277050614356995,0.3014753460884094,0.23965510725975037,0.8136606812477112
0,carabao,0.5585817098617554,0.5378291606903076,0.27830296754837036,0.21741142868995667,0.8131569027900696
0,carabao,0.4514588415622711,0.6862784624099731,0.22559747099876404,0.20054283738136292,0.791442334651947
0,carabao,0.3062368333339691,0.5851119160652161,0.28529080748558044,0.1878712922334671,0.7824781537055969
0,carabao,0.12513896822929382,0.48977723717689514,0.20143163204193115,0.18826879560947418,0.7467166185379028
