class,class_name,centroid_x,centroid_y,box_width,box_height,confidence
1,flower,0.870529055595398,0.5791335701942444,0.25880375504493713,0.42122122645378113,0.4681864082813263
1,flower,0.5834755897521973,0.42595598101615906,0.37863653898239136,0.5619356632232666,0.3791104257106781
1,flower,0.5078320503234863,0.6410045623779297,0.05481662601232529,0.0934714749455452,0.35839134454727173
1,flower,0.8211078643798828,0.7185309529304504,0.14930835366249084,0.1460820585489273,0.3237021565437317
1,flower,0.4655529856681824,0.6380388736724854,0.04700803756713867,0.07330580055713654,0.2887803912162781
1,flower,0.42081218957901,0.7133214473724365,0.5427224040031433,0.2927260398864746,0.28389474749565125
1,flower,0.6519544720649719,0.4105675220489502,0.06934261322021484,0.13931776583194733,0.24906645715236664
1,flower,0.5817952156066895,0.6594805717468262,0.05355396121740341,0.07735389471054077,0.24463342130184174
1,flower,0.39418357610702515,0.6502611041069031,0.0516938678920269,0.061651811003685,0.23140688240528107
