class,class_name,centroid_x,centroid_y,box_width,box_height,confidence
0,carabao,0.6644492149353027,0.4880926012992859,0.5249177813529968,0.6454611420631409,0.8367306590080261
