class,class_name,centroid_x,centroid_y,box_width,box_height,confidence
0,carabao,0.7615675926208496,0.20029056072235107,0.3624609112739563,0.39799079298973083,0.8843235373497009
0,carabao,0.3009856641292572,0.778379499912262,0.5508530735969543,0.3993411064147949,0.883497953414917
0,carabao,0.7222708463668823,0.5891566276550293,0.5008581876754761,0.41833990812301636,0.860794723033905
0,carabao,0.4305838644504547,0.32181915640830994,0.4030672013759613,0.5429961085319519,0.8583443760871887
0,carabao,0.660049557685852,0.885608971118927,0.509762167930603,0.22711029648780823,0.8281475305557251
0,carabao,0.8926877975463867,0.7750205993652344,0.21462440490722656,0.44995880126953125,0.7590910792350769
0,carabao,0.9417523145675659,0.3482654094696045,0.11649532616138458,0.3949196934700012,0.4498004913330078
0,carabao,0.9215412139892578,0.3296005129814148,0.15691757202148438,0.4178035855293274,0.30227598547935486
