class,class_name,centroid_x,centroid_y,box_width,box_height,confidence
2,indian,0.3407982289791107,0.43214428424835205,0.2826484739780426,0.43841883540153503,0.714939296245575
2,indian,0.47720661759376526,0.7393876910209656,0.2790498733520508,0.3346594572067261,0.6808993816375732
2,indian,0.48079386353492737,0.3181725740432739,0.22892192006111145,0.3770514130592346,0.6680284142494202
2,indian,0.2272542268037796,0.7440112233161926,0.27623218297958374,0.30770084261894226,0.6602659225463867
