class,class_name,centroid_x,centroid_y,box_width,box_height,confidence
2,indian,0.358161598443985,0.6794220805168152,0.4465429186820984,0.4983057677745819,0.8736650943756104
2,indian,0.5813687443733215,0.399697482585907,0.4512344300746918,0.4570855498313904,0.8054252862930298
