class,class_name,centroid_x,centroid_y,box_width,box_height,confidence
0,carabao,0.5316197276115417,0.5299228429794312,0.854251503944397,0.5404692888259888,0.8636213541030884
