class,class_name,centroid_x,centroid_y,box_width,box_height,confidence
1,flower,0.4698660969734192,0.5016182065010071,0.040242958813905716,0.1472964584827423,0.24559101462364197
1,flower,0.4234139919281006,0.5207802653312683,0.07977418601512909,0.12964411079883575,0.21585234999656677
