class,class_name,centroid_x,centroid_y,box_width,box_height,confidence
0,carabao,0.3999857008457184,0.480896919965744,0.6578537225723267,0.5063727498054504,0.8854965567588806
0,carabao,0.8863509893417358,0.6222923398017883,0.22729787230491638,0.31186535954475403,0.8253178000450134
0,carabao,0.7866217494010925,0.21129363775253296,0.42599600553512573,0.4225872755050659,0.7958778142929077
