class,class_name,centroid_x,centroid_y,box_width,box_height,confidence
0,carabao,0.3426215648651123,0.7052955627441406,0.42733126878738403,0.43613114953041077,0.8540778160095215
0,carabao,0.6022348403930664,0.4654998183250427,0.33524036407470703,0.2597624361515045,0.8472998142242432
0,carabao,0.45166802406311035,0.23945920169353485,0.2948799133300781,0.27346134185791016,0.8321415781974792
0,carabao,0.30822068452835083,0.4313659369945526,0.3732450008392334,0.27697911858558655,0.8233180642127991
0,carabao,0.5823198556900024,0.7858272790908813,0.3000033497810364,0.2653142213821411,0.8128745555877686
0,carabao,0.10866434872150421,0.46611839532852173,0.20765981078147888,0.21761392056941986,0.7845584750175476
0,carabao,0.19703304767608643,0.6458120942115784,0.21624460816383362,0.20806655287742615,0.7310342192649841
