class,class_name,centroid_x,centroid_y,box_width,box_height,confidence
0,carabao,0.512780487537384,0.8294014930725098,0.18305644392967224,0.3048921525478363,0.8268260955810547
0,carabao,0.42767080664634705,0.553146481513977,0.2409806251525879,0.3715934753417969,0.8015215992927551
0,carabao,0.3142561912536621,0.37305954098701477,0.21630382537841797,0.3844694495201111,0.7690708637237549
