class,class_name,centroid_x,centroid_y,box_width,box_height,confidence
0,carabao,0.2770947813987732,0.5600037574768066,0.4962480962276459,0.2677868902683258,0.8859851956367493
0,carabao,0.3352721333503723,0.806721031665802,0.5013167858123779,0.23993422091007233,0.8822347521781921
0,carabao,0.6902765035629272,0.6871862411499023,0.5500920414924622,0.25538256764411926,0.8719179034233093
0,carabao,0.23422226309776306,0.25770241022109985,0.3661592900753021,0.34771132469177246,0.867469310760498
0,carabao,0.5651208162307739,0.38021546602249146,0.40200144052505493,0.36717846989631653,0.843564510345459
0,carabao,0.10689929127693176,0.7174303531646729,0.21379858255386353,0.25142356753349304,0.48605412244796753
