class,class_name,centroid_x,centroid_y,box_width,box_height,confidence
0,carabao,0.392519474029541,0.4836696982383728,0.7589184045791626,0.6218693256378174,0.888017475605011
