class,class_name,centroid_x,centroid_y,box_width,box_height,confidence
1,flower,0.5475786924362183,0.5798821449279785,0.8390454649925232,0.7849620580673218,0.9412650465965271
2,indian,0.5083543062210083,0.5834382772445679,0.2179149091243744,0.15564699470996857,0.26470300555229187
