class,class_name,centroid_x,centroid_y,box_width,box_height,confidence
0,carabao,0.41096773743629456,0.4371165931224823,0.29833143949508667,0.2617834210395813,0.8389822244644165
0,carabao,0.22683581709861755,0.5954099893569946,0.20125074684619904,0.18198712170124054,0.7779147624969482
0,carabao,0.5193003416061401,0.4851171672344208,0.19370679557323456,0.18035843968391418,0.7062879204750061
0,carabao,0.6358901262283325,0.39694473147392273,0.14239540696144104,0.11943893134593964,0.5422614812850952
