class,class_name,centroid_x,centroid_y,box_width,box_height,confidence
2,indian,0.2751711905002594,0.4629424214363098,0.1804521530866623,0.21146269142627716,0.7847574353218079
2,indian,0.5378614664077759,0.48799580335617065,0.20861855149269104,0.2438773810863495,0.7832821011543274
2,indian,0.44785016775131226,0.5940398573875427,0.19360056519508362,0.23928585648536682,0.7801379561424255
2,indian,0.6908513903617859,0.5270198583602905,0.19610023498535156,0.22384318709373474,0.7646953463554382
2,indian,0.5350289344787598,0.18508940935134888,0.20281676948070526,0.24698475003242493,0.7639435529708862
2,indian,0.8275705575942993,0.14071877300739288,0.17274722456932068,0.21038612723350525,0.32098835706710815
