class,class_name,centroid_x,centroid_y,box_width,box_height,confidence
0,carabao,0.2618524432182312,0.6187006235122681,0.510323166847229,0.5879920125007629,0.8452308177947998
0,carabao,0.7156690955162048,0.44340962171554565,0.5429801940917969,0.7544940710067749,0.8443074226379395
0,carabao,0.45542049407958984,0.2314116507768631,0.3946453034877777,0.4627339243888855,0.6550025343894958
