class,class_name,centroid_x,centroid_y,box_width,box_height,confidence
2,indian,0.532233476638794,0.4816516935825348,0.832396924495697,0.5763919949531555,0.9424118995666504
2,indian,0.20634609460830688,0.8069145083427429,0.4059339165687561,0.38617101311683655,0.8758454918861389
2,indian,0.8718546032905579,0.7511096000671387,0.23781199753284454,0.44900399446487427,0.817733645439148
2,indian,0.8567870855331421,0.12971000373363495,0.28150036931037903,0.2594200074672699,0.7474455237388611
2,indian,0.7925592660903931,0.3569567799568176,0.41488146781921387,0.3537076413631439,0.7022022008895874
2,indian,0.236551895737648,0.177565336227417,0.4608977735042572,0.352194607257843,0.6661158204078674
2,indian,0.12841787934303284,0.4804534316062927,0.254476934671402,0.27104443311691284,0.3246259093284607
2,indian,0.5402224063873291,0.11339113861322403,0.43407896161079407,0.22678227722644806,0.27719080448150635
2,indian,0.36571359634399414,0.18026499450206757,0.7293122410774231,0.3546946942806244,0.27128466963768005
