class,class_name,centroid_x,centroid_y,box_width,box_height,confidence
0,carabao,0.6545032858848572,0.6703401207923889,0.6365721821784973,0.43305662274360657,0.8759294152259827
0,carabao,0.4646516442298889,0.35023561120033264,0.5765913724899292,0.3984568417072296,0.8661468625068665
0,carabao,0.9402663111686707,0.06274314224720001,0.11782360076904297,0.12460698932409286,0.7605388164520264
0,carabao,0.5542338490486145,0.10284148901700974,0.15963038802146912,0.10363476723432541,0.6725347638130188
0,carabao,0.5638559460639954,0.9256994128227234,0.27995720505714417,0.14561627805233002,0.25375205278396606
