class,class_name,centroid_x,centroid_y,box_width,box_height,confidence
0,carabao,0.5331540107727051,0.4911392331123352,0.8512789011001587,0.5289114117622375,0.8477575778961182
