class,class_name,centroid_x,centroid_y,box_width,box_height,confidence
1,flower,0.6930345892906189,0.7750685811042786,0.30513811111450195,0.21805305778980255,0.5335505604743958
1,flower,0.21050095558166504,0.3219866156578064,0.2914854884147644,0.20098218321800232,0.5306680798530579
1,flower,0.3971341550350189,0.63343745470047,0.36462295055389404,0.26139870285987854,0.4653405249118805
1,flower,0.5177180171012878,0.17128834128379822,0.3430958390235901,0.18584299087524414,0.42420169711112976
1,flower,0.38151755928993225,0.2978860139846802,0.6350216269493103,0.4420272409915924,0.4165967106819153
1,flower,0.7609102129936218,0.604558527469635,0.3492301404476166,0.2610629200935364,0.4024224281311035
1,flower,0.41933175921440125,0.2588490843772888,0.2907823324203491,0.19074220955371857,0.39573320746421814
1,flower,0.5589032769203186,0.36453118920326233,0.2591688334941864,0.1968829184770584,0.3901064991950989
1,flower,0.7333967089653015,0.6919441819190979,0.533206582069397,0.44777002930641174,0.24756677448749542
