class,class_name,centroid_x,centroid_y,box_width,box_height,confidence
1,flower,0.48101338744163513,0.5119382739067078,0.9470678567886353,0.9295865297317505,0.9250920414924622
1,flower,0.46240153908729553,0.7667514085769653,0.09380330890417099,0.16995494067668915,0.4529147446155548
1,flower,0.5348376035690308,0.45850589871406555,0.08851794898509979,0.15428975224494934,0.4005250632762909
1,flower,0.40977686643600464,0.12052614241838455,0.07107353210449219,0.1261412799358368,0.3040357828140259
1,flower,0.31881028413772583,0.5136033892631531,0.05797543376684189,0.09476640820503235,0.22341284155845642
