class,class_name,centroid_x,centroid_y,box_width,box_height,confidence
0,carabao,0.33394092321395874,0.6802407503128052,0.2176114022731781,0.4630800187587738,0.856395423412323
0,carabao,0.11307469755411148,0.8138197064399719,0.22074763476848602,0.3720613420009613,0.8176484704017639
0,carabao,0.6813076734542847,0.4192587733268738,0.26860228180885315,0.2849920094013214,0.8084221482276917
0,carabao,0.6190617680549622,0.6612005233764648,0.20930156111717224,0.3908367156982422,0.8078970313072205
0,carabao,0.24167808890342712,0.5413287281990051,0.21553020179271698,0.3882564902305603,0.7829287052154541
0,carabao,0.7287696003913879,0.6549952030181885,0.20410557091236115,0.3643229603767395,0.7363555431365967
0,carabao,0.44905948638916016,0.5340451002120972,0.18655642867088318,0.43715935945510864,0.7245855331420898
0,carabao,0.5314961671829224,0.7616912722587585,0.14935970306396484,0.22853775322437286,0.7123590707778931
0,carabao,0.8786748051643372,0.9393320083618164,0.24265041947364807,0.12076950073242188,0.5983334183692932
