class,class_name,centroid_x,centroid_y,box_width,box_height,confidence
0,carabao,0.23492951691150665,0.19936367869377136,0.3764355778694153,0.3987273573875427,0.8947643041610718
0,carabao,0.27610865235328674,0.5892688035964966,0.504065990447998,0.4126442074775696,0.8761050701141357
0,carabao,0.7004400491714478,0.7766042351722717,0.5531519055366516,0.38658228516578674,0.8630250692367554
0,carabao,0.5677295923233032,0.3205787241458893,0.39544838666915894,0.5527148246765137,0.8560167551040649
0,carabao,0.33505702018737793,0.8867971301078796,0.5023273229598999,0.22361621260643005,0.8368178606033325
0,carabao,0.11325238645076752,0.7769153714179993,0.22650477290153503,0.44616928696632385,0.7219035625457764
0,carabao,0.05401129648089409,0.3325957655906677,0.10687260329723358,0.4086073935031891,0.5639238357543945
0,carabao,0.8102766275405884,0.08024295419454575,0.1761925220489502,0.1590224951505661,0.2271534502506256
