class,class_name,centroid_x,centroid_y,box_width,box_height,confidence
0,carabao,0.6263323426246643,0.6937985420227051,0.2824040353298187,0.4659614562988281,0.8256251811981201
0,carabao,0.4145871102809906,0.6136285066604614,0.3358900547027588,0.448011577129364,0.7809234857559204
