class,class_name,centroid_x,centroid_y,box_width,box_height,confidence
0,carabao,0.5050755143165588,0.625826358795166,0.6493476033210754,0.49290579557418823,0.8431944251060486
0,carabao,0.599249541759491,0.3246490955352783,0.40264302492141724,0.4270033836364746,0.7954269051551819
