class,class_name,centroid_x,centroid_y,box_width,box_height,confidence
0,carabao,0.19932779669761658,0.449072927236557,0.3949093222618103,0.5135824084281921,0.8430712819099426
0,carabao,0.5847079157829285,0.5806878209114075,0.2754615843296051,0.5189318060874939,0.7879728674888611
0,carabao,0.3661600947380066,0.7341843843460083,0.29571205377578735,0.5027898550033569,0.7857044339179993
0,carabao,0.838497519493103,0.6432241797447205,0.30337414145469666,0.5701189637184143,0.7111738920211792
