class,class_name,centroid_x,centroid_y,box_width,box_height,confidence
2,indian,0.41716328263282776,0.5567839741706848,0.3464508056640625,0.2501087188720703,0.7807158827781677
2,indian,0.3781812787055969,0.3919510841369629,0.35391539335250854,0.2177465409040451,0.7670055031776428
