class,class_name,centroid_x,centroid_y,box_width,box_height,confidence
0,carabao,0.5528537034988403,0.4559655785560608,0.4565574526786804,0.1768457442522049,0.8416445255279541
0,carabao,0.5685851573944092,0.33494752645492554,0.44135424494743347,0.14408382773399353,0.8045691847801208
