class,class_name,centroid_x,centroid_y,box_width,box_height,confidence
0,carabao,0.5750008225440979,0.4632006585597992,0.23347105085849762,0.24563658237457275,0.8231549859046936
0,carabao,0.493582546710968,0.34285441040992737,0.19292691349983215,0.22563305497169495,0.8072389364242554
0,carabao,0.6121902465820312,0.6355103254318237,0.22472064197063446,0.19074077904224396,0.7951942682266235
0,carabao,0.7871209383010864,0.37660226225852966,0.11972185969352722,0.09277210384607315,0.6787500381469727
