class,class_name,centroid_x,centroid_y,box_width,box_height,confidence
2,indian,0.5081433057785034,0.7454594373703003,0.32077738642692566,0.30695468187332153,0.7738506197929382
2,indian,0.3604813814163208,0.21712079644203186,0.2984289228916168,0.29468387365341187,0.7690900564193726
2,indian,0.6243597865104675,0.18863745033740997,0.3521428406238556,0.28394192457199097,0.7352164387702942
