class,class_name,centroid_x,centroid_y,box_width,box_height,confidence
0,carabao,0.5147576928138733,0.45844319462776184,0.21225270628929138,0.6153843402862549,0.8479617238044739
