class,class_name,centroid_x,centroid_y,box_width,box_height,confidence
0,carabao,0.5686842799186707,0.39104315638542175,0.3635578155517578,0.2063339650630951,0.8247277736663818
0,carabao,0.35956838726997375,0.6519802212715149,0.3859141170978546,0.14542636275291443,0.8219915628433228
0,carabao,0.7086428999900818,0.5479398965835571,0.32785266637802124,0.15804462134838104,0.8169798851013184
0,carabao,0.26379063725471497,0.563660740852356,0.3350982069969177,0.14102821052074432,0.7966896295547485
0,carabao,0.46577078104019165,0.5282126069068909,0.29724571108818054,0.17098084092140198,0.7792535424232483
0,carabao,0.4403875172138214,0.4241715967655182,0.16185106337070465,0.07891587913036346,0.35306602716445923
