class,class_name,centroid_x,centroid_y,box_width,box_height,confidence
0,carabao,0.6973204612731934,0.6201896071434021,0.46044921875,0.2647620141506195,0.8624714612960815
0,carabao,0.6010462045669556,0.4103398025035858,0.4597679078578949,0.3460516929626465,0.8316393494606018
