class,class_name,centroid_x,centroid_y,box_width,box_height,confidence
1,flower,0.4810386300086975,0.7208870053291321,0.18095281720161438,0.17725734412670135,0.5065317153930664
1,flower,0.203245148062706,0.6087784767150879,0.20070978999137878,0.1185527816414833,0.4281797409057617
1,flower,0.4771704077720642,0.8897058367729187,0.09777630865573883,0.19032439589500427,0.4275871515274048
1,flower,0.25838181376457214,0.6917654275894165,0.15305344760417938,0.11895751953125,0.39832401275634766
1,flower,0.5670700073242188,0.8623690605163574,0.09571944177150726,0.14763660728931427,0.37330934405326843
1,flower,0.18853865563869476,0.278947651386261,0.37225279211997986,0.5408846139907837,0.3670738637447357
1,flower,0.293025940656662,0.3892209529876709,0.08981100469827652,0.07482890784740448,0.3203886151313782
1,flower,0.2964111566543579,0.7486361265182495,0.15937933325767517,0.12119140475988388,0.3059815466403961
1,flower,0.42788732051849365,0.5504981875419617,0.2249070256948471,0.16827945411205292,0.2602241039276123
