class,class_name,centroid_x,centroid_y,box_width,box_height,confidence
1,flower,0.30564695596694946,0.7757781744003296,0.3141889274120331,0.2099488228559494,0.5476552844047546
1,flower,0.5839689373970032,0.6304209232330322,0.36540165543556213,0.25069665908813477,0.4962928593158722
1,flower,0.21956925094127655,0.6029672622680664,0.380384236574173,0.2667396664619446,0.4957527220249176
1,flower,0.5634739398956299,0.2572343051433563,0.2860836386680603,0.1921348124742508,0.4885762631893158
1,flower,0.7848554253578186,0.321038156747818,0.29802829027175903,0.195569708943367,0.48690265417099
1,flower,0.43369626998901367,0.3691602051258087,0.25506412982940674,0.18297037482261658,0.3927873969078064
1,flower,0.47540852427482605,0.17655646800994873,0.3296896815299988,0.1913292407989502,0.36974841356277466
1,flower,0.6231641173362732,0.29967159032821655,0.6142580509185791,0.446384996175766,0.21699418127536774
