class,class_name,centroid_x,centroid_y,box_width,box_height,confidence
0,carabao,0.5888561010360718,0.2141633778810501,0.2805214822292328,0.2892689108848572,0.8345950245857239
0,carabao,0.6359778046607971,0.4301756024360657,0.30207520723342896,0.29878097772598267,0.8326027989387512
0,carabao,0.3182937502861023,0.6518447995185852,0.2724364399909973,0.3052152991294861,0.8267993927001953
0,carabao,0.5237022638320923,0.7825357913970947,0.18222303688526154,0.20265604555606842,0.8004806637763977
0,carabao,0.8304187059402466,0.32969537377357483,0.1810779571533203,0.2613776624202728,0.7974371314048767
0,carabao,0.7850925326347351,0.1868773102760315,0.16028785705566406,0.1655067503452301,0.7617051005363464
0,carabao,0.7921379208564758,0.40193745493888855,0.12279834598302841,0.1674507111310959,0.7098283171653748
0,carabao,0.4848252236843109,0.6854276657104492,0.10387859493494034,0.10753817856311798,0.6801442503929138
0,carabao,0.38536861538887024,0.7252519130706787,0.1384476125240326,0.15820549428462982,0.36189553141593933
