class,class_name,centroid_x,centroid_y,box_width,box_height,confidence
0,carabao,0.4548514783382416,0.5941284894943237,0.4098905026912689,0.22418537735939026,0.8203502297401428
0,carabao,0.8325996994972229,0.5252752304077148,0.3348006010055542,0.2786768972873688,0.8201995491981506
0,carabao,0.5401393175125122,0.4279298782348633,0.4461830258369446,0.22003380954265594,0.8032984733581543
