class,class_name,centroid_x,centroid_y,box_width,box_height,confidence
0,carabao,0.3630964756011963,0.42785051465034485,0.30525875091552734,0.3050796389579773,0.8399473428726196
0,carabao,0.4132688641548157,0.2119397670030594,0.282317191362381,0.2812424898147583,0.8256914615631104
0,carabao,0.6805585622787476,0.6461973190307617,0.26735764741897583,0.2915721535682678,0.8214107751846313
0,carabao,0.47521916031837463,0.7820717692375183,0.1779598444700241,0.2034742534160614,0.8080652952194214
0,carabao,0.17175042629241943,0.3317517638206482,0.18732008337974548,0.26454341411590576,0.8006004095077515
0,carabao,0.2128622978925705,0.1933399885892868,0.16856764256954193,0.18482033908367157,0.7079960703849792
0,carabao,0.20629911124706268,0.4054347276687622,0.1189272403717041,0.1595603972673416,0.7073532938957214
0,carabao,0.5154366493225098,0.6870620846748352,0.10685405880212784,0.11784600466489792,0.6354513764381409
0,carabao,0.6165802478790283,0.7234824895858765,0.13634958863258362,0.15205569565296173,0.2890174984931946
