class,class_name,centroid_x,centroid_y,box_width,box_height,confidence
0,carabao,0.5285537838935852,0.3399525284767151,0.6229718923568726,0.521186351776123,0.841817319393158
