class,class_name,centroid_x,centroid_y,box_width,box_height,confidence
1,flower,0.49550142884254456,0.47325748205184937,0.9714391827583313,0.9388726949691772,0.7260134816169739
1,flower,0.29591304063796997,0.4599250257015228,0.5357677340507507,0.7395787239074707,0.3977063000202179
1,flower,0.16504959762096405,0.6338564157485962,0.2048988789319992,0.3491215407848358,0.32581061124801636
1,flower,0.8485890626907349,0.5395973920822144,0.20604439079761505,0.31636524200439453,0.24561847746372223
