class,class_name,centroid_x,centroid_y,box_width,box_height,confidence
0,carabao,0.5491788387298584,0.5592129230499268,0.4964221119880676,0.633917510509491,0.8376328945159912
0,carabao,0.3937927186489105,0.2994357943534851,0.35793203115463257,0.362363338470459,0.8218414783477783
0,carabao,0.1614767163991928,0.48903703689575195,0.2062470018863678,0.24967268109321594,0.692419707775116
