class,class_name,centroid_x,centroid_y,box_width,box_height,confidence
0,carabao,0.615532398223877,0.4868190586566925,0.7689352035522461,0.6265493035316467,0.8854722380638123
