class,class_name,centroid_x,centroid_y,box_width,box_height,confidence
2,indian,0.3074129819869995,0.6826446056365967,0.2330522984266281,0.4252249300479889,0.8259229063987732
2,indian,0.10180781036615372,0.7530212998390198,0.19766736030578613,0.3985612392425537,0.8135530948638916
2,indian,0.6940369606018066,0.7624611258506775,0.24592360854148865,0.37539908289909363,0.8098306655883789
2,indian,0.4135266840457916,0.41989627480506897,0.21354837715625763,0.3491848111152649,0.8053626418113708
2,indian,0.8990715146064758,0.4932892918586731,0.2003604918718338,0.36904358863830566,0.7910864353179932
2,indian,0.7845174074172974,0.3280130922794342,0.22179527580738068,0.40782055258750916,0.7895053625106812
2,indian,0.6142040491104126,0.1407414674758911,0.24411487579345703,0.27493521571159363,0.7712140679359436
2,indian,0.5507959723472595,0.19602201879024506,0.1722273826599121,0.3054393529891968,0.589047372341156
1,flower,0.602922260761261,0.47129231691360474,0.36732807755470276,0.4137430489063263,0.3108079731464386
