class,class_name,centroid_x,centroid_y,box_width,box_height,confidence
0,carabao,0.5636721253395081,0.3768862187862396,0.701823353767395,0.4201045334339142,0.8640760183334351
0,carabao,0.4647946357727051,0.7020738124847412,0.6792837381362915,0.3896174132823944,0.8474764227867126
