class,class_name,centroid_x,centroid_y,box_width,box_height,confidence
0,carabao,0.6546664237976074,0.19280239939689636,0.3902425765991211,0.34836050868034363,0.8616376519203186
0,carabao,0.6540201902389526,0.5013871788978577,0.38959962129592896,0.2894868850708008,0.8428595066070557
0,carabao,0.34480026364326477,0.38784530758857727,0.3706011176109314,0.2664605677127838,0.8226720690727234
0,carabao,0.8176659345626831,0.6102308630943298,0.3546295166015625,0.23541972041130066,0.8159273862838745
0,carabao,0.5250884890556335,0.6506456732749939,0.32949063181877136,0.33031442761421204,0.8155724406242371
0,carabao,0.361564576625824,0.18081608414649963,0.3146713376045227,0.23110084235668182,0.801281213760376
0,carabao,0.8003506660461426,0.38003009557724,0.27883052825927734,0.22041969001293182,0.7431215643882751
0,carabao,0.35885027050971985,0.6402132511138916,0.236420676112175,0.26376238465309143,0.735624372959137
