class,class_name,centroid_x,centroid_y,box_width,box_height,confidence
0,carabao,0.5565091371536255,0.41404208540916443,0.5736609697341919,0.7967582941055298,0.8681632876396179
