class,class_name,centroid_x,centroid_y,box_width,box_height,confidence
0,carabao,0.347711980342865,0.3807205557823181,0.3959578573703766,0.19719377160072327,0.8341991901397705
0,carabao,0.3178649842739105,0.6638748049736023,0.45710641145706177,0.21129894256591797,0.8314340710639954
0,carabao,0.18678979575634003,0.8884690999984741,0.37357959151268005,0.21393413841724396,0.8218353986740112
0,carabao,0.45889225602149963,0.7480953335762024,0.40186548233032227,0.20135192573070526,0.8163617849349976
0,carabao,0.58900386095047,0.31917500495910645,0.28807440400123596,0.2431926727294922,0.7748862504959106
0,carabao,0.3524206578731537,0.25625643134117126,0.37532252073287964,0.15446947515010834,0.7292218804359436
0,carabao,0.4660201072692871,0.560929536819458,0.4316991865634918,0.21270494163036346,0.7228763699531555
0,carabao,0.24786636233329773,0.4669717848300934,0.2340783178806305,0.1410168707370758,0.7046813368797302
0,carabao,0.054640792310237885,0.11768016964197159,0.10928158462047577,0.23536033928394318,0.6138696074485779
