class,class_name,centroid_x,centroid_y,box_width,box_height,confidence
0,carabao,0.2775449752807617,0.44053176045417786,0.4978783428668976,0.2703265845775604,0.876001238822937
0,carabao,0.23729468882083893,0.7377791404724121,0.3705167770385742,0.3347347676753998,0.8693135380744934
0,carabao,0.33919620513916016,0.1940513253211975,0.500400722026825,0.24410413205623627,0.8689711689949036
0,carabao,0.6896734833717346,0.31166282296180725,0.5545629262924194,0.2541130781173706,0.8639501929283142
0,carabao,0.5666080713272095,0.6166372299194336,0.4050188958644867,0.36522048711776733,0.8535828590393066
0,carabao,0.10528068244457245,0.3020029067993164,0.2105613648891449,0.3126031756401062,0.5874295234680176
0,carabao,0.05422993004322052,0.6133015155792236,0.10845986008644104,0.2228042483329773,0.2571682333946228
