class,class_name,centroid_x,centroid_y,box_width,box_height,confidence
0,carabao,0.4898715019226074,0.6311535835266113,0.6276468634605408,0.7339933514595032,0.8143153786659241
