class,class_name,centroid_x,centroid_y,box_width,box_height,confidence
0,carabao,0.7490101456642151,0.37987542152404785,0.49600499868392944,0.5969586372375488,0.8585640788078308
0,carabao,0.2914232313632965,0.558621883392334,0.5342058539390564,0.7344884872436523,0.8125779628753662
0,carabao,0.5310732126235962,0.7625466585159302,0.4120842516422272,0.47380581498146057,0.5751703977584839
