class,class_name,centroid_x,centroid_y,box_width,box_height,confidence
0,carabao,0.3099578320980072,0.47834673523902893,0.3928265869617462,0.22513465583324432,0.6723989248275757
2,indian,0.747485876083374,0.2263914793729782,0.33301621675491333,0.2611025273799896,0.5914905071258545
2,indian,0.7431535124778748,0.4778669774532318,0.35103580355644226,0.25635185837745667,0.5253557562828064
0,carabao,0.4273514449596405,0.3404819369316101,0.4690224826335907,0.2687508463859558,0.5208764672279358
2,indian,0.42814797163009644,0.33987686038017273,0.46416759490966797,0.2674294114112854,0.4685559570789337
0,carabao,0.7418321967124939,0.4770748019218445,0.35455626249313354,0.25640639662742615,0.4644695520401001
