class,class_name,centroid_x,centroid_y,box_width,box_height,confidence
0,carabao,0.7377331852912903,0.3622667193412781,0.35296544432640076,0.4756825566291809,0.8347018361091614
0,carabao,0.4832553267478943,0.5676015019416809,0.39937520027160645,0.5149858593940735,0.8138189911842346
