class,class_name,centroid_x,centroid_y,box_width,box_height,confidence
0,carabao,0.47948747873306274,0.5866396427154541,0.5067306756973267,0.6515876054763794,0.8170896172523499
0,carabao,0.6205564737319946,0.11013507843017578,0.31474417448043823,0.21912141144275665,0.79718017578125
0,carabao,0.22114844620227814,0.2193598747253418,0.43535152077674866,0.43625736236572266,0.7867921590805054
