class,class_name,centroid_x,centroid_y,box_width,box_height,confidence
0,carabao,0.3397291302680969,0.5467739105224609,0.5286535024642944,0.6397964358329773,0.8404512405395508
