class,class_name,centroid_x,centroid_y,box_width,box_height,confidence
0,carabao,0.6864112019538879,0.25835391879081726,0.3173757493495941,0.3287827968597412,0.8337481021881104
0,carabao,0.6368808150291443,0.7642038464546204,0.36680346727371216,0.302179217338562,0.8236987590789795
0,carabao,0.6806684136390686,0.49266883730888367,0.35154256224632263,0.29410460591316223,0.8003591299057007
