class,class_name,centroid_x,centroid_y,box_width,box_height,confidence
0,carabao,0.5003393292427063,0.3675151765346527,0.653943657875061,0.48145103454589844,0.8656967878341675
0,carabao,0.6014977693557739,0.6757628321647644,0.39720362424850464,0.4380500912666321,0.738153338432312
