class,class_name,centroid_x,centroid_y,box_width,box_height,confidence
2,indian,0.5381559729576111,0.5807511806488037,0.27110013365745544,0.252125084400177,0.5046992897987366
2,indian,0.362051397562027,0.6176446676254272,0.2152242660522461,0.24064788222312927,0.48788949847221375
0,carabao,0.6219319105148315,0.7859840393066406,0.11003398895263672,0.13124670088291168,0.4792642891407013
0,carabao,0.6521364450454712,0.4922097623348236,0.2502644658088684,0.230008065700531,0.4201609194278717
2,indian,0.6491948366165161,0.4920423626899719,0.2512977719306946,0.22840677201747894,0.380505234003067
2,indian,0.6243491172790527,0.7865502834320068,0.11097755283117294,0.12903417646884918,0.31277456879615784
2,indian,0.6214266419410706,0.786291241645813,0.13665075600147247,0.1548812836408615,0.21133579313755035
