class,class_name,centroid_x,centroid_y,box_width,box_height,confidence
0,carabao,0.6054700613021851,0.47778287529945374,0.31790676712989807,0.4112027585506439,0.8499796986579895
0,carabao,0.3411825895309448,0.46183663606643677,0.3133251667022705,0.34370994567871094,0.8459513187408447
0,carabao,0.7681747674942017,0.6492317914962769,0.22487124800682068,0.43068554997444153,0.8410524725914001
0,carabao,0.18430426716804504,0.5960695743560791,0.25330638885498047,0.35510534048080444,0.8148141503334045
0,carabao,0.6312738656997681,0.24274364113807678,0.28213804960250854,0.3077455759048462,0.8089067935943604
0,carabao,0.5798937082290649,0.7549822330474854,0.21775217354297638,0.3429613709449768,0.7988299131393433
