class,class_name,centroid_x,centroid_y,box_width,box_height,confidence
1,flower,0.7205414772033691,0.49124035239219666,0.06759985536336899,0.05198945850133896,0.2964335083961487
1,flower,0.7717276811599731,0.5192031860351562,0.07139129191637039,0.04765739291906357,0.28989407420158386
1,flower,0.530791699886322,0.49471473693847656,0.12126686424016953,0.09014854580163956,0.28708702325820923
1,flower,0.5436276793479919,0.3623783588409424,0.08296538889408112,0.08686961978673935,0.28491833806037903
1,flower,0.42478662729263306,0.448319673538208,0.13024725019931793,0.08862390369176865,0.261212557554245
1,flower,0.6391242742538452,0.4281272888183594,0.09438087791204453,0.06198759004473686,0.25316643714904785
1,flower,0.625649094581604,0.5368270874023438,0.07324465364217758,0.06664638221263885,0.23713169991970062
1,flower,0.4702793061733246,0.2969703674316406,0.16164757311344147,0.12657174468040466,0.23072730004787445
1,flower,0.6821566820144653,0.46209144592285156,0.09327485412359238,0.06309986114501953,0.21265718340873718
