class,class_name,centroid_x,centroid_y,box_width,box_height,confidence
1,flower,0.21768364310264587,0.6973466873168945,0.29358479380607605,0.21500320732593536,0.48414891958236694
1,flower,0.7801806330680847,0.4023095965385437,0.3868597149848938,0.252210408449173,0.477557897567749
1,flower,0.41203051805496216,0.38122931122779846,0.3723258078098297,0.2755090594291687,0.3736579120159149
1,flower,0.41914817690849304,0.7739951014518738,0.3237687051296234,0.2298583984375,0.3419070243835449
1,flower,0.6903590559959412,0.24411901831626892,0.31036505103111267,0.23935766518115997,0.3246903717517853
1,flower,0.5687856078147888,0.6410479545593262,0.2554362416267395,0.18897227942943573,0.25697794556617737
