class,class_name,centroid_x,centroid_y,box_width,box_height,confidence
0,carabao,0.6914666891098022,0.3765151798725128,0.4732280671596527,0.2805400490760803,0.7924000024795532
0,carabao,0.613017737865448,0.5817389488220215,0.45843562483787537,0.32545578479766846,0.780084490776062
