class,class_name,centroid_x,centroid_y,box_width,box_height,confidence
0,carabao,0.5659471750259399,0.28476256132125854,0.5560161471366882,0.3345334529876709,0.8672513961791992
0,carabao,0.6830973625183105,0.5358251929283142,0.5194624066352844,0.3111090064048767,0.8293277025222778
0,carabao,0.6139770746231079,0.7590098977088928,0.4315629005432129,0.2540280222892761,0.8196874856948853
0,carabao,0.34765687584877014,0.6761323809623718,0.3126530647277832,0.21675994992256165,0.7259809374809265
