class,class_name,centroid_x,centroid_y,box_width,box_height,confidence
0,carabao,0.44192934036254883,0.7535500526428223,0.5961791276931763,0.3558679521083832,0.8592459559440613
0,carabao,0.646955132484436,0.6242450475692749,0.4213774800300598,0.21587105095386505,0.8450232744216919
0,carabao,0.7285633683204651,0.3072362542152405,0.5371004939079285,0.293372243642807,0.8420313596725464
0,carabao,0.24133558571338654,0.5061753392219543,0.48267117142677307,0.24239635467529297,0.826744556427002
0,carabao,0.7075529098510742,0.4912601411342621,0.4192184507846832,0.17608651518821716,0.6848301291465759
