class,class_name,centroid_x,centroid_y,box_width,box_height,confidence
0,carabao,0.49244028329849243,0.47168827056884766,0.5496567487716675,0.8368663787841797,0.8784286379814148
