class,class_name,centroid_x,centroid_y,box_width,box_height,confidence
0,carabao,0.46286019682884216,0.5297829508781433,0.8355531692504883,0.5379749536514282,0.8328630328178406
