class,class_name,centroid_x,centroid_y,box_width,box_height,confidence
0,carabao,0.7306947112083435,0.7443321943283081,0.5111292600631714,0.23846188187599182,0.8645483255386353
0,carabao,0.28249409794807434,0.230791375041008,0.554906964302063,0.229548841714859,0.8527655005455017
0,carabao,0.7217497229576111,0.5397084951400757,0.526409387588501,0.24455194175243378,0.8442061543464661
0,carabao,0.35507476329803467,0.40254664421081543,0.4994008243083954,0.2945902943611145,0.8386846780776978
0,carabao,0.7577095031738281,0.2996063530445099,0.4840470552444458,0.27311521768569946,0.8308550715446472
0,carabao,0.2578774690628052,0.5086053013801575,0.5157549381256104,0.257402241230011,0.8258141875267029
0,carabao,0.2829381227493286,0.7341985702514648,0.5656457543373108,0.23907241225242615,0.815091609954834
