class,class_name,centroid_x,centroid_y,box_width,box_height,confidence
2,indian,0.5128501653671265,0.5207821726799011,0.20219659805297852,0.28822433948516846,0.7883912920951843
2,indian,0.6139066815376282,0.3609851896762848,0.21284809708595276,0.2589263319969177,0.7869619727134705
2,indian,0.64142906665802,0.6538902521133423,0.21790428459644318,0.26610296964645386,0.7784359455108643
2,indian,0.3668944537639618,0.6326278448104858,0.20072150230407715,0.22944791615009308,0.777462899684906
2,indian,0.4454905390739441,0.3818015456199646,0.178931325674057,0.23528635501861572,0.7764519453048706
2,indian,0.7418324947357178,0.5224506258964539,0.17463521659374237,0.2474411129951477,0.7558583617210388
2,indian,0.4934206008911133,0.6576175689697266,0.1483624428510666,0.15777158737182617,0.4041731059551239
