class,class_name,centroid_x,centroid_y,box_width,box_height,confidence
2,indian,0.7418365478515625,0.7762050628662109,0.3296699523925781,0.260341078042984,0.5900015830993652
0,carabao,0.315147340297699,0.5213305354118347,0.39879530668258667,0.22171106934547424,0.5843371748924255
2,indian,0.7405255436897278,0.5260816812515259,0.3375742733478546,0.2569541037082672,0.5668436288833618
2,indian,0.42383822798728943,0.6621951460838318,0.4759955108165741,0.26365718245506287,0.5414485931396484
0,carabao,0.4270974397659302,0.6627667546272278,0.4769587218761444,0.2668301463127136,0.46667560935020447
2,indian,0.31484726071357727,0.5217631459236145,0.4040631055831909,0.22264938056468964,0.45477062463760376
