class,class_name,centroid_x,centroid_y,box_width,box_height,confidence
0,carabao,0.559597909450531,0.19657309353351593,0.5179123282432556,0.39314618706703186,0.8424170613288879
0,carabao,0.2655797302722931,0.36196672916412354,0.5204252004623413,0.2766140401363373,0.8382591009140015
0,carabao,0.3652961850166321,0.8424676656723022,0.5769490599632263,0.3085353970527649,0.8243589997291565
0,carabao,0.4198645055294037,0.5841695070266724,0.5551590323448181,0.26696357131004333,0.7944515943527222
