class,class_name,centroid_x,centroid_y,box_width,box_height,confidence
0,carabao,0.6510220766067505,0.2924245297908783,0.4238103926181793,0.4344158172607422,0.8719923496246338
0,carabao,0.6910992860794067,0.5643866658210754,0.3882206082344055,0.2926349639892578,0.8328368067741394
0,carabao,0.397016316652298,0.5353031158447266,0.33022379875183105,0.2782491445541382,0.8280742764472961
0,carabao,0.4133036732673645,0.21337756514549255,0.3112034201622009,0.2736266553401947,0.8131346106529236
0,carabao,0.5520032644271851,0.7557700872421265,0.30674877762794495,0.2948260009288788,0.8119515776634216
0,carabao,0.8942391276359558,0.5396183729171753,0.20500870048999786,0.23272208869457245,0.7752883434295654
0,carabao,0.8116340637207031,0.35062891244888306,0.20640984177589417,0.2147647738456726,0.7520086169242859
