class,class_name,centroid_x,centroid_y,box_width,box_height,confidence
0,carabao,0.29679518938064575,0.45966702699661255,0.33188629150390625,0.32613199949264526,0.846459150314331
0,carabao,0.629641592502594,0.26879429817199707,0.325488805770874,0.33394375443458557,0.8445656895637512
0,carabao,0.4988945722579956,0.5669428706169128,0.3587953746318817,0.36060047149658203,0.8213419914245605
0,carabao,0.6573029160499573,0.8017928004264832,0.32516050338745117,0.2829832136631012,0.789679765701294
0,carabao,0.37339383363723755,0.7804402112960815,0.32190725207328796,0.3625016212463379,0.7846469283103943
