class,class_name,centroid_x,centroid_y,box_width,box_height,confidence
0,carabao,0.2973161041736603,0.4018416106700897,0.5870375037193298,0.6113272309303284,0.8523023128509521
0,carabao,0.7542709708213806,0.6675962805747986,0.4914580285549164,0.5282379388809204,0.8296633362770081
0,carabao,0.5158786177635193,0.5802690386772156,0.4902277886867523,0.542320728302002,0.8084890842437744
