class,class_name,centroid_x,centroid_y,box_width,box_height,confidence
0,carabao,0.6852993965148926,0.6637359857559204,0.45596274733543396,0.20853309333324432,0.8357840180397034
0,carabao,0.807874321937561,0.8887952566146851,0.3842514157295227,0.2166612595319748,0.8330919742584229
0,carabao,0.6540324091911316,0.3818545341491699,0.3998985290527344,0.19721288979053497,0.8188822865486145
0,carabao,0.4135581851005554,0.3092128038406372,0.2815929651260376,0.23274493217468262,0.7743743062019348
0,carabao,0.5480444431304932,0.7487467527389526,0.3939325213432312,0.2003985345363617,0.7676984667778015
0,carabao,0.7534915208816528,0.467468798160553,0.23822975158691406,0.14506873488426208,0.7019717693328857
0,carabao,0.647636890411377,0.2576945722103119,0.37405624985694885,0.16079802811145782,0.689952552318573
0,carabao,0.5461095571517944,0.5593208074569702,0.44513264298439026,0.23394565284252167,0.6665428280830383
0,carabao,0.9437259435653687,0.10515451431274414,0.11254806816577911,0.21030902862548828,0.6508123278617859
