class,class_name,centroid_x,centroid_y,box_width,box_height,confidence
0,carabao,0.45469608902931213,0.44759392738342285,0.18129654228687286,0.4666503071784973,0.8012694120407104
0,carabao,0.3375207781791687,0.42590099573135376,0.1461832970380783,0.4571479558944702,0.77639240026474
