class,class_name,centroid_x,centroid_y,box_width,box_height,confidence
0,carabao,0.5257917642593384,0.17391999065876007,0.3028518557548523,0.34783998131752014,0.8330740928649902
0,carabao,0.43675270676612854,0.4515118896961212,0.2214786261320114,0.45532163977622986,0.8305814266204834
0,carabao,0.5991970300674438,0.5397043228149414,0.2366890013217926,0.4103998839855194,0.8109601736068726
2,indian,0.07854095846414566,0.9682004451751709,0.05496013164520264,0.06251754611730576,0.22654959559440613
2,indian,0.02609025314450264,0.8810011744499207,0.05218050628900528,0.0799180343747139,0.22249731421470642
