class,class_name,centroid_x,centroid_y,box_width,box_height,confidence
2,indian,0.5518983006477356,0.4165306091308594,0.2578914761543274,0.3365045189857483,0.7894936800003052
2,indian,0.3933570384979248,0.3836778998374939,0.23050756752490997,0.33076682686805725,0.760810911655426
