class,class_name,centroid_x,centroid_y,box_width,box_height,confidence
2,indian,0.48851722478866577,0.516638994216919,0.589279294013977,0.8245080709457397,0.9163458347320557
2,indian,0.17892488837242126,0.2839873731136322,0.35784977674484253,0.5593417882919312,0.8751299381256104
2,indian,0.8055242300033569,0.20526255667209625,0.3889513909816742,0.4105251133441925,0.8749409914016724
2,indian,0.7513431906700134,0.872740626335144,0.45170068740844727,0.2545187473297119,0.7800058722496033
2,indian,0.14433327317237854,0.8489423394203186,0.28640466928482056,0.302115261554718,0.6912222504615784
2,indian,0.8692353963851929,0.49769127368927,0.2614647448062897,0.49638015031814575,0.48361220955848694
2,indian,0.3776532709598541,0.791991651058197,0.3511262834072113,0.4160166382789612,0.29062438011169434
2,indian,0.4934491217136383,0.1437024176120758,0.2962659001350403,0.28531181812286377,0.23813310265541077
