class,class_name,centroid_x,centroid_y,box_width,box_height,confidence
2,indian,0.5146535038948059,0.5133620500564575,0.5906999707221985,0.8289282321929932,0.9534308910369873
2,indian,0.1890788972377777,0.20401057600975037,0.3781577944755554,0.40802115201950073,0.914948046207428
2,indian,0.8194639086723328,0.2827381491661072,0.35920676589012146,0.5634398460388184,0.8325903415679932
2,indian,0.23964042961597443,0.8683596849441528,0.4750438630580902,0.2632806599140167,0.8067811727523804
2,indian,0.6210249066352844,0.8004941940307617,0.3572511672973633,0.3990115523338318,0.727489709854126
2,indian,0.8472723960876465,0.8505467772483826,0.3054552674293518,0.2989064157009125,0.5899754762649536
2,indian,0.5057169795036316,0.12036982923746109,0.28644102811813354,0.238082155585289,0.43992066383361816
2,indian,0.19934909045696259,0.593058705329895,0.35281848907470703,0.5873228907585144,0.21937374770641327
