class,class_name,centroid_x,centroid_y,box_width,box_height,confidence
2,indian,0.5045347809791565,0.3479716181755066,0.2369522750377655,0.14417028427124023,0.7630648612976074
2,indian,0.3469541370868683,0.39254409074783325,0.2219296097755432,0.14737653732299805,0.7479018568992615
2,indian,0.3435010313987732,0.5585821866989136,0.26626861095428467,0.12889881432056427,0.6704611778259277
2,indian,0.30444562435150146,0.716702938079834,0.2593907117843628,0.14554539322853088,0.6285262107849121
2,indian,0.34654560685157776,0.1782112866640091,0.16723275184631348,0.11948027461767197,0.6033485531806946
1,flower,0.8535965085029602,0.46634989976882935,0.29243749380111694,0.26514357328414917,0.4308704435825348
