class,class_name,centroid_x,centroid_y,box_width,box_height,confidence
2,indian,0.5702492594718933,0.27664321660995483,0.08727073669433594,0.0911855697631836,0.8047396540641785
0,carabao,0.16624672710895538,0.6402755975723267,0.07084636390209198,0.10385303199291229,0.7983943223953247
2,indian,0.5708870887756348,0.18842776119709015,0.0927501693367958,0.09324121475219727,0.7920135855674744
2,indian,0.6544970273971558,0.239122673869133,0.1211252212524414,0.0940292477607727,0.7716285586357117
2,indian,0.6846120357513428,0.1852302998304367,0.11716508865356445,0.07633380591869354,0.695253312587738
2,indian,0.6817619204521179,0.8274133801460266,0.0808401107788086,0.060788918286561966,0.6898647546768188
2,indian,0.6723904013633728,0.7591806650161743,0.09205331653356552,0.07166805118322372,0.641877293586731
2,indian,0.877853512763977,0.5396207571029663,0.04525108262896538,0.07620754092931747,0.5331310629844666
0,carabao,0.19717085361480713,0.6905791163444519,0.03924107551574707,0.07786121219396591,0.4425581395626068
