class,class_name,centroid_x,centroid_y,box_width,box_height,confidence
0,carabao,0.5837476849555969,0.5537542700767517,0.5806541442871094,0.412802129983902,0.8276614546775818
