class,class_name,centroid_x,centroid_y,box_width,box_height,confidence
0,carabao,0.5640281438827515,0.5079012513160706,0.5467262268066406,0.38337087631225586,0.8607536554336548
0,carabao,0.36041420698165894,0.25893595814704895,0.5195696353912354,0.3583509027957916,0.8501006364822388
