class,class_name,centroid_x,centroid_y,box_width,box_height,confidence
2,indian,0.4469126760959625,0.30860841274261475,0.3379989266395569,0.4134056568145752,0.6794356107711792
2,indian,0.2713329792022705,0.49741026759147644,0.35790786147117615,0.409572035074234,0.6281068325042725
2,indian,0.3187545835971832,0.6752763390541077,0.3701052665710449,0.35450953245162964,0.5641543865203857
0,carabao,0.315572589635849,0.6731826663017273,0.3719087541103363,0.3584190309047699,0.37228232622146606
