class,class_name,centroid_x,centroid_y,box_width,box_height,confidence
2,indian,0.34446829557418823,0.4202480912208557,0.12488417327404022,0.24197132885456085,0.7513175010681152
2,indian,0.6904553174972534,0.35786697268486023,0.14849567413330078,0.25897812843322754,0.7401087284088135
2,indian,0.13515205681324005,0.6434346437454224,0.09349245578050613,0.17376436293125153,0.6982579827308655
