class,class_name,centroid_x,centroid_y,box_width,box_height,confidence
0,carabao,0.7046363949775696,0.6327241659164429,0.4895518124103546,0.577710747718811,0.8433079123497009
0,carabao,0.47499099373817444,0.33122140169143677,0.5674962997436523,0.6057865023612976,0.8260018229484558
