class,class_name,centroid_x,centroid_y,box_width,box_height,confidence
1,flower,0.2341817021369934,0.33151787519454956,0.4683634042739868,0.4224205017089844,0.5990229249000549
1,flower,0.21431651711463928,0.3992646634578705,0.40450870990753174,0.25698480010032654,0.4648975729942322
1,flower,0.7703786492347717,0.6961550712585449,0.32305818796157837,0.23753909766674042,0.46245458722114563
1,flower,0.5938525199890137,0.3766004741191864,0.36880967020988464,0.2855328917503357,0.4186483919620514
1,flower,0.4277651607990265,0.6408704519271851,0.2665705382823944,0.18932075798511505,0.3994138538837433
1,flower,0.5185257196426392,0.7868069410324097,0.41965240240097046,0.26359978318214417,0.3527437150478363
