class,class_name,centroid_x,centroid_y,box_width,box_height,confidence
0,carabao,0.7487528324127197,0.48879939317703247,0.502494215965271,0.2540021538734436,0.8734537363052368
0,carabao,0.24597643315792084,0.7019100785255432,0.4919528663158417,0.2822810113430023,0.8712568283081055
0,carabao,0.25637000799179077,0.257129967212677,0.4913923144340515,0.23508429527282715,0.861002504825592
0,carabao,0.2702611982822418,0.4614601731300354,0.5133523344993591,0.24774102866649628,0.856752872467041
0,carabao,0.6442233324050903,0.5943343043327332,0.5050508975982666,0.3024044930934906,0.8378841876983643
0,carabao,0.7169941067695618,0.26571008563041687,0.5660117864608765,0.23928408324718475,0.8293327689170837
0,carabao,0.718704104423523,0.7651286125183105,0.5518895387649536,0.2342081069946289,0.7751725912094116
