class,class_name,centroid_x,centroid_y,box_width,box_height,confidence
2,indian,0.6368507146835327,0.6029801964759827,0.5528995394706726,0.5409443974494934,0.939736545085907
2,indian,0.7329171895980835,0.19835758209228516,0.5341655611991882,0.3886282444000244,0.9388334155082703
2,indian,0.18504157662391663,0.627460241317749,0.37008315324783325,0.4294055104255676,0.9205779433250427
2,indian,0.41242679953575134,0.8491629362106323,0.43638524413108826,0.30167412757873535,0.9118995666503906
2,indian,0.35804906487464905,0.27652063965797424,0.44868478178977966,0.44546738266944885,0.8668864369392395
2,indian,0.12980012595653534,0.21329204738140106,0.2596002519130707,0.36440572142601013,0.7144978642463684
2,indian,0.15021178126335144,0.8796958923339844,0.25151410698890686,0.2406081259250641,0.6072315573692322
2,indian,0.6687842607498169,0.9457141757011414,0.47169286012649536,0.10735321044921875,0.3736981749534607
