class,class_name,centroid_x,centroid_y,box_width,box_height,confidence
0,carabao,0.6486853361129761,0.5247989892959595,0.4308139681816101,0.5769838094711304,0.84285569190979
0,carabao,0.3306327760219574,0.3468364179134369,0.4544854462146759,0.6045916676521301,0.8307825922966003
0,carabao,0.9334067106246948,0.056198012083768845,0.13025513291358948,0.11057639122009277,0.6465052962303162
0,carabao,0.0693211629986763,0.6877279281616211,0.138384610414505,0.24159526824951172,0.256769597530365
