class,class_name,centroid_x,centroid_y,box_width,box_height,confidence
0,carabao,0.5791197419166565,0.2855103313922882,0.3871019780635834,0.39586004614830017,0.8440411686897278
0,carabao,0.39788585901260376,0.5136638879776001,0.29026034474372864,0.32096216082572937,0.820196807384491
2,indian,0.5883423686027527,0.9538543820381165,0.14037257432937622,0.09229135513305664,0.4236759841442108
2,indian,0.7367537021636963,0.9535248875617981,0.2243582308292389,0.0929502472281456,0.2721010446548462
