class,class_name,centroid_x,centroid_y,box_width,box_height,confidence
1,flower,0.24133582413196564,0.6825864911079407,0.10014544427394867,0.19048956036567688,0.4010603129863739
1,flower,0.12804046273231506,0.436604768037796,0.12858495116233826,0.09850512444972992,0.34367331862449646
1,flower,0.2948666512966156,0.5298811793327332,0.1826314926147461,0.1563621163368225,0.31056270003318787
1,flower,0.609616219997406,0.7109476923942566,0.07238702476024628,0.09405644983053207,0.2777334153652191
1,flower,0.45101362466812134,0.5650416612625122,0.1677694320678711,0.2092861533164978,0.2613201141357422
1,flower,0.30118536949157715,0.7322575449943542,0.12205257266759872,0.16507869958877563,0.24523714184761047
1,flower,0.8408576846122742,0.8516003489494324,0.039737701416015625,0.05123456194996834,0.23480774462223053
1,flower,0.7894381284713745,0.8474613428115845,0.4123868942260742,0.30085277557373047,0.22036772966384888
1,flower,0.0791379064321518,0.519688606262207,0.13768507540225983,0.09403249621391296,0.21138247847557068
