class,class_name,centroid_x,centroid_y,box_width,box_height,confidence
0,carabao,0.35835862159729004,0.34414687752723694,0.39415475726127625,0.14268264174461365,0.8185378909111023
0,carabao,0.5632622838020325,0.6083261966705322,0.38100194931030273,0.21319417655467987,0.8105835318565369
0,carabao,0.461041659116745,0.4691615104675293,0.3028377890586853,0.17446032166481018,0.8050732612609863
0,carabao,0.7090393900871277,0.4478796124458313,0.3343925178050995,0.16135351359844208,0.7978336215019226
0,carabao,0.2549452483654022,0.4382578730583191,0.3057461678981781,0.14087636768817902,0.7653224468231201
0,carabao,0.48022380471229553,0.5523568391799927,0.23996925354003906,0.10658550262451172,0.39637747406959534
