class,class_name,centroid_x,centroid_y,box_width,box_height,confidence
0,carabao,0.6536569595336914,0.6390648484230042,0.15262050926685333,0.3791486322879791,0.8453817963600159
0,carabao,0.38870805501937866,0.43448156118392944,0.21573810279369354,0.3663302958011627,0.836028516292572
0,carabao,0.5264573097229004,0.5422369241714478,0.16759280860424042,0.29151323437690735,0.8136417865753174
0,carabao,0.5639722943305969,0.7318118214607239,0.1464780867099762,0.32694026827812195,0.8111250996589661
0,carabao,0.5505145788192749,0.2913002073764801,0.16918984055519104,0.32378584146499634,0.8064633011817932
0,carabao,0.4384225010871887,0.5326082110404968,0.11289842426776886,0.22026388347148895,0.6278092265129089
