class,class_name,centroid_x,centroid_y,box_width,box_height,confidence
0,carabao,0.36145544052124023,0.5240305066108704,0.31575337052345276,0.32398778200149536,0.8681784868240356
0,carabao,0.6044222712516785,0.3395911753177643,0.26895052194595337,0.339456170797348,0.852474570274353
0,carabao,0.8091781735420227,0.6565585732460022,0.3504829406738281,0.37189188599586487,0.8477790951728821
0,carabao,0.49174967408180237,0.6598921418190002,0.2990140914916992,0.3804047703742981,0.8295013904571533
0,carabao,0.3902958929538727,0.8137878179550171,0.22259299457073212,0.34789830446243286,0.8188979625701904
0,carabao,0.8100407719612122,0.3463560938835144,0.2574424743652344,0.3011968731880188,0.8133503198623657
0,carabao,0.35784339904785156,0.3471069931983948,0.260984867811203,0.21591854095458984,0.7912986278533936
0,carabao,0.6228209137916565,0.804588794708252,0.23359094560146332,0.25093477964401245,0.7551162838935852
