class,class_name,centroid_x,centroid_y,box_width,box_height,confidence
0,carabao,0.39308011531829834,0.2914741635322571,0.5898752808570862,0.5829483270645142,0.8513386845588684
0,carabao,0.5666187405586243,0.5176821947097778,0.5276374220848083,0.48448342084884644,0.8444159030914307
0,carabao,0.6587581038475037,0.7573309540748596,0.5201597809791565,0.4750979542732239,0.8020234704017639
