class,class_name,centroid_x,centroid_y,box_width,box_height,confidence
0,carabao,0.10204526036977768,0.08155010640621185,0.16493599116802216,0.09975310415029526,0.841547966003418
0,carabao,0.26372113823890686,0.24011485278606415,0.21050366759300232,0.1298886239528656,0.8356117606163025
0,carabao,0.0969599261879921,0.21166177093982697,0.1939198523759842,0.11814336478710175,0.8279438614845276
0,carabao,0.30075761675834656,0.12959274649620056,0.17502188682556152,0.10510118305683136,0.8191120028495789
0,carabao,0.17039194703102112,0.13889403641223907,0.15865477919578552,0.10547776520252228,0.8169369101524353
0,carabao,0.7068963646888733,0.6661903262138367,0.29425325989723206,0.15993252396583557,0.7939179539680481
0,carabao,0.6511114835739136,0.13872572779655457,0.08061418682336807,0.12203695625066757,0.7904060482978821
1,flower,0.13501159846782684,0.5737408399581909,0.021924972534179688,0.022553633898496628,0.2329549789428711
1,flower,0.1571378856897354,0.5875603556632996,0.11699416488409042,0.09235382080078125,0.213682159781456
