class,class_name,centroid_x,centroid_y,box_width,box_height,confidence
0,carabao,0.43102020025253296,0.28587228059768677,0.38250359892845154,0.3946293890476227,0.8406416773796082
0,carabao,0.6006325483322144,0.5141817331314087,0.2900582253932953,0.3210052251815796,0.8348721265792847
