class,class_name,centroid_x,centroid_y,box_width,box_height,confidence
0,carabao,0.3704989552497864,0.4991937577724457,0.5004951357841492,0.6365281939506531,0.808957040309906
0,carabao,0.6752617955207825,0.6124846339225769,0.4482959806919098,0.38788431882858276,0.7712578177452087
