class,class_name,centroid_x,centroid_y,box_width,box_height,confidence
0,carabao,0.4286820888519287,0.7100244760513306,0.5630730390548706,0.35047250986099243,0.8527876734733582
0,carabao,0.32355475425720215,0.4543311595916748,0.5153378248214722,0.3025754690170288,0.8503179550170898
0,carabao,0.38715964555740356,0.23400363326072693,0.4206509590148926,0.2395910769701004,0.8240278959274292
0,carabao,0.6480851173400879,0.3157113790512085,0.311344712972641,0.21953947842121124,0.78509521484375
0,carabao,0.21070332825183868,0.34206706285476685,0.21030263602733612,0.13670757412910461,0.280345618724823
0,carabao,0.20226001739501953,0.33144763112068176,0.18526333570480347,0.10825702548027039,0.23756617307662964
