class,class_name,centroid_x,centroid_y,box_width,box_height,confidence
2,indian,0.5429443717002869,0.6524665951728821,0.3522997796535492,0.1462860107421875,0.764532744884491
2,indian,0.6498885750770569,0.3142825961112976,0.27297914028167725,0.15244035422801971,0.7521716356277466
2,indian,0.1881871521472931,0.599522590637207,0.3298642337322235,0.1571483612060547,0.6619254946708679
2,indian,0.3501054644584656,0.8649227023124695,0.21238364279270172,0.09965209662914276,0.6492146849632263
