class,class_name,centroid_x,centroid_y,box_width,box_height,confidence
0,carabao,0.26642951369285583,0.3642865717411041,0.3451763987541199,0.47810202836990356,0.8477765321731567
0,carabao,0.5166541934013367,0.5743549466133118,0.40545183420181274,0.5085914731025696,0.8426035642623901
