class,class_name,centroid_x,centroid_y,box_width,box_height,confidence
1,flower,0.31966233253479004,0.45953789353370667,0.09720876812934875,0.06139373779296875,0.2738110423088074
1,flower,0.45420292019844055,0.4927470088005066,0.1189463660120964,0.086931511759758,0.2719452381134033
1,flower,0.2268334925174713,0.5209237933158875,0.0699232965707779,0.04856739193201065,0.2592274844646454
1,flower,0.3644872307777405,0.5360957384109497,0.08455969393253326,0.0681053176522255,0.2449001520872116
1,flower,0.2808048129081726,0.48972052335739136,0.06813178956508636,0.05045490339398384,0.24246950447559357
1,flower,0.5692402124404907,0.4467902183532715,0.13652141392230988,0.09978082031011581,0.23578143119812012
1,flower,0.18975360691547394,0.545101523399353,0.05991264432668686,0.042688943445682526,0.2318844199180603
1,flower,0.5341141223907471,0.3002265989780426,0.18124553561210632,0.14205999672412872,0.2103484719991684
