class,class_name,centroid_x,centroid_y,box_width,box_height,confidence
0,carabao,0.428086519241333,0.7131291627883911,0.38335010409355164,0.3929482400417328,0.8416773080825806
0,carabao,0.6017394661903381,0.4823748469352722,0.2896139323711395,0.3086826205253601,0.8306889533996582
