class,class_name,centroid_x,centroid_y,box_width,box_height,confidence
1,flower,0.8784939050674438,0.7265676259994507,0.21022872626781464,0.33307862281799316,0.4747864007949829
1,flower,0.08239854127168655,0.3195631504058838,0.1647970825433731,0.36987945437431335,0.4742273688316345
1,flower,0.30288276076316833,0.2995336055755615,0.2858660817146301,0.347441703081131,0.40752243995666504
1,flower,0.6209494471549988,0.6218539476394653,0.1582861840724945,0.2712664306163788,0.37498414516448975
1,flower,0.7631937265396118,0.6343662142753601,0.4420238435268402,0.6322285532951355,0.31740352511405945
1,flower,0.34932786226272583,0.5238952040672302,0.6211755871772766,0.8364985585212708,0.2891281843185425
1,flower,0.6653376817703247,0.7269234657287598,0.22408294677734375,0.4413902163505554,0.26554930210113525
1,flower,0.2488124668598175,0.6265202164649963,0.37665867805480957,0.5905102491378784,0.20827791094779968
