class,class_name,centroid_x,centroid_y,box_width,box_height,confidence
2,indian,0.6242812871932983,0.18315330147743225,0.43278998136520386,0.3610159754753113,0.9181597828865051
2,indian,0.19051989912986755,0.7266210317611694,0.3810397982597351,0.540311336517334,0.9022293090820312
2,indian,0.6129761934280396,0.6244257688522339,0.5633562207221985,0.5392041206359863,0.9016262292861938
2,indian,0.2674853503704071,0.3674299120903015,0.4875258803367615,0.48313140869140625,0.8682547807693481
2,indian,0.21322736144065857,0.1301782876253128,0.37938976287841797,0.25828489661216736,0.7644105553627014
2,indian,0.8558120727539062,0.37293389439582825,0.28837576508522034,0.3928616940975189,0.7423168420791626
2,indian,0.8770526051521301,0.14357849955558777,0.24589486420154572,0.24367661774158478,0.592921793460846
2,indian,0.9443498849868774,0.6767339706420898,0.11130018532276154,0.43138885498046875,0.4989089369773865
2,indian,0.6459832787513733,0.8798061609268188,0.7080334424972534,0.24038782715797424,0.2313249260187149
