class,class_name,centroid_x,centroid_y,box_width,box_height,confidence
1,flower,0.11328095197677612,0.25648728013038635,0.0730772465467453,0.26818883419036865,0.368795245885849
1,flower,0.5346473455429077,0.228995680809021,0.40242376923561096,0.4574875831604004,0.3131472170352936
1,flower,0.6414098739624023,0.5133139491081238,0.1271994560956955,0.2835047245025635,0.29837295413017273
1,flower,0.2847244441509247,0.3414066731929779,0.10110101848840714,0.1218879222869873,0.28941482305526733
1,flower,0.6901886463165283,0.22212426364421844,0.16313667595386505,0.25151360034942627,0.2727506458759308
1,flower,0.15404260158538818,0.3035336136817932,0.06357665359973907,0.20471087098121643,0.22681009769439697
1,flower,0.3909194767475128,0.902090311050415,0.09042658656835556,0.1538664996623993,0.2203242927789688
1,flower,0.05828138440847397,0.34272998571395874,0.10407423973083496,0.13312287628650665,0.21661333739757538
