class,class_name,centroid_x,centroid_y,box_width,box_height,confidence
2,indian,0.34660956263542175,0.49619826674461365,0.14027342200279236,0.23758456110954285,0.761447548866272
2,indian,0.7226467132568359,0.6942865252494812,0.15570011734962463,0.24661318957805634,0.7356330752372742
2,indian,0.3953675329685211,0.6549847722053528,0.1569358855485916,0.21213099360466003,0.7178227305412292
2,indian,0.5580301284790039,0.6615966558456421,0.1402256041765213,0.21831907331943512,0.6882753968238831
2,indian,0.1835653930902481,0.6523448824882507,0.11872251331806183,0.15867628157138824,0.4882122874259949
2,indian,0.18114760518074036,0.6549336314201355,0.14929111301898956,0.1977100372314453,0.31516316533088684
1,flower,0.45893970131874084,0.16489829123020172,0.2854211926460266,0.32979658246040344,0.24736201763153076
