class,class_name,centroid_x,centroid_y,box_width,box_height,confidence
0,carabao,0.46027040481567383,0.7133681774139404,0.7747205495834351,0.5592586398124695,0.8924894332885742
0,carabao,0.6198310852050781,0.26553675532341003,0.6036167144775391,0.4949890375137329,0.8579520583152771
0,carabao,0.24024927616119385,0.45183685421943665,0.47902578115463257,0.40064749121665955,0.8008943200111389
0,carabao,0.04376831278204918,0.3842134475708008,0.08753662556409836,0.31971320509910583,0.209875226020813
