class,class_name,centroid_x,centroid_y,box_width,box_height,confidence
0,carabao,0.575686514377594,0.3371119201183319,0.49062737822532654,0.36403337121009827,0.6869726777076721
