class,class_name,centroid_x,centroid_y,box_width,box_height,confidence
0,carabao,0.5697594285011292,0.4801936745643616,0.5323115587234497,0.3948882520198822,0.855728030204773
0,carabao,0.36365237832069397,0.7304894328117371,0.4824168086051941,0.35452017188072205,0.8353404998779297
