class,class_name,centroid_x,centroid_y,box_width,box_height,confidence
2,indian,0.44594115018844604,0.7028177976608276,0.3485645651817322,0.4228377938270569,0.738728404045105
2,indian,0.3211158812046051,0.34248214960098267,0.36650267243385315,0.3744142949581146,0.7258422374725342
2,indian,0.2741467356681824,0.5018082857131958,0.3660762906074524,0.44322097301483154,0.7076051235198975
