class,class_name,centroid_x,centroid_y,box_width,box_height,confidence
1,flower,0.18032236397266388,0.2764527201652527,0.16129036247730255,0.16556614637374878,0.46847400069236755
1,flower,0.4124259054660797,0.6065571308135986,0.3586602210998535,0.5332357883453369,0.3971688151359558
1,flower,0.5735169649124146,0.3881397247314453,0.5392717123031616,0.3762199282646179,0.34108349680900574
1,flower,0.645855724811554,0.2812240719795227,0.06923284381628036,0.08705203980207443,0.27189546823501587
1,flower,0.4625864028930664,0.24563749134540558,0.0627557784318924,0.09965099394321442,0.2710913121700287
1,flower,0.0951608344912529,0.46928101778030396,0.1903216689825058,0.3397853672504425,0.26418882608413696
