class,class_name,centroid_x,centroid_y,box_width,box_height,confidence
0,carabao,0.24338479340076447,0.7817672491073608,0.368802547454834,0.35770291090011597,0.8573377132415771
0,carabao,0.7862019538879395,0.44808244705200195,0.349443256855011,0.31246843934059143,0.8530808687210083
0,carabao,0.6860401034355164,0.15007328987121582,0.2980174422264099,0.25446823239326477,0.8471536040306091
0,carabao,0.5326409339904785,0.6295719742774963,0.3678838908672333,0.30859342217445374,0.8416163325309753
0,carabao,0.3868694305419922,0.32032814621925354,0.3226388692855835,0.36358535289764404,0.8338173031806946
0,carabao,0.18677833676338196,0.5074220895767212,0.33862990140914917,0.2748437523841858,0.8098441362380981
0,carabao,0.7720476388931274,0.6734894514083862,0.31084591150283813,0.24611589312553406,0.7683092355728149
