class,class_name,centroid_x,centroid_y,box_width,box_height,confidence
0,carabao,0.6211625933647156,0.4825664758682251,0.6562169790267944,0.512223482131958,0.8364683985710144
0,carabao,0.12117151916027069,0.6209631562232971,0.24234303832054138,0.3160906732082367,0.7815558910369873
0,carabao,0.21593694388866425,0.22009141743183136,0.4318738877773285,0.4383772313594818,0.7382729053497314
0,carabao,0.21232977509498596,0.1359845995903015,0.42463749647140503,0.271969199180603,0.3310037851333618
