class,class_name,centroid_x,centroid_y,box_width,box_height,confidence
0,carabao,0.4447064697742462,0.5697576403617859,0.5626266002655029,0.8133983612060547,0.9098910689353943
