class,class_name,centroid_x,centroid_y,box_width,box_height,confidence
0,carabao,0.4634566903114319,0.23819373548030853,0.2764139175415039,0.24825076758861542,0.8543151617050171
0,carabao,0.6651335954666138,0.42702439427375793,0.36479663848876953,0.3203214108943939,0.8505204319953918
0,carabao,0.7847461104393005,0.3228864371776581,0.3083418905735016,0.23310542106628418,0.8317726254463196
0,carabao,0.4399441182613373,0.5357682704925537,0.27427804470062256,0.21439561247825623,0.8188679814338684
0,carabao,0.5510892868041992,0.6880900263786316,0.23453493416309357,0.1873280256986618,0.8022631406784058
0,carabao,0.6962811946868896,0.5832116603851318,0.2758229374885559,0.18559150397777557,0.7596568465232849
0,carabao,0.8743899464607239,0.48478540778160095,0.21546611189842224,0.19482450187206268,0.5451255440711975
