class,class_name,centroid_x,centroid_y,box_width,box_height,confidence
0,carabao,0.6292591094970703,0.6175976991653442,0.5624252557754517,0.6234520077705383,0.8616784811019897
0,carabao,0.37068480253219604,0.3474632203578949,0.6053661108016968,0.6058683395385742,0.8575724363327026
