class,class_name,centroid_x,centroid_y,box_width,box_height,confidence
0,carabao,0.5671693682670593,0.3629315495491028,0.3006097972393036,0.29738080501556396,0.8494725823402405
0,carabao,0.7921326756477356,0.4163803160190582,0.27773338556289673,0.28974050283432007,0.8081390857696533
0,carabao,0.20999200642108917,0.47424978017807007,0.21010653674602509,0.1669723242521286,0.7978072166442871
0,carabao,0.3580430746078491,0.6754692196846008,0.2731355130672455,0.26127418875694275,0.7911518812179565
0,carabao,0.6727621555328369,0.17239296436309814,0.26583269238471985,0.17709144949913025,0.7693549394607544
0,carabao,0.8124086260795593,0.21542520821094513,0.1832585632801056,0.15545380115509033,0.6761676073074341
0,carabao,0.2662382423877716,0.6314922571182251,0.1387016773223877,0.15057921409606934,0.643043577671051
0,carabao,0.5851857662200928,0.20758967101573944,0.15189561247825623,0.1119183897972107,0.6281979084014893
0,carabao,0.31102654337882996,0.5132761001586914,0.11059864610433578,0.10044946521520615,0.6231734156608582
