class,class_name,centroid_x,centroid_y,box_width,box_height,confidence
0,carabao,0.3304787874221802,0.580781102180481,0.40476733446121216,0.4742240905761719,0.7170097827911377
