class,class_name,centroid_x,centroid_y,box_width,box_height,confidence
0,carabao,0.4580865502357483,0.6530265808105469,0.35832449793815613,0.3160545229911804,0.8420886993408203
0,carabao,0.6473367214202881,0.22856029868125916,0.43603360652923584,0.2117960900068283,0.8301112651824951
0,carabao,0.4802711308002472,0.3872092366218567,0.41942092776298523,0.31155261397361755,0.8224892616271973
0,carabao,0.755850076675415,0.4215436577796936,0.3523966372013092,0.21444299817085266,0.8078466653823853
0,carabao,0.24596582353115082,0.3681468069553375,0.30736464262008667,0.27269381284713745,0.8014885187149048
0,carabao,0.5981559157371521,0.8120959401130676,0.3642357289791107,0.2621612548828125,0.7965611219406128
