class,class_name,centroid_x,centroid_y,box_width,box_height,confidence
1,flower,0.37239986658096313,0.5965183973312378,0.2785515785217285,0.3651367127895355,0.6085914373397827
1,flower,0.6971529722213745,0.7969045042991638,0.23402070999145508,0.30141961574554443,0.5534794926643372
1,flower,0.3940940499305725,0.25404325127601624,0.2717759907245636,0.3483441472053528,0.526146411895752
1,flower,0.7734687328338623,0.5831385850906372,0.24050569534301758,0.32205289602279663,0.428265780210495
1,flower,0.6345186829566956,0.43541446328163147,0.18738603591918945,0.25892552733421326,0.4007250666618347
1,flower,0.23681728541851044,0.33088669180870056,0.22267556190490723,0.3357076644897461,0.3737844228744507
