class,class_name,centroid_x,centroid_y,box_width,box_height,confidence
0,carabao,0.3020623028278351,0.3104036748409271,0.5388319492340088,0.2587934136390686,0.8628363609313965
0,carabao,0.6563517451286316,0.19488835334777832,0.4874454140663147,0.2412799447774887,0.8606938719749451
0,carabao,0.430228590965271,0.614059567451477,0.40024688839912415,0.3608018159866333,0.8597829937934875
0,carabao,0.717568039894104,0.43781304359436035,0.4860820174217224,0.27640604972839355,0.8543087244033813
0,carabao,0.7596316337585449,0.7382898330688477,0.36803725361824036,0.33456873893737793,0.8385632634162903
0,carabao,0.8954004049301147,0.31001096963882446,0.20091798901557922,0.3189317584037781,0.5552521347999573
0,carabao,0.9463498592376709,0.6068822741508484,0.10333051532506943,0.28049373626708984,0.547726035118103
0,carabao,0.9281489253044128,0.6028017997741699,0.13098014891147614,0.26381683349609375,0.19956251978874207
