class,class_name,centroid_x,centroid_y,box_width,box_height,confidence
0,carabao,0.433553546667099,0.3915035128593445,0.3619658946990967,0.19839918613433838,0.832238495349884
0,carabao,0.2930162847042084,0.5477230548858643,0.3387812674045563,0.16212549805641174,0.8266719579696655
0,carabao,0.5363904237747192,0.5294435620307922,0.2897365987300873,0.17096567153930664,0.8070369958877563
0,carabao,0.6463803052902222,0.6497636437416077,0.38249292969703674,0.14380177855491638,0.8017690181732178
0,carabao,0.7410158514976501,0.5634528398513794,0.31805679202079773,0.13537630438804626,0.7837691903114319
0,carabao,0.5203771591186523,0.4350135326385498,0.2282605916261673,0.10607397556304932,0.5478630065917969
