class,class_name,centroid_x,centroid_y,box_width,box_height,confidence
0,carabao,0.7205125689506531,0.5594840049743652,0.49543246626853943,0.27746084332466125,0.8741618990898132
0,carabao,0.6593678593635559,0.8044394254684448,0.488324373960495,0.23972035944461823,0.8609850406646729
0,carabao,0.3038615882396698,0.6893872022628784,0.5401241183280945,0.2643914520740509,0.8597787022590637
0,carabao,0.4322516918182373,0.38282060623168945,0.3960132598876953,0.37848952412605286,0.8465448617935181
0,carabao,0.7602691650390625,0.2554227113723755,0.3706737756729126,0.34802427887916565,0.8171074390411377
0,carabao,0.8883727192878723,0.6952232122421265,0.20892241597175598,0.31295061111450195,0.4189528226852417
0,carabao,0.9399867057800293,0.3896646797657013,0.114825040102005,0.2792009711265564,0.3430396616458893
