class,class_name,centroid_x,centroid_y,box_width,box_height,confidence
0,carabao,0.5737397074699402,0.4570314288139343,0.8525205850601196,0.6905379295349121,0.8484691977500916
