class,class_name,centroid_x,centroid_y,box_width,box_height,confidence
0,carabao,0.5454955101013184,0.2421903908252716,0.2959713935852051,0.274313360452652,0.8590616583824158
0,carabao,0.6906095743179321,0.4349094331264496,0.37117689847946167,0.2691408693790436,0.8523954153060913
0,carabao,0.3933411240577698,0.4648776948451996,0.3248158395290375,0.2651243805885315,0.8471279144287109
0,carabao,0.6587071418762207,0.7064409255981445,0.4171627163887024,0.4376862645149231,0.8462865352630615
0,carabao,0.4200005531311035,0.7871378064155579,0.28873416781425476,0.25991693139076233,0.8075246214866638
0,carabao,0.888276219367981,0.4635007083415985,0.21595244109630585,0.22527538239955902,0.7561830878257751
0,carabao,0.8206674456596375,0.6498094201087952,0.18918828666210175,0.21879927814006805,0.7044972777366638
