class,class_name,centroid_x,centroid_y,box_width,box_height,confidence
0,carabao,0.7643836736679077,0.4646734595298767,0.2660938799381256,0.27375805377960205,0.836643636226654
0,carabao,0.5760125517845154,0.663712203502655,0.3317400813102722,0.36701297760009766,0.8359441161155701
0,carabao,0.4619283676147461,0.43758702278137207,0.22350870072841644,0.2572733759880066,0.7897300124168396
0,carabao,0.6752525568008423,0.7824534177780151,0.2389712631702423,0.29655522108078003,0.7888075709342957
0,carabao,0.411354124546051,0.6938652992248535,0.19528739154338837,0.2693886160850525,0.7773495316505432
0,carabao,0.3079690635204315,0.5497390627861023,0.2038223296403885,0.2095654010772705,0.7515539526939392
0,carabao,0.5072169899940491,0.8742364645004272,0.18544362485408783,0.19927644729614258,0.704464852809906
0,carabao,0.1906495988368988,0.6610720157623291,0.3812991976737976,0.6746165156364441,0.1970188319683075
