class,class_name,centroid_x,centroid_y,box_width,box_height,confidence
2,indian,0.5480687022209167,0.5429904460906982,0.1914338320493698,0.09704532474279404,0.752260148525238
2,indian,0.5640085935592651,0.43191394209861755,0.21527913212776184,0.12180230766534805,0.7168974876403809
2,indian,0.05435628443956375,0.06319497525691986,0.10754301398992538,0.12268181890249252,0.5605589747428894
