class,class_name,centroid_x,centroid_y,box_width,box_height,confidence
0,carabao,0.6106188893318176,0.5234883427619934,0.6941443681716919,0.5087816119194031,0.8415401577949524
0,carabao,0.11656533181667328,0.3811233639717102,0.2329714596271515,0.30678224563598633,0.7924507856369019
0,carabao,0.2016201913356781,0.7753318548202515,0.4026549458503723,0.4493362307548523,0.6992189288139343
