class,class_name,centroid_x,centroid_y,box_width,box_height,confidence
0,carabao,0.5687156319618225,0.29428401589393616,0.7759016752243042,0.5303304195404053,0.9075795412063599
0,carabao,0.3786356449127197,0.7416810989379883,0.6064596176147461,0.4771322011947632,0.875508189201355
0,carabao,0.7546114921569824,0.5335047245025635,0.49077701568603516,0.40499407052993774,0.8312553763389587
