class,class_name,centroid_x,centroid_y,box_width,box_height,confidence
2,indian,0.36124515533447266,0.6867372989654541,0.28591054677963257,0.14394226670265198,0.7947481274604797
2,indian,0.42749452590942383,0.34294360876083374,0.29952332377433777,0.14350295066833496,0.7468677163124084
2,indian,0.6510512232780457,0.1407649666070938,0.2367251068353653,0.11076249927282333,0.6725567579269409
2,indian,0.8096828460693359,0.4050004482269287,0.2835923731327057,0.12318108230829239,0.5202503204345703
