class,class_name,centroid_x,centroid_y,box_width,box_height,confidence
0,carabao,0.5836223363876343,0.43869587779045105,0.29311561584472656,0.24689514935016632,0.8111913800239563
0,carabao,0.7734476327896118,0.5954378247261047,0.19530539214611053,0.18049994111061096,0.7514538168907166
0,carabao,0.36098581552505493,0.3970838487148285,0.1373487412929535,0.11362536996603012,0.6260462999343872
0,carabao,0.48589858412742615,0.48817819356918335,0.19889359176158905,0.1834411919116974,0.5845314860343933
