class,class_name,centroid_x,centroid_y,box_width,box_height,confidence
0,carabao,0.4412420392036438,0.49265772104263306,0.47227296233177185,0.24121522903442383,0.8598774075508118
