class,class_name,centroid_x,centroid_y,box_width,box_height,confidence
0,carabao,0.5534846782684326,0.32021674513816833,0.4408642649650574,0.35934844613075256,0.8615187406539917
0,carabao,0.19473481178283691,0.40518710017204285,0.38946962356567383,0.31542226672172546,0.8544151782989502
0,carabao,0.35403409600257874,0.6124183535575867,0.3440619707107544,0.30337366461753845,0.8485729694366455
0,carabao,0.21591846644878387,0.7743548154830933,0.34288838505744934,0.27451419830322266,0.8403763175010681
0,carabao,0.6275011897087097,0.6348884701728821,0.375012069940567,0.28764501214027405,0.8391983509063721
0,carabao,0.9330054521560669,0.11783932894468307,0.1339891403913498,0.1676260530948639,0.7708273530006409
