class,class_name,centroid_x,centroid_y,box_width,box_height,confidence
2,indian,0.5709075927734375,0.5744744539260864,0.15139198303222656,0.25262340903282166,0.7042734026908875
2,indian,0.44828957319259644,0.5573406219482422,0.11662919819355011,0.21924708783626556,0.6484220623970032
2,indian,0.9342094659805298,0.05230721831321716,0.1251588761806488,0.10461443662643433,0.4240841269493103
2,indian,0.9170628786087036,0.052619341760873795,0.08761806786060333,0.10274840891361237,0.3362678289413452
