class,class_name,centroid_x,centroid_y,box_width,box_height,confidence
0,carabao,0.516104519367218,0.3990928828716278,0.31765687465667725,0.2763528525829315,0.8770186305046082
0,carabao,0.28320467472076416,0.5695005059242249,0.4010900855064392,0.3639749586582184,0.854780912399292
