class,class_name,centroid_x,centroid_y,box_width,box_height,confidence
0,carabao,0.5339581370353699,0.5712107419967651,0.8341559767723083,0.8500054478645325,0.8844825625419617
0,carabao,0.5370324850082397,0.4661286473274231,0.7345867156982422,0.8199285268783569,0.43913495540618896
