class,class_name,centroid_x,centroid_y,box_width,box_height,confidence
1,flower,0.4718240797519684,0.35471010208129883,0.11243956536054611,0.07732522487640381,0.25628188252449036
1,flower,0.26271873712539673,0.4257906377315521,0.09260831773281097,0.0624837651848793,0.254658967256546
1,flower,0.4927455484867096,0.5242938995361328,0.8661147356033325,0.8184770345687866,0.23152130842208862
0,carabao,0.3300113379955292,0.4563424587249756,0.04940550774335861,0.039345644414424896,0.22079505026340485
1,flower,0.6386853456497192,0.2338458001613617,0.10719837248325348,0.07352544367313385,0.2182977944612503
0,carabao,0.3522423207759857,0.5269354581832886,0.038962192833423615,0.029475688934326172,0.21119700372219086
1,flower,0.5477296710014343,0.8010276556015015,0.12074385583400726,0.07218513637781143,0.21028022468090057
1,flower,0.6228340864181519,0.23107807338237762,0.132583349943161,0.08460396528244019,0.20015393197536469
2,indian,0.4221286177635193,0.550214946269989,0.06616047769784927,0.045191049575805664,0.19532819092273712
