class,class_name,centroid_x,centroid_y,box_width,box_height,confidence
0,carabao,0.1643388867378235,0.8095777034759521,0.3281483054161072,0.3808445930480957,0.8897120356559753
0,carabao,0.6723747253417969,0.3176101744174957,0.503059983253479,0.4156147837638855,0.8560343980789185
0,carabao,0.3732818365097046,0.5483818650245667,0.48716989159584045,0.4795897901058197,0.8414317965507507
0,carabao,0.6653033494949341,0.6383329033851624,0.274666965007782,0.28765153884887695,0.22201085090637207
