class,class_name,centroid_x,centroid_y,box_width,box_height,confidence
0,carabao,0.5540370345115662,0.49200138449668884,0.46917951107025146,0.2471531182527542,0.8484553694725037
