class,class_name,centroid_x,centroid_y,box_width,box_height,confidence
0,carabao,0.7148827314376831,0.42552289366722107,0.3989730775356293,0.36715880036354065,0.8676797151565552
0,carabao,0.4856809675693512,0.5949161052703857,0.3117711544036865,0.2766426205635071,0.8520245552062988
