class,class_name,centroid_x,centroid_y,box_width,box_height,confidence
0,carabao,0.639980673789978,0.2643941640853882,0.49685412645339966,0.3499354124069214,0.8598451614379883
0,carabao,0.42760711908340454,0.5126177668571472,0.5357053875923157,0.38664254546165466,0.8524526357650757
