class,class_name,centroid_x,centroid_y,box_width,box_height,confidence
0,carabao,0.2898615896701813,0.3400413393974304,0.43746307492256165,0.4225325584411621,0.8373377919197083
0,carabao,0.5321579575538635,0.6030839681625366,0.272319495677948,0.32355833053588867,0.8260709643363953
0,carabao,0.759976327419281,0.4508568346500397,0.2835639417171478,0.2894013524055481,0.8162665963172913
0,carabao,0.5696499347686768,0.3013186454772949,0.29612988233566284,0.36037930846214294,0.8100645542144775
0,carabao,0.21861667931079865,0.5823345184326172,0.2985496520996094,0.2963731288909912,0.7409789562225342
0,carabao,0.5377243161201477,0.10410773754119873,0.2337581366300583,0.20821547508239746,0.6966628432273865
0,carabao,0.3510705530643463,0.17836196720600128,0.21866939961910248,0.1840033084154129,0.6178573966026306
