class,class_name,centroid_x,centroid_y,box_width,box_height,confidence
0,carabao,0.5802270770072937,0.6553386449813843,0.48834872245788574,0.38646697998046875,0.7713522911071777
0,carabao,0.7084396481513977,0.02772018313407898,0.11873197555541992,0.05544036626815796,0.229098841547966
