class,class_name,centroid_x,centroid_y,box_width,box_height,confidence
2,indian,0.6802915334701538,0.6403622031211853,0.21229004859924316,0.3224549889564514,0.8477943539619446
2,indian,0.4932359755039215,0.8052085041999817,0.17007508873939514,0.35042598843574524,0.8194090127944946
2,indian,0.49652737379074097,0.5096495747566223,0.19515404105186462,0.30815356969833374,0.7738944292068481
2,indian,0.6688021421432495,0.45680469274520874,0.19139456748962402,0.24711237847805023,0.7049464583396912
