class,class_name,centroid_x,centroid_y,box_width,box_height,confidence
0,carabao,0.6542078852653503,0.7663095593452454,0.4454008638858795,0.21337389945983887,0.8668270707130432
0,carabao,0.46235546469688416,0.3390201926231384,0.34831321239471436,0.30690479278564453,0.8353927731513977
0,carabao,0.4814271926879883,0.6044140458106995,0.4264427423477173,0.317145437002182,0.8351073861122131
0,carabao,0.5973533391952515,0.18052202463150024,0.359707236289978,0.24429285526275635,0.8209472298622131
0,carabao,0.24495060741901398,0.6184372901916504,0.31853458285331726,0.28897005319595337,0.7919207811355591
0,carabao,0.7408883571624756,0.5740879774093628,0.3681597411632538,0.21273207664489746,0.7913016676902771
