class,class_name,centroid_x,centroid_y,box_width,box_height,confidence
2,indian,0.23279929161071777,0.6455830931663513,0.3026134967803955,0.29364219307899475,0.840772271156311
2,indian,0.755445122718811,0.4916074872016907,0.33221983909606934,0.3247019052505493,0.8268955945968628
2,indian,0.2000284641981125,0.3813666105270386,0.3276503086090088,0.3415077328681946,0.8043810129165649
