class,class_name,centroid_x,centroid_y,box_width,box_height,confidence
0,carabao,0.7028681635856628,0.5996415615081787,0.3472833037376404,0.3380829691886902,0.8586253523826599
0,carabao,0.43576979637145996,0.4547175168991089,0.5995801687240601,0.47293925285339355,0.851023256778717
0,carabao,0.513227105140686,0.8486630320549011,0.20533022284507751,0.17024022340774536,0.6564278602600098
2,indian,0.9606418609619141,0.22251959145069122,0.07863922417163849,0.2727217376232147,0.202001690864563
