class,class_name,centroid_x,centroid_y,box_width,box_height,confidence
0,carabao,0.36570996046066284,0.4427703022956848,0.49018535017967224,0.45310690999031067,0.880264401435852
0,carabao,0.6790803670883179,0.6761678457260132,0.49787449836730957,0.4025972783565521,0.8444957137107849
0,carabao,0.16840466856956482,0.18717849254608154,0.33647364377975464,0.3672017753124237,0.822379469871521
0,carabao,0.5886571407318115,0.3666077256202698,0.1970951110124588,0.2884278893470764,0.6064431667327881
