class,class_name,centroid_x,centroid_y,box_width,box_height,confidence
2,indian,0.7936137318611145,0.811279296875,0.4113095700740814,0.37744140625,0.8839307427406311
2,indian,0.4746083617210388,0.4811902642250061,0.8179483413696289,0.5897914171218872,0.8705253005027771
2,indian,0.7399049997329712,0.17920167744159698,0.5144430994987488,0.3570602834224701,0.7798017263412476
2,indian,0.14979156851768494,0.12977208197116852,0.2953089475631714,0.258367121219635,0.7744690179824829
2,indian,0.12512975931167603,0.7555397748947144,0.24936823546886444,0.4393015503883362,0.6917638182640076
2,indian,0.6174629330635071,0.1765199601650238,0.7623552680015564,0.3530399203300476,0.6247934699058533
2,indian,0.19946302473545074,0.37042707204818726,0.38610923290252686,0.3437471389770508,0.4489465653896332
2,indian,0.38198134303092957,0.1121399775147438,0.2657356262207031,0.22365133464336395,0.27307721972465515
2,indian,0.46158522367477417,0.11650115251541138,0.43138939142227173,0.23300230503082275,0.2248958945274353
