class,class_name,centroid_x,centroid_y,box_width,box_height,confidence
2,indian,0.4843021035194397,0.5167006254196167,0.19824150204658508,0.28953850269317627,0.8640708327293396
2,indian,0.38216638565063477,0.3611231744289398,0.20534753799438477,0.23945477604866028,0.8431144952774048
2,indian,0.6381443738937378,0.6342358589172363,0.2061619758605957,0.23146390914916992,0.8276728987693787
2,indian,0.3602749705314636,0.6534909605979919,0.20840132236480713,0.2541840672492981,0.8151465654373169
2,indian,0.5563189387321472,0.38727185130119324,0.17685985565185547,0.2543496787548065,0.8150723576545715
2,indian,0.25370484590530396,0.5190574526786804,0.1653927117586136,0.22777210175991058,0.8111869692802429
2,indian,0.5015588998794556,0.6588514447212219,0.12792706489562988,0.14078940451145172,0.4713100492954254
