class,class_name,centroid_x,centroid_y,box_width,box_height,confidence
2,indian,0.6465398073196411,0.38256603479385376,0.24535509943962097,0.2019449919462204,0.8585516810417175
2,indian,0.48444798588752747,0.4852994382381439,0.304027259349823,0.19401776790618896,0.8399247527122498
2,indian,0.3515177369117737,0.3592384457588196,0.2742003798484802,0.1942150890827179,0.8255024552345276
2,indian,0.37378114461898804,0.6325170993804932,0.25405755639076233,0.1872505247592926,0.8171499371528625
2,indian,0.4825276732444763,0.2617683410644531,0.23986443877220154,0.17437992990016937,0.8147015571594238
2,indian,0.6149760484695435,0.5562323331832886,0.27414610981941223,0.17933955788612366,0.7707590460777283
2,indian,0.34913337230682373,0.5007573366165161,0.16263949871063232,0.12064361572265625,0.2689445912837982
