class,class_name,centroid_x,centroid_y,box_width,box_height,confidence
1,flower,0.2943972647190094,0.41329240798950195,0.16065287590026855,0.37542298436164856,0.3893253803253174
1,flower,0.21486413478851318,0.4830786883831024,0.14591240882873535,0.2982076108455658,0.37122395634651184
1,flower,0.33556413650512695,0.5318223834037781,0.5540432929992676,0.6644818186759949,0.35096636414527893
1,flower,0.10121700912714005,0.1311306208372116,0.19992969930171967,0.2622612416744232,0.34103313088417053
1,flower,0.6252082586288452,0.6312029361724854,0.4542708396911621,0.4634416699409485,0.29274633526802063
1,flower,0.32966259121894836,0.12253939360380173,0.11817026138305664,0.24094629287719727,0.2134520411491394
1,flower,0.5625728368759155,0.3525402843952179,0.07279491424560547,0.1995326727628708,0.20179741084575653
1,flower,0.2037157267332077,0.13039271533489227,0.3969447612762451,0.26078543066978455,0.19817699491977692
