class,class_name,centroid_x,centroid_y,box_width,box_height,confidence
0,carabao,0.21676884591579437,0.7800683975219727,0.42775970697402954,0.4377201199531555,0.869546115398407
0,carabao,0.48493754863739014,0.4019094407558441,0.5297383666038513,0.6372067928314209,0.8056842684745789
0,carabao,0.6232540011405945,0.8848129510879517,0.3171822130680084,0.23037424683570862,0.751045823097229
