class,class_name,centroid_x,centroid_y,box_width,box_height,confidence
0,carabao,0.725058913230896,0.33515334129333496,0.3064310550689697,0.432140052318573,0.8605954051017761
0,carabao,0.46312379837036133,0.4221500754356384,0.3231911063194275,0.445565402507782,0.8483977913856506
0,carabao,0.3509674370288849,0.7291355133056641,0.32301753759384155,0.45209622383117676,0.8404452800750732
0,carabao,0.7252405285835266,0.7125214338302612,0.4943885803222656,0.34981828927993774,0.8359714150428772
0,carabao,0.1714371144771576,0.37998154759407043,0.31166142225265503,0.4696120619773865,0.8350215554237366
