class,class_name,centroid_x,centroid_y,box_width,box_height,confidence
1,flower,0.5062089562416077,0.4176480770111084,0.9272103309631348,0.740670382976532,0.9141277074813843
2,indian,0.4834473133087158,0.42030876874923706,0.21783357858657837,0.1536918580532074,0.291564017534256
