class,class_name,centroid_x,centroid_y,box_width,box_height,confidence
2,indian,0.5529156923294067,0.5843690633773804,0.26616936922073364,0.3286426067352295,0.8006355166435242
2,indian,0.3849988877773285,0.6218360662460327,0.2376825362443924,0.34333205223083496,0.7950539588928223
