class,class_name,centroid_x,centroid_y,box_width,box_height,confidence
0,carabao,0.41826409101486206,0.46228092908859253,0.7768487930297852,0.5923020243644714,0.852328360080719
