class,class_name,centroid_x,centroid_y,box_width,box_height,confidence
2,indian,0.6456975936889648,0.3311428129673004,0.43831199407577515,0.46614712476730347,0.7332854270935059
2,indian,0.4160522520542145,0.5779144167900085,0.4322172999382019,0.5042149424552917,0.506603479385376
0,carabao,0.4254004955291748,0.5658639669418335,0.44674500823020935,0.5258803367614746,0.42625221610069275
