class,class_name,centroid_x,centroid_y,box_width,box_height,confidence
0,carabao,0.2302078753709793,0.6483149528503418,0.2984258234500885,0.3528907895088196,0.8228972554206848
0,carabao,0.4962180554866791,0.6812731027603149,0.28013065457344055,0.33237797021865845,0.8206040263175964
0,carabao,0.7343929409980774,0.6871458888053894,0.33056166768074036,0.30986303091049194,0.8057774901390076
0,carabao,0.38101139664649963,0.10611115396022797,0.1913520097732544,0.14943410456180573,0.22633226215839386
