class,class_name,centroid_x,centroid_y,box_width,box_height,confidence
2,indian,0.5166321992874146,0.5196115374565125,0.3048657476902008,0.19255509972572327,0.8798230886459351
2,indian,0.3519243896007538,0.6213253736495972,0.25367507338523865,0.19328293204307556,0.8440681099891663
2,indian,0.517352819442749,0.7437354326248169,0.24873903393745422,0.1557776927947998,0.8281315565109253
2,indian,0.6511632204055786,0.6410548090934753,0.27281421422958374,0.1916182041168213,0.8255593776702881
2,indian,0.6261448860168457,0.3704187273979187,0.23610414564609528,0.19067983329296112,0.8131625056266785
2,indian,0.372597873210907,0.44135960936546326,0.24503052234649658,0.17168700695037842,0.7922446727752686
2,indian,0.6453954577445984,0.504776120185852,0.17044676840305328,0.12831005454063416,0.38742896914482117
2,indian,0.9362303614616394,0.48701828718185425,0.1266142725944519,0.16583743691444397,0.21073473989963531
