class,class_name,centroid_x,centroid_y,box_width,box_height,confidence
0,carabao,0.5252920985221863,0.35433149337768555,0.3288134038448334,0.32363858819007874,0.8637307286262512
0,carabao,0.3449595868587494,0.6088300347328186,0.35558825731277466,0.2609257400035858,0.860339879989624
0,carabao,0.6591446995735168,0.4959171712398529,0.3851355016231537,0.2857319414615631,0.838143527507782
0,carabao,0.35513556003570557,0.8192643523216248,0.304860919713974,0.22648029029369354,0.8353743553161621
0,carabao,0.6589597463607788,0.8084593415260315,0.3754674792289734,0.3369864225387573,0.8335490822792053
0,carabao,0.8255655169487,0.3950450122356415,0.3353493809700012,0.2261347770690918,0.8276757001876831
0,carabao,0.35793769359588623,0.35391438007354736,0.23703570663928986,0.24680566787719727,0.7627749443054199
0,carabao,0.8186016082763672,0.6170847415924072,0.24871087074279785,0.23029498755931854,0.665174126625061
