class,class_name,centroid_x,centroid_y,box_width,box_height,confidence
2,indian,0.8074933290481567,0.5031607747077942,0.3646180331707001,0.1681441366672516,0.8012800216674805
2,indian,0.6385095715522766,0.3198130130767822,0.3591175675392151,0.21343469619750977,0.7828361392021179
2,indian,0.5022937059402466,0.49150124192237854,0.3221191167831421,0.17531785368919373,0.7558944821357727
2,indian,0.45371413230895996,0.32972976565361023,0.26353561878204346,0.2006824016571045,0.5669378042221069
