class,class_name,centroid_x,centroid_y,box_width,box_height,confidence
2,indian,0.2644686698913574,0.22717642784118652,0.32091885805130005,0.26166462898254395,0.7059800028800964
0,carabao,0.6893302798271179,0.48498696088790894,0.40420588850975037,0.22297489643096924,0.6405447125434875
2,indian,0.2659827172756195,0.4735191762447357,0.34385406970977783,0.2627605199813843,0.6145519018173218
0,carabao,0.26713067293167114,0.47538161277770996,0.34415438771247864,0.25896453857421875,0.537481427192688
0,carabao,0.5780318975448608,0.3396025002002716,0.45942172408103943,0.26771122217178345,0.5312312245368958
2,indian,0.5771111249923706,0.34065762162208557,0.4653310179710388,0.27445513010025024,0.46855247020721436
