class,class_name,centroid_x,centroid_y,box_width,box_height,confidence
0,carabao,0.34412533044815063,0.46030697226524353,0.3218996822834015,0.35560640692710876,0.8615627288818359
0,carabao,0.6106810569763184,0.47431281208992004,0.3274405002593994,0.40914222598075867,0.8487158417701721
0,carabao,0.7666692733764648,0.6443511247634888,0.22478146851062775,0.4216206669807434,0.8367763161659241
0,carabao,0.6241249442100525,0.23687858879566193,0.2975435256958008,0.2918163239955902,0.8184589147567749
0,carabao,0.5794366598129272,0.7626542448997498,0.22457599639892578,0.32397568225860596,0.8059242963790894
0,carabao,0.17670938372612,0.6029500961303711,0.2647041380405426,0.3429030179977417,0.7782294154167175
