class,class_name,centroid_x,centroid_y,box_width,box_height,confidence
2,indian,0.48874640464782715,0.2606469988822937,0.18554434180259705,0.11476223170757294,0.7887927293777466
2,indian,0.4295315146446228,0.32469362020492554,0.20639540255069733,0.11211419105529785,0.7796909213066101
2,indian,0.2964460849761963,0.26789888739585876,0.1877356618642807,0.11630415916442871,0.7699727416038513
2,indian,0.9111266732215881,0.3911733627319336,0.1519044041633606,0.1060028076171875,0.7420598268508911
2,indian,0.723991334438324,0.2498740255832672,0.1629655361175537,0.11440008878707886,0.7352217435836792
