class,class_name,centroid_x,centroid_y,box_width,box_height,confidence
2,indian,0.5818976163864136,0.553802490234375,0.35377994179725647,0.24498310685157776,0.8441498875617981
2,indian,0.6153532266616821,0.3853640556335449,0.36859267950057983,0.22540628910064697,0.7345139384269714
