class,class_name,centroid_x,centroid_y,box_width,box_height,confidence
2,indian,0.5124067068099976,0.4883270859718323,0.31298643350601196,0.19662702083587646,0.8353473544120789
2,indian,0.3494114875793457,0.3775080442428589,0.2524110972881317,0.19294238090515137,0.8350730538368225
2,indian,0.6300010085105896,0.6352084875106812,0.2423149049282074,0.19312119483947754,0.8120598793029785
2,indian,0.652723491191864,0.3654839098453522,0.28087320923805237,0.20630522072315216,0.8018337488174438
2,indian,0.5177940130233765,0.25915223360061646,0.2609264850616455,0.16574515402317047,0.7990995049476624
2,indian,0.383094847202301,0.556577205657959,0.27714788913726807,0.17645525932312012,0.770855724811554
