class,class_name,centroid_x,centroid_y,box_width,box_height,confidence
2,indian,0.4339829981327057,0.438978910446167,0.12611684203147888,0.22455522418022156,0.7552250623703003
2,indian,0.5480305552482605,0.4575435221195221,0.11243882030248642,0.1798887699842453,0.6638000011444092
2,indian,0.0627329871058464,0.9484407901763916,0.1237073540687561,0.10279695689678192,0.6464760899543762
