class,class_name,centroid_x,centroid_y,box_width,box_height,confidence
0,carabao,0.3524210751056671,0.5232064723968506,0.41917306184768677,0.5572258830070496,0.8418363332748413
0,carabao,0.6786292195320129,0.34208330512046814,0.4629873037338257,0.6476893424987793,0.8418080806732178
0,carabao,0.0641188845038414,0.05671689659357071,0.12785981595516205,0.11320285499095917,0.7393497824668884
0,carabao,0.1010463535785675,0.43672680854797363,0.12800909578800201,0.14598599076271057,0.2563369572162628
