class,class_name,centroid_x,centroid_y,box_width,box_height,confidence
0,carabao,0.24034631252288818,0.21119537949562073,0.35407185554504395,0.3431442975997925,0.8640097975730896
0,carabao,0.7798988819122314,0.555550217628479,0.363405704498291,0.31687772274017334,0.8499689698219299
0,carabao,0.5341492891311646,0.37197136878967285,0.36975619196891785,0.29746201634407043,0.8478114008903503
0,carabao,0.6852533221244812,0.8455507755279541,0.3019688129425049,0.2447706162929535,0.8458011746406555
0,carabao,0.3789443373680115,0.6733605265617371,0.340717077255249,0.37963801622390747,0.8289621472358704
0,carabao,0.1913609802722931,0.4887619912624359,0.33658722043037415,0.27814772725105286,0.8233442902565002
0,carabao,0.7792985439300537,0.317282497882843,0.2959561347961426,0.22205018997192383,0.7432348728179932
0,carabao,0.8566076159477234,0.9254352450370789,0.26981839537620544,0.14912955462932587,0.7366420030593872
0,carabao,0.12580613791942596,0.6626805663108826,0.14642927050590515,0.1325719654560089,0.5721461772918701
