class,class_name,centroid_x,centroid_y,box_width,box_height,confidence
0,carabao,0.5406977534294128,0.26942768692970276,0.24420294165611267,0.49154266715049744,0.8656460642814636
0,carabao,0.7446993589401245,0.25732681155204773,0.2401805818080902,0.47365492582321167,0.8650884032249451
0,carabao,0.7319687604904175,0.7097905874252319,0.24090929329395294,0.545766294002533,0.8562003374099731
0,carabao,0.2939656376838684,0.24052268266677856,0.28288131952285767,0.47547662258148193,0.85193932056427
0,carabao,0.513664722442627,0.7479677200317383,0.2606762945652008,0.5040607452392578,0.8480718731880188
0,carabao,0.39753586053848267,0.6421632766723633,0.30918481945991516,0.5025256276130676,0.836830735206604
0,carabao,0.24307680130004883,0.7168106436729431,0.25401541590690613,0.5389296412467957,0.8353566527366638
