class,class_name,centroid_x,centroid_y,box_width,box_height,confidence
0,carabao,0.6428464651107788,0.23210524022579193,0.3633648753166199,0.2890043556690216,0.859396755695343
0,carabao,0.6821591258049011,0.49800270795822144,0.3448733687400818,0.2782464921474457,0.8543576598167419
0,carabao,0.6924273371696472,0.7339953780174255,0.3114394545555115,0.31861236691474915,0.7953380942344666
