class,class_name,centroid_x,centroid_y,box_width,box_height,confidence
1,flower,0.3768121004104614,0.42159971594810486,0.28635191917419434,0.36797890067100525,0.53297358751297
1,flower,0.3879709839820862,0.7816203236579895,0.2746480703353882,0.3899098038673401,0.5217536687850952
1,flower,0.7636201977729797,0.4527193009853363,0.24408888816833496,0.3220823407173157,0.47084689140319824
1,flower,0.2527616024017334,0.7058764100074768,0.25175413489341736,0.33744218945503235,0.4692166745662689
1,flower,0.6382980346679688,0.5784986019134521,0.1954331398010254,0.27970263361930847,0.43420878052711487
1,flower,0.6849709749221802,0.234127476811409,0.24074038863182068,0.32339221239089966,0.3392787277698517
1,flower,0.33545786142349243,0.7650299668312073,0.3778298497200012,0.45118802785873413,0.20961639285087585
