class,class_name,centroid_x,centroid_y,box_width,box_height,confidence
0,carabao,0.8715575337409973,0.3829771876335144,0.18530170619487762,0.17030930519104004,0.7911912798881531
0,carabao,0.6350152492523193,0.5799949169158936,0.13564345240592957,0.13609066605567932,0.7795370817184448
0,carabao,0.04537872225046158,0.11873064935207367,0.09075744450092316,0.1352008879184723,0.7682068347930908
0,carabao,0.5368334650993347,0.5737594366073608,0.13512124121189117,0.13344168663024902,0.7324378490447998
0,carabao,0.7915297150611877,0.27667003870010376,0.15219460427761078,0.11677992343902588,0.7316862940788269
0,carabao,0.10034801065921783,0.16972273588180542,0.11570622026920319,0.09544780105352402,0.718063473701477
0,carabao,0.6045336127281189,0.4450303018093109,0.15048782527446747,0.13319125771522522,0.7159973978996277
0,carabao,0.20138010382652283,0.12780573964118958,0.09737350046634674,0.05841886252164841,0.41064995527267456
0,carabao,0.51313716173172,0.4241158068180084,0.03519270941615105,0.026752948760986328,0.21145790815353394
