class,class_name,centroid_x,centroid_y,box_width,box_height,confidence
2,indian,0.40184131264686584,0.4112052321434021,0.4693090319633484,0.39983421564102173,0.8327266573905945
2,indian,0.6667821407318115,0.6356688737869263,0.4768209755420685,0.44664663076400757,0.8087886571884155
