class,class_name,centroid_x,centroid_y,box_width,box_height,confidence
0,carabao,0.4267290234565735,0.3325594663619995,0.49900656938552856,0.3718830347061157,0.8043100237846375
0,carabao,0.3011530041694641,0.9743731617927551,0.13968753814697266,0.05125363543629646,0.2634524405002594
