class,class_name,centroid_x,centroid_y,box_width,box_height,confidence
1,flower,0.33497074246406555,0.8120161890983582,0.6589273810386658,0.344357430934906,0.49818599224090576
1,flower,0.41245025396347046,0.2973663806915283,0.8249005079269409,0.4541119635105133,0.41822516918182373
1,flower,0.4500634968280792,0.7789026498794556,0.46431392431259155,0.25860363245010376,0.3437638282775879
1,flower,0.5099189281463623,0.3851001262664795,0.3207172751426697,0.19947758316993713,0.2986529767513275
1,flower,0.4573196768760681,0.17007501423358917,0.32132527232170105,0.18497613072395325,0.2916496992111206
1,flower,0.11684460937976837,0.3041567802429199,0.23325006663799286,0.20602008700370789,0.2744666039943695
1,flower,0.13759079575538635,0.8354193568229675,0.2751815915107727,0.27005839347839355,0.2576534152030945
