class,class_name,centroid_x,centroid_y,box_width,box_height,confidence
2,indian,0.5111755728721619,0.6484023928642273,0.22502806782722473,0.13392949104309082,0.7101083993911743
2,indian,0.34850263595581055,0.4438818097114563,0.20575803518295288,0.12692439556121826,0.660660982131958
2,indian,0.33935514092445374,0.6028013229370117,0.20794326066970825,0.1399250030517578,0.6109307408332825
2,indian,0.3466503322124481,0.8184368014335632,0.1448868364095688,0.11152529716491699,0.5745709538459778
2,indian,0.3047843873500824,0.2796021103858948,0.20500178635120392,0.14109790325164795,0.5286574959754944
1,flower,0.828838586807251,0.588086724281311,0.22537708282470703,0.15502095222473145,0.40794530510902405
1,flower,0.8513482213020325,0.45950478315353394,0.14715862274169922,0.10960574448108673,0.3088260591030121
1,flower,0.8106285929679871,0.48404327034950256,0.06262766569852829,0.057038020342588425,0.24734541773796082
1,flower,0.8296244740486145,0.597638726234436,0.08798027038574219,0.06016125530004501,0.19674992561340332
