class,class_name,centroid_x,centroid_y,box_width,box_height,confidence
0,carabao,0.4546803832054138,0.5505900382995605,0.18272416293621063,0.45802661776542664,0.8391729593276978
0,carabao,0.3357933461666107,0.5663927793502808,0.14751288294792175,0.448149174451828,0.8001284003257751
