class,class_name,centroid_x,centroid_y,box_width,box_height,confidence
0,carabao,0.7204335927963257,0.40211915969848633,0.4971066117286682,0.40916556119918823,0.8804447054862976
0,carabao,0.7612007856369019,0.8028247952461243,0.36215847730636597,0.394350528717041,0.8725136518478394
0,carabao,0.42974504828453064,0.6780084371566772,0.4007247984409332,0.5350390076637268,0.8697687387466431
0,carabao,0.2924942374229431,0.21358314156532288,0.540453314781189,0.3850341737270355,0.8543704152107239
0,carabao,0.6620904803276062,0.11135200411081314,0.5024246573448181,0.22270400822162628,0.8481825590133667
0,carabao,0.8937599062919617,0.22797231376171112,0.21212224662303925,0.45594462752342224,0.7282049059867859
0,carabao,0.9454277157783508,0.6482400298118591,0.10882405936717987,0.41723623871803284,0.7149065732955933
