class,class_name,centroid_x,centroid_y,box_width,box_height,confidence
2,indian,0.7332560420036316,0.6990625262260437,0.11930785328149796,0.19218075275421143,0.7815355062484741
2,indian,0.7378808856010437,0.5130244493484497,0.11778893321752548,0.1812172383069992,0.768301784992218
2,indian,0.6743780970573425,0.5741860270500183,0.12409482151269913,0.20425055921077728,0.7592552304267883
2,indian,0.7509910464286804,0.27156493067741394,0.11140990257263184,0.18054230511188507,0.6888390779495239
2,indian,0.6094783544540405,0.0905291885137558,0.112069271504879,0.16261063516139984,0.6586699485778809
