class,class_name,centroid_x,centroid_y,box_width,box_height,confidence
0,carabao,0.6386438608169556,0.6844425201416016,0.34097158908843994,0.1943347454071045,0.8435451984405518
0,carabao,0.8072612881660461,0.4952318072319031,0.3576270639896393,0.15316137671470642,0.8270041346549988
0,carabao,0.4995935559272766,0.5023964047431946,0.3029346764087677,0.16943654417991638,0.6772860884666443
0,carabao,0.44598445296287537,0.6725289225578308,0.2622428238391876,0.17760682106018066,0.6720624566078186
0,carabao,0.4997358024120331,0.4740070700645447,0.301838219165802,0.1109134703874588,0.6028924584388733
0,carabao,0.4996085464954376,0.5479267239570618,0.2994862198829651,0.07803916931152344,0.2701137661933899
