class,class_name,centroid_x,centroid_y,box_width,box_height,confidence
0,carabao,0.507144570350647,0.6593917012214661,0.29772138595581055,0.37694430351257324,0.8580448031425476
0,carabao,0.6474809050559998,0.5229072570800781,0.32958683371543884,0.32995617389678955,0.8341026902198792
0,carabao,0.6150886416435242,0.8217447400093079,0.23773162066936493,0.3335391581058502,0.8241208791732788
0,carabao,0.19325731694698334,0.6588402986526489,0.3508192300796509,0.37476277351379395,0.8197695016860962
0,carabao,0.39274168014526367,0.3352367579936981,0.27870336174964905,0.3495541214942932,0.7558488249778748
0,carabao,0.6461792588233948,0.35141339898109436,0.2639942169189453,0.24713361263275146,0.6852914690971375
0,carabao,0.37180012464523315,0.8144794702529907,0.23254528641700745,0.23260168731212616,0.6772543787956238
0,carabao,0.18350942432880402,0.34823840856552124,0.24814824759960175,0.29386869072914124,0.6363623142242432
