class,class_name,centroid_x,centroid_y,box_width,box_height,confidence
2,indian,0.6994583606719971,0.7342313528060913,0.17657510936260223,0.10748672485351562,0.819598913192749
2,indian,0.5142343640327454,0.7389401197433472,0.18600396811962128,0.11164450645446777,0.7964072227478027
2,indian,0.5690046548843384,0.6754970550537109,0.19464044272899628,0.10827136039733887,0.79466712474823
2,indian,0.0863112211227417,0.6102887988090515,0.14608518779277802,0.0996638759970665,0.7884738445281982
2,indian,0.27107831835746765,0.7541282773017883,0.16736312210559845,0.10033893585205078,0.7311042547225952
