class,class_name,centroid_x,centroid_y,box_width,box_height,confidence
0,carabao,0.458853155374527,0.4943813383579254,0.8505417108535767,0.5170964002609253,0.8477673530578613
