class,class_name,centroid_x,centroid_y,box_width,box_height,confidence
1,flower,0.49093398451805115,0.34630224108695984,0.05773148685693741,0.0724579393863678,0.28611284494400024
1,flower,0.44373083114624023,0.49240294098854065,0.048151303082704544,0.06325126439332962,0.27789413928985596
1,flower,0.38534003496170044,0.5007197260856628,0.05405078083276749,0.07393868267536163,0.2568480968475342
1,flower,0.3935023248195648,0.3610873520374298,0.1552407294511795,0.1571214348077774,0.23471207916736603
1,flower,0.6114801168441772,0.5499840378761292,0.06903433799743652,0.1438365876674652,0.23435673117637634
1,flower,0.3192022442817688,0.596178412437439,0.034647345542907715,0.040587518364191055,0.20735622942447662
