class,class_name,centroid_x,centroid_y,box_width,box_height,confidence
0,carabao,0.707190752029419,0.40089425444602966,0.5818066596984863,0.5769875645637512,0.8855884075164795
0,carabao,0.24428501725196838,0.6531721353530884,0.48531779646873474,0.5149712562561035,0.8121730089187622
0,carabao,0.4736620783805847,0.5762534737586975,0.4906984269618988,0.5039217472076416,0.8117168545722961
