class,class_name,centroid_x,centroid_y,box_width,box_height,confidence
0,carabao,0.4380429983139038,0.7142390012741089,0.27541279792785645,0.4804755449295044,0.8815543055534363
0,carabao,0.7408280372619629,0.7598890662193298,0.34968307614326477,0.36649879813194275,0.866127610206604
0,carabao,0.30928319692611694,0.30054885149002075,0.25435444712638855,0.5121724605560303,0.8519907593727112
0,carabao,0.620185136795044,0.43757346272468567,0.3693483769893646,0.39885565638542175,0.8518403172492981
0,carabao,0.19490428268909454,0.6577303409576416,0.24224290251731873,0.48999762535095215,0.8395570516586304
0,carabao,0.3094075620174408,0.9026435613632202,0.31870895624160767,0.19471289217472076,0.5904074907302856
