class,class_name,centroid_x,centroid_y,box_width,box_height,confidence
0,carabao,0.568293571472168,0.7148377299308777,0.7851152420043945,0.528984010219574,0.8732626438140869
0,carabao,0.3685721755027771,0.2581528127193451,0.616519570350647,0.4820524752140045,0.8590977191925049
0,carabao,0.7461317181587219,0.46075406670570374,0.5072653293609619,0.3990638852119446,0.8409411311149597
