class,class_name,centroid_x,centroid_y,box_width,box_height,confidence
0,carabao,0.6730818152427673,0.6547667384147644,0.46020951867103577,0.6325443983078003,0.8555538654327393
0,carabao,0.35198965668678284,0.46672138571739197,0.41256821155548096,0.5604436993598938,0.8325722217559814
2,indian,0.06742385774850845,0.9389550089836121,0.1348477154970169,0.12208995968103409,0.5484135150909424
