class,class_name,centroid_x,centroid_y,box_width,box_height,confidence
0,carabao,0.6500386595726013,0.4661165177822113,0.42621946334838867,0.561237096786499,0.8591018319129944
0,carabao,0.3366027772426605,0.6540082097053528,0.4852909445762634,0.6284686326980591,0.8509317636489868
0,carabao,0.9328926205635071,0.941061794757843,0.13315582275390625,0.11770220100879669,0.5643450021743774
