class,class_name,centroid_x,centroid_y,box_width,box_height,confidence
0,carabao,0.34414514899253845,0.7654815912246704,0.4399113953113556,0.2159711867570877,0.8521658182144165
0,carabao,0.5403486490249634,0.3406638205051422,0.35172224044799805,0.3006177544593811,0.8299570083618164
0,carabao,0.3965524435043335,0.18512079119682312,0.35289350152015686,0.2578355669975281,0.8248643279075623
0,carabao,0.5215598344802856,0.6072807312011719,0.415737122297287,0.3228275775909424,0.8012489080429077
0,carabao,0.7630654573440552,0.6213471293449402,0.30868181586265564,0.28530725836753845,0.7780227661132812
0,carabao,0.22912397980690002,0.5753005743026733,0.32808157801628113,0.21339158713817596,0.763205885887146
