class,class_name,centroid_x,centroid_y,box_width,box_height,confidence
0,carabao,0.7342885136604309,0.6366336345672607,0.5020617246627808,0.274385929107666,0.8641501665115356
0,carabao,0.452224999666214,0.7951564788818359,0.49366146326065063,0.38472676277160645,0.857100784778595
0,carabao,0.6205976605415344,0.15851061046123505,0.5791727900505066,0.2828954756259918,0.8368943333625793
0,carabao,0.5713930130004883,0.41091862320899963,0.5439989566802979,0.27516621351242065,0.805091142654419
