class,class_name,centroid_x,centroid_y,box_width,box_height,confidence
0,carabao,0.4671524465084076,0.29076606035232544,0.6732544898986816,0.40614891052246094,0.8287190198898315
0,carabao,0.5925952196121216,0.629909873008728,0.6585553884506226,0.39329004287719727,0.7726305723190308
