class,class_name,centroid_x,centroid_y,box_width,box_height,confidence
2,indian,0.3620731830596924,0.31692343950271606,0.35145172476768494,0.20704317092895508,0.7292371988296509
2,indian,0.19900918006896973,0.502959132194519,0.36838051676750183,0.16655564308166504,0.6731557250022888
2,indian,0.4916357398033142,0.496146023273468,0.32311826944351196,0.18638376891613007,0.6625104546546936
2,indian,0.5417624711990356,0.3302485942840576,0.26486438512802124,0.20788392424583435,0.47148624062538147
0,carabao,0.5433105230331421,0.33008426427841187,0.27531683444976807,0.2063417136669159,0.37919390201568604
