class,class_name,centroid_x,centroid_y,box_width,box_height,confidence
1,flower,0.309932142496109,0.3905435800552368,0.4539172351360321,0.46453356742858887,0.5807702541351318
1,flower,0.2830042839050293,0.8250161409378052,0.15390750765800476,0.1366262435913086,0.4456767439842224
1,flower,0.573085367679596,0.5644375085830688,0.5801026225090027,0.42122191190719604,0.3399345874786377
1,flower,0.4261353313922882,0.8361924886703491,0.4950219690799713,0.3276149332523346,0.2549624443054199
