class,class_name,centroid_x,centroid_y,box_width,box_height,confidence
0,carabao,0.42400240898132324,0.5526157021522522,0.5810004472732544,0.4356410801410675,0.8192071914672852
