class,class_name,centroid_x,centroid_y,box_width,box_height,confidence
0,carabao,0.3176136612892151,0.3340195417404175,0.4528408944606781,0.20870280265808105,0.8510192036628723
0,carabao,0.3441966772079468,0.6160879135131836,0.39007896184921265,0.20133456587791443,0.8378194570541382
0,carabao,0.18814533948898315,0.11415578424930573,0.3762906789779663,0.21108320355415344,0.8202673196792603
0,carabao,0.5810047388076782,0.6856721639633179,0.28665822744369507,0.2216811180114746,0.7979093790054321
0,carabao,0.4575948119163513,0.24700844287872314,0.38618338108062744,0.20231251418590546,0.7886034846305847
0,carabao,0.46206244826316833,0.4333164691925049,0.4283938407897949,0.19936954975128174,0.7786625623703003
0,carabao,0.3456674814224243,0.7456094026565552,0.3490702211856842,0.16203360259532928,0.7202488780021667
0,carabao,0.2351050078868866,0.5278932452201843,0.2121545374393463,0.1380496472120285,0.6621362566947937
0,carabao,0.052783895283937454,0.8948447108268738,0.10556779056787491,0.21031060814857483,0.4751034080982208
