class,class_name,centroid_x,centroid_y,box_width,box_height,confidence
1,flower,0.5462321043014526,0.8415005803108215,0.20112986862659454,0.22259452939033508,0.3762933313846588
0,carabao,0.5336553454399109,0.5369400978088379,0.0731409564614296,0.12974794209003448,0.29829147458076477
1,flower,0.3542810082435608,0.8053522109985352,0.1727428436279297,0.3235149383544922,0.2516220510005951
1,flower,0.24862749874591827,0.7592819929122925,0.1791103184223175,0.2903544008731842,0.22652630507946014
0,carabao,0.46200627088546753,0.22898508608341217,0.08300194889307022,0.14022351801395416,0.2236146330833435
1,flower,0.8135796785354614,0.3969683051109314,0.07123351097106934,0.11184732615947723,0.206223264336586
0,carabao,0.41107138991355896,0.8730418086051941,0.05974459648132324,0.10343746840953827,0.20591047406196594
