class,class_name,centroid_x,centroid_y,box_width,box_height,confidence
0,carabao,0.554934024810791,0.4552524983882904,0.4635167121887207,0.17601534724235535,0.8492649793624878
0,carabao,0.56992506980896,0.33632320165634155,0.44763484597206116,0.14510104060173035,0.8353951573371887
