class,class_name,centroid_x,centroid_y,box_width,box_height,confidence
0,carabao,0.2741349935531616,0.4050150513648987,0.49311527609825134,0.4055081307888031,0.8840101361274719
0,carabao,0.23794429004192352,0.8022586703300476,0.3561682105064392,0.3954826891422272,0.876883327960968
0,carabao,0.5645922422409058,0.6730276942253113,0.40069079399108887,0.537526547908783,0.8718199729919434
0,carabao,0.6953978538513184,0.21775312721729279,0.5200837850570679,0.3778371512889862,0.867429792881012
0,carabao,0.33504581451416016,0.11245252192020416,0.5018190145492554,0.22490504384040833,0.8415856957435608
0,carabao,0.1116517037153244,0.22766654193401337,0.2233034074306488,0.45177608728408813,0.7615756392478943
0,carabao,0.05228316783905029,0.6556223630905151,0.10194909572601318,0.4133933186531067,0.6740200519561768
