class,class_name,centroid_x,centroid_y,box_width,box_height,confidence
0,carabao,0.6580093502998352,0.46482720971107483,0.5265322923660278,0.621267557144165,0.8406155109405518
