class,class_name,centroid_x,centroid_y,box_width,box_height,confidence
0,carabao,0.7626863121986389,0.19527457654476166,0.36947450041770935,0.3905491530895233,0.8804251551628113
0,carabao,0.722889244556427,0.5847786664962769,0.49559417366981506,0.4180417060852051,0.867792546749115
0,carabao,0.4322679936885834,0.3200106620788574,0.39627882838249207,0.5592460632324219,0.866445004940033
0,carabao,0.2995705008506775,0.7766067385673523,0.5368504524230957,0.38356757164001465,0.842668890953064
0,carabao,0.6599702835083008,0.8870446085929871,0.5009254813194275,0.2250775843858719,0.841713547706604
0,carabao,0.9444110989570618,0.3589201867580414,0.10984659194946289,0.3956673741340637,0.6721668243408203
0,carabao,0.8905450701713562,0.7721980214118958,0.21890988945960999,0.4527147710323334,0.6683452725410461
0,carabao,0.9364585876464844,0.14117580652236938,0.12652301788330078,0.28235161304473877,0.26235583424568176
