class,class_name,centroid_x,centroid_y,box_width,box_height,confidence
2,indian,0.5894688367843628,0.39845970273017883,0.43087977170944214,0.45918285846710205,0.8469898700714111
2,indian,0.36385679244995117,0.6759154200553894,0.4592195451259613,0.48569706082344055,0.8310628533363342
