class,class_name,centroid_x,centroid_y,box_width,box_height,confidence
0,carabao,0.702142596244812,0.5968219041824341,0.595714807510376,0.5696374773979187,0.8740796446800232
0,carabao,0.23870117962360382,0.3331414759159088,0.47740235924720764,0.5076557993888855,0.8460500836372375
0,carabao,0.4777286648750305,0.418315052986145,0.5034695863723755,0.5192811489105225,0.8159487247467041
