class,class_name,centroid_x,centroid_y,box_width,box_height,confidence
0,carabao,0.39796584844589233,0.4808078110218048,0.6336411237716675,0.5062865018844604,0.8636502623558044
0,carabao,0.7799023985862732,0.2251860648393631,0.4389781057834625,0.44953250885009766,0.8381902575492859
0,carabao,0.8832539319992065,0.621886670589447,0.23349204659461975,0.3180246353149414,0.8096494674682617
0,carabao,0.7801319360733032,0.12110941857099533,0.43973612785339355,0.24221883714199066,0.46443066000938416
