class,class_name,centroid_x,centroid_y,box_width,box_height,confidence
1,flower,0.507300853729248,0.5547995567321777,0.9223002195358276,0.75249844789505,0.9416476488113403
