class,class_name,centroid_x,centroid_y,box_width,box_height,confidence
0,carabao,0.4281471371650696,0.5374466180801392,0.23389582335948944,0.40179187059402466,0.8325695991516113
0,carabao,0.3176802098751068,0.3796989321708679,0.20714759826660156,0.39119887351989746,0.7980085015296936
0,carabao,0.5145336389541626,0.8319569826126099,0.1995457112789154,0.30512428283691406,0.7876096367835999
0,carabao,0.6961747407913208,0.5758497714996338,0.5929542779922485,0.842316746711731,0.7770593762397766
