class,class_name,centroid_x,centroid_y,box_width,box_height,confidence
0,carabao,0.27785974740982056,0.559074878692627,0.4928421676158905,0.27893462777137756,0.8807693123817444
0,carabao,0.33550745248794556,0.8064237833023071,0.48993897438049316,0.23478767275810242,0.8750426769256592
0,carabao,0.5663483738899231,0.3832816779613495,0.399227112531662,0.3748641014099121,0.8619692325592041
0,carabao,0.7012977600097656,0.6840898394584656,0.5106977820396423,0.25976940989494324,0.8490900993347168
0,carabao,0.23431850969791412,0.25574129819869995,0.35421594977378845,0.34757041931152344,0.8460771441459656
0,carabao,0.1100311279296875,0.6995357275009155,0.21456894278526306,0.30179381370544434,0.4496486186981201
0,carabao,0.0748337060213089,0.38346225023269653,0.1496674120426178,0.23281404376029968,0.2544046938419342
