class,class_name,centroid_x,centroid_y,box_width,box_height,confidence
0,carabao,0.38733765482902527,0.49135297536849976,0.7746753096580505,0.5915071964263916,0.7860517501831055
