class,class_name,centroid_x,centroid_y,box_width,box_height,confidence
0,carabao,0.41567572951316833,0.43648943305015564,0.29688572883605957,0.2504481077194214,0.826583743095398
0,carabao,0.22656290233135223,0.5960399508476257,0.198160320520401,0.18439573049545288,0.7566741704940796
0,carabao,0.5212624073028564,0.48231878876686096,0.19518765807151794,0.1870070844888687,0.7091614007949829
0,carabao,0.6392012238502502,0.39528414607048035,0.1440196931362152,0.11086416244506836,0.5729874968528748
