class,class_name,centroid_x,centroid_y,box_width,box_height,confidence
2,indian,0.44508418440818787,0.5897778868675232,0.18299242854118347,0.22647809982299805,0.8745340704917908
2,indian,0.5378634333610535,0.48355039954185486,0.21436381340026855,0.24379046261310577,0.829998791217804
2,indian,0.6970956325531006,0.5263378620147705,0.19593238830566406,0.2260078489780426,0.8213801980018616
2,indian,0.5361194610595703,0.18001030385494232,0.2231283187866211,0.23576614260673523,0.7489319443702698
2,indian,0.27091407775878906,0.458615779876709,0.1841646134853363,0.21124956011772156,0.7341029047966003
