class,class_name,centroid_x,centroid_y,box_width,box_height,confidence
0,carabao,0.7137859463691711,0.4220823347568512,0.5413171648979187,0.8281654119491577,0.8719078302383423
0,carabao,0.26132187247276306,0.6127534508705139,0.5029376149177551,0.580049991607666,0.8630512356758118
0,carabao,0.4548310339450836,0.23126435279846191,0.3837316632270813,0.4602513313293457,0.8014969229698181
0,carabao,0.37737002968788147,0.03357875347137451,0.2633591592311859,0.06705892086029053,0.22280403971672058
