class,class_name,centroid_x,centroid_y,box_width,box_height,confidence
0,carabao,0.6483576893806458,0.6719092726707458,0.6253559589385986,0.45252370834350586,0.8475885987281799
0,carabao,0.47147637605667114,0.35194242000579834,0.5649698972702026,0.39923012256622314,0.8458733558654785
0,carabao,0.9396368265151978,0.06317145377397537,0.12072639167308807,0.12631095945835114,0.7534273266792297
0,carabao,0.5581790804862976,0.10580522567033768,0.15654492378234863,0.09802480787038803,0.6586132049560547
0,carabao,0.3304688334465027,0.9377576112747192,0.3141641616821289,0.12417888641357422,0.2370539754629135
