class,class_name,centroid_x,centroid_y,box_width,box_height,confidence
1,flower,0.694122850894928,0.7825572490692139,0.31834474205970764,0.2170899361371994,0.5833145380020142
1,flower,0.40736663341522217,0.6386338472366333,0.3747185468673706,0.25231146812438965,0.5707409381866455
1,flower,0.20015446841716766,0.3165965676307678,0.2641230821609497,0.206192284822464,0.45648229122161865
1,flower,0.7688530087471008,0.6082290410995483,0.3711313009262085,0.2565739154815674,0.4366907775402069
1,flower,0.4208231568336487,0.2485051453113556,0.28038904070854187,0.19805186986923218,0.4163607358932495
1,flower,0.5698114633560181,0.3596695065498352,0.24256925284862518,0.1812591552734375,0.40713512897491455
1,flower,0.5120582580566406,0.17204710841178894,0.3467022776603699,0.1696687489748001,0.30240297317504883
1,flower,0.7347520589828491,0.6778298616409302,0.530495822429657,0.4767977297306061,0.2898251712322235
1,flower,0.4061661660671234,0.486736536026001,0.35783737897872925,0.18085968494415283,0.20376190543174744
