class,class_name,centroid_x,centroid_y,box_width,box_height,confidence
0,carabao,0.5673843622207642,0.4524974822998047,0.6404910683631897,0.48252227902412415,0.8500996232032776
0,carabao,0.29405975341796875,0.6020076870918274,0.3404071033000946,0.3353758454322815,0.8291293382644653
0,carabao,0.49843913316726685,0.8447409868240356,0.2290259301662445,0.16674689948558807,0.5495004057884216
2,indian,0.04220551252365112,0.229363352060318,0.08399498462677002,0.28992247581481934,0.22013318538665771
