class,class_name,centroid_x,centroid_y,box_width,box_height,confidence
0,carabao,0.41594353318214417,0.45904630422592163,0.6119345426559448,0.42346546053886414,0.8356508016586304
