class,class_name,centroid_x,centroid_y,box_width,box_height,confidence
0,carabao,0.23531635105609894,0.19764107465744019,0.3571852147579193,0.39528214931488037,0.8817437887191772
0,carabao,0.27609649300575256,0.5838230848312378,0.4927055239677429,0.4175632894039154,0.8755248785018921
0,carabao,0.5595616102218628,0.31440043449401855,0.4006824493408203,0.5584383010864258,0.8633970022201538
0,carabao,0.698404848575592,0.7797918319702148,0.5341963768005371,0.3846328854560852,0.8517552018165588
0,carabao,0.3341130316257477,0.8849282264709473,0.507475733757019,0.22942586243152618,0.8443121910095215
0,carabao,0.05579901859164238,0.35403791069984436,0.11055221408605576,0.4368578791618347,0.6945558190345764
0,carabao,0.11320219933986664,0.7665014266967773,0.22595703601837158,0.45509275794029236,0.5355259776115417
