class,class_name,centroid_x,centroid_y,box_width,box_height,confidence
0,carabao,0.41669562458992004,0.6134366989135742,0.3314623534679413,0.43399423360824585,0.8443396091461182
0,carabao,0.6182145476341248,0.6929010152816772,0.30784133076667786,0.4687381684780121,0.8100209832191467
