class,class_name,centroid_x,centroid_y,box_width,box_height,confidence
0,carabao,0.20320554077625275,0.4531753659248352,0.4002416729927063,0.4887128472328186,0.8366779685020447
0,carabao,0.8369548916816711,0.6316940784454346,0.29550662636756897,0.5495255589485168,0.8216783404350281
0,carabao,0.36305516958236694,0.7351324558258057,0.2930494546890259,0.491086483001709,0.8173177242279053
0,carabao,0.5849325656890869,0.5814235210418701,0.27881917357444763,0.5364366173744202,0.8077085614204407
