class,class_name,centroid_x,centroid_y,box_width,box_height,confidence
2,indian,0.4179075360298157,0.555627703666687,0.3468961715698242,0.24898704886436462,0.8430421352386475
2,indian,0.3813113570213318,0.3921281695365906,0.35181573033332825,0.21672853827476501,0.7336611151695251
