class,class_name,centroid_x,centroid_y,box_width,box_height,confidence
0,carabao,0.574749231338501,0.46078604459762573,0.23024806380271912,0.24709352850914001,0.8299773931503296
0,carabao,0.6089845895767212,0.6346675157546997,0.21644791960716248,0.18735194206237793,0.8011667132377625
0,carabao,0.48883163928985596,0.3400976061820984,0.1986606866121292,0.2146005928516388,0.7792245745658875
0,carabao,0.7860163450241089,0.37654656171798706,0.11842365562915802,0.08998799324035645,0.6162629127502441
