class,class_name,centroid_x,centroid_y,box_width,box_height,confidence
2,indian,0.3587205111980438,0.2196873128414154,0.30305910110473633,0.2841256260871887,0.8450325727462769
2,indian,0.509920060634613,0.7439883947372437,0.30678707361221313,0.30401119589805603,0.8324381113052368
2,indian,0.6291165947914124,0.19100767374038696,0.35380205512046814,0.29323309659957886,0.8306462168693542
