class,class_name,centroid_x,centroid_y,box_width,box_height,confidence
0,carabao,0.4502584934234619,0.43584364652633667,0.48786306381225586,0.6282745599746704,0.8633957505226135
0,carabao,0.6043757796287537,0.7045928835868835,0.3479841947555542,0.3539581298828125,0.8365967869758606
0,carabao,0.840301513671875,0.510844886302948,0.18821968138217926,0.20768523216247559,0.7017488479614258
