class,class_name,centroid_x,centroid_y,box_width,box_height,confidence
0,carabao,0.5156393051147461,0.45473185181617737,0.2136673927307129,0.6245629191398621,0.8333375453948975
