class,class_name,centroid_x,centroid_y,box_width,box_height,confidence
0,carabao,0.5685458779335022,0.3903394639492035,0.370927095413208,0.20287787914276123,0.8444843888282776
0,carabao,0.708596408367157,0.5475949048995972,0.33278533816337585,0.16360116004943848,0.8261459469795227
0,carabao,0.36287546157836914,0.6501089334487915,0.3810126483440399,0.14449858665466309,0.8161578178405762
0,carabao,0.26079097390174866,0.5623766183853149,0.31209421157836914,0.1362464427947998,0.8113577365875244
0,carabao,0.4692671000957489,0.5269836187362671,0.2986689507961273,0.16662907600402832,0.766690194606781
