class,class_name,centroid_x,centroid_y,box_width,box_height,confidence
0,carabao,0.6966270208358765,0.6199294924736023,0.46715983748435974,0.26600128412246704,0.8423075079917908
0,carabao,0.6103850603103638,0.41884493827819824,0.4557054042816162,0.3289632797241211,0.8367857336997986
