class,class_name,centroid_x,centroid_y,box_width,box_height,confidence
0,carabao,0.25866955518722534,0.34469953179359436,0.46242961287498474,0.32026106119155884,0.8305323123931885
0,carabao,0.6154805421829224,0.16392841935157776,0.4907236099243164,0.309802770614624,0.8285064697265625
0,carabao,0.6565133333206177,0.720678448677063,0.4482976794242859,0.31208428740501404,0.8254911303520203
0,carabao,0.5726619362831116,0.46277135610580444,0.462683767080307,0.3167722821235657,0.8229305148124695
0,carabao,0.2815935015678406,0.7176146507263184,0.34690409898757935,0.49186158180236816,0.813518226146698
