class,class_name,centroid_x,centroid_y,box_width,box_height,confidence
1,flower,0.18584075570106506,0.24392814934253693,0.31703272461891174,0.48287439346313477,0.6399543285369873
1,flower,0.574905276298523,0.8602020144462585,0.11674483865499496,0.1521439552307129,0.4856089949607849
1,flower,0.19585002958774567,0.6106160879135132,0.20921818912029266,0.11426806449890137,0.47192540764808655
1,flower,0.26663878560066223,0.6835455894470215,0.18230614066123962,0.13312458992004395,0.3504084348678589
1,flower,0.4738422930240631,0.8933857083320618,0.11265768110752106,0.19123569130897522,0.3215387463569641
1,flower,0.11127050966024399,0.1383923888206482,0.18161541223526,0.24520647525787354,0.28769320249557495
1,flower,0.4272812604904175,0.5419881939888,0.22560228407382965,0.16213980317115784,0.253250390291214
1,flower,0.29414990544319153,0.7599956393241882,0.1702708601951599,0.11005358397960663,0.2485514134168625
1,flower,0.48147377371788025,0.7048386335372925,0.19550926983356476,0.20066075026988983,0.24538862705230713
