class,class_name,centroid_x,centroid_y,box_width,box_height,confidence
1,flower,0.5870488286018372,0.6345148086547852,0.3604317307472229,0.2559471130371094,0.5884455442428589
1,flower,0.22753441333770752,0.6027018427848816,0.3850054442882538,0.2674133777618408,0.4702700674533844
1,flower,0.424961656332016,0.35862988233566284,0.21688057482242584,0.17901167273521423,0.44219642877578735
1,flower,0.5748629570007324,0.2496081292629242,0.2855428159236908,0.19571426510810852,0.43304547667503357
1,flower,0.484198659658432,0.17779576778411865,0.3574523627758026,0.18408656120300293,0.42372965812683105
1,flower,0.2969834506511688,0.7780846953392029,0.28270015120506287,0.20655813813209534,0.41553857922554016
1,flower,0.7906545996665955,0.31619176268577576,0.28533935546875,0.20456361770629883,0.304436057806015
