class,class_name,centroid_x,centroid_y,box_width,box_height,confidence
1,flower,0.36174872517585754,0.10372531414031982,0.2059006243944168,0.20745062828063965,0.3788774907588959
1,flower,0.5002354383468628,0.32571664452552795,0.19246363639831543,0.322917103767395,0.3471291661262512
1,flower,0.769079327583313,0.7820043563842773,0.14812946319580078,0.23822280764579773,0.33212825655937195
1,flower,0.39156460762023926,0.28050586581230164,0.15173399448394775,0.2837080955505371,0.33177974820137024
1,flower,0.7229205965995789,0.3233608603477478,0.15109658241271973,0.2621331810951233,0.3189581036567688
1,flower,0.568882167339325,0.4833502173423767,0.16185569763183594,0.2721606492996216,0.30129820108413696
1,flower,0.6450349688529968,0.08034365624189377,0.14568305015563965,0.16005420684814453,0.2662365436553955
1,flower,0.5446161031723022,0.8955244421958923,0.3003182113170624,0.20627152919769287,0.20528706908226013
1,flower,0.7219809293746948,0.5582954287528992,0.5154904127120972,0.7536405920982361,0.20430834591388702
