class,class_name,centroid_x,centroid_y,box_width,box_height,confidence
0,carabao,0.8310296535491943,0.5196360349655151,0.3379407227039337,0.29235437512397766,0.8184624314308167
0,carabao,0.5474541187286377,0.4292820990085602,0.44362905621528625,0.22703567147254944,0.7950114607810974
0,carabao,0.4551515281200409,0.5976847410202026,0.4056568741798401,0.2369440495967865,0.7921226620674133
