class,class_name,centroid_x,centroid_y,box_width,box_height,confidence
0,carabao,0.5210971832275391,0.33309802412986755,0.6475666165351868,0.5013070106506348,0.8400465250015259
