class,class_name,centroid_x,centroid_y,box_width,box_height,confidence
1,flower,0.18471768498420715,0.632051944732666,0.2315184623003006,0.33876240253448486,0.5310549736022949
1,flower,0.5639110207557678,0.30518123507499695,0.23842039704322815,0.39807748794555664,0.45397520065307617
1,flower,0.6539278626441956,0.5042205452919006,0.6921442747116089,0.8380810618400574,0.4356345236301422
1,flower,0.43189531564712524,0.5105598568916321,0.2508614659309387,0.4841894805431366,0.429951936006546
1,flower,0.8405677676200867,0.3059946894645691,0.31284838914871216,0.4307910203933716,0.25260627269744873
1,flower,0.256794273853302,0.38645678758621216,0.26571738719940186,0.35973259806632996,0.24897848069667816
1,flower,0.8322150111198425,0.5135306119918823,0.33557000756263733,0.8524425029754639,0.23647761344909668
1,flower,0.7218132019042969,0.7185915112495422,0.2460802048444748,0.42396774888038635,0.20738768577575684
1,flower,0.26058846712112427,0.47833454608917236,0.5127562284469604,0.7346566319465637,0.20712776482105255
