class,class_name,centroid_x,centroid_y,box_width,box_height,confidence
0,carabao,0.40032094717025757,0.29733985662460327,0.35332822799682617,0.3531339168548584,0.8352554440498352
0,carabao,0.5505732893943787,0.5541912317276001,0.4768742322921753,0.6349949836730957,0.8345574736595154
0,carabao,0.16419824957847595,0.48921269178390503,0.207601398229599,0.24222750961780548,0.7397533655166626
0,carabao,0.8108500242233276,0.03536934033036232,0.2511344850063324,0.07073868066072464,0.3353734612464905
