class,class_name,centroid_x,centroid_y,box_width,box_height,confidence
0,carabao,0.6242135763168335,0.47830164432525635,0.751572847366333,0.5861046314239502,0.822860598564148
