class,class_name,centroid_x,centroid_y,box_width,box_height,confidence
1,flower,0.4969088137149811,0.288816899061203,0.964207112789154,0.45656102895736694,0.26075440645217896
0,carabao,0.4643477499485016,0.5334984660148621,0.13077744841575623,0.07339177280664444,0.23704572021961212
1,flower,0.163384348154068,0.5495473742485046,0.2312227487564087,0.19655156135559082,0.2157931923866272
0,carabao,0.7705569863319397,0.46340101957321167,0.15169508755207062,0.08013377338647842,0.21520981192588806
1,flower,0.5705265402793884,0.5449685454368591,0.8549794554710388,0.7973908185958862,0.20578192174434662
1,flower,0.1290036290884018,0.4072011411190033,0.14682579040527344,0.07535646110773087,0.199690043926239
1,flower,0.5881636142730713,0.8084467649459839,0.1184065043926239,0.06498150527477264,0.1990668624639511
0,carabao,0.48183518648147583,0.9044113159179688,0.14099489152431488,0.0831298828125,0.19787780940532684
