class,class_name,centroid_x,centroid_y,box_width,box_height,confidence
0,carabao,0.467964231967926,0.7003791928291321,0.6689780354499817,0.41340315341949463,0.8327032327651978
0,carabao,0.5880225896835327,0.36650171875953674,0.7601474523544312,0.40434730052948,0.8018866777420044
