class,class_name,centroid_x,centroid_y,box_width,box_height,confidence
0,carabao,0.6558787226676941,0.1907961219549179,0.3824733793735504,0.3457435071468353,0.8464020490646362
0,carabao,0.3547125458717346,0.1781359761953354,0.3185442388057709,0.22343945503234863,0.8342540264129639
0,carabao,0.8211368322372437,0.6121625900268555,0.34770044684410095,0.2404918670654297,0.8311651945114136
0,carabao,0.3464452028274536,0.38848453760147095,0.3672875761985779,0.25613975524902344,0.8274089097976685
0,carabao,0.674664318561554,0.4996870756149292,0.35014042258262634,0.2750340402126312,0.8026933670043945
0,carabao,0.5244364738464355,0.6452397704124451,0.330989807844162,0.33811816573143005,0.7970219254493713
0,carabao,0.8141497373580933,0.3811754882335663,0.26019781827926636,0.22537750005722046,0.7059802412986755
0,carabao,0.3457167148590088,0.6401751637458801,0.220535010099411,0.2495414763689041,0.6425102949142456
