class,class_name,centroid_x,centroid_y,box_width,box_height,confidence
0,carabao,0.535531759262085,0.4389069676399231,0.5703184008598328,0.7796701192855835,0.8528896570205688
