class,class_name,centroid_x,centroid_y,box_width,box_height,confidence
0,carabao,0.27723363041877747,0.4400041103363037,0.49222028255462646,0.2712080478668213,0.8877685070037842
0,carabao,0.3394412398338318,0.19555377960205078,0.49021053314208984,0.24036116898059845,0.8757883906364441
0,carabao,0.6965877413749695,0.3121874928474426,0.5214316844940186,0.25289782881736755,0.8716807961463928
0,carabao,0.5679981708526611,0.6173519492149353,0.4016721546649933,0.3622302711009979,0.8615533113479614
0,carabao,0.24057583510875702,0.7396163940429688,0.36546647548675537,0.3339408338069916,0.8590385913848877
0,carabao,0.10467801243066788,0.30901122093200684,0.20536722242832184,0.3151493966579437,0.4342590570449829
0,carabao,0.05444246530532837,0.6020152568817139,0.10888493061065674,0.2488553822040558,0.32423529028892517
