class,class_name,centroid_x,centroid_y,box_width,box_height,confidence
0,carabao,0.48858627676963806,0.6284338235855103,0.6258718967437744,0.7240945100784302,0.8513029217720032
