class,class_name,centroid_x,centroid_y,box_width,box_height,confidence
0,carabao,0.4873771369457245,0.5678619146347046,0.38475170731544495,0.5121520757675171,0.8976967334747314
0,carabao,0.7370156645774841,0.3586313724517822,0.3597794771194458,0.47808924317359924,0.8866052031517029
