class,class_name,centroid_x,centroid_y,box_width,box_height,confidence
0,carabao,0.340604305267334,0.5261701345443726,0.5252434611320496,0.5998411774635315,0.8399710059165955
