class,class_name,centroid_x,centroid_y,box_width,box_height,confidence
0,carabao,0.6868592500686646,0.2578302025794983,0.31805723905563354,0.31647855043411255,0.8404294848442078
0,carabao,0.6490916013717651,0.7659717798233032,0.35381627082824707,0.29431962966918945,0.8356520533561707
0,carabao,0.6812839508056641,0.49277347326278687,0.3457868695259094,0.2853650450706482,0.8285257816314697
