class,class_name,centroid_x,centroid_y,box_width,box_height,confidence
0,carabao,0.5085694789886475,0.3592277467250824,0.6225693821907043,0.47059887647628784,0.8320602178573608
0,carabao,0.5978885889053345,0.6657397150993347,0.3985409736633301,0.43602824211120605,0.7981670498847961
