class,class_name,centroid_x,centroid_y,box_width,box_height,confidence
0,carabao,0.3606007993221283,0.6132823824882507,0.21365812420845032,0.22500982880592346,0.7359957695007324
0,carabao,0.6617149114608765,0.501367449760437,0.2532541751861572,0.22872823476791382,0.6055471897125244
0,carabao,0.5438212156295776,0.5874978303909302,0.27465248107910156,0.2588590681552887,0.51345294713974
0,carabao,0.6215797662734985,0.7893943786621094,0.14890623092651367,0.14126110076904297,0.3640156388282776
