class,class_name,centroid_x,centroid_y,box_width,box_height,confidence
0,carabao,0.5371699333190918,0.7020687460899353,0.6999329328536987,0.40215933322906494,0.8073861598968506
0,carabao,0.44550228118896484,0.3792060911655426,0.7482881546020508,0.4215812683105469,0.8062328696250916
