class,class_name,centroid_x,centroid_y,box_width,box_height,confidence
0,carabao,0.6945137977600098,0.38183364272117615,0.46002063155174255,0.26652219891548157,0.8458990454673767
0,carabao,0.614526093006134,0.5803771018981934,0.4473247528076172,0.3186787962913513,0.8243348002433777
