class,class_name,centroid_x,centroid_y,box_width,box_height,confidence
0,carabao,0.5591221451759338,0.29018330574035645,0.5487475395202637,0.3290044963359833,0.8376047015190125
0,carabao,0.679206371307373,0.5362974405288696,0.5030901432037354,0.2933270335197449,0.8150013089179993
0,carabao,0.6179614067077637,0.7644304633140564,0.4294159412384033,0.2589552700519562,0.8082408905029297
0,carabao,0.3437435030937195,0.6733551025390625,0.30422139167785645,0.19885724782943726,0.7747187614440918
