class,class_name,centroid_x,centroid_y,box_width,box_height,confidence
0,carabao,0.7293593287467957,0.3088006377220154,0.5372251272201538,0.2978113293647766,0.8631624579429626
0,carabao,0.23994426429271698,0.5085973739624023,0.47988852858543396,0.2259967029094696,0.8514283895492554
0,carabao,0.42678242921829224,0.7476350665092468,0.588326096534729,0.3487764894962311,0.8424186110496521
0,carabao,0.6422678232192993,0.629153847694397,0.43045076727867126,0.21037077903747559,0.827104926109314
0,carabao,0.6897139549255371,0.49654045701026917,0.44629770517349243,0.17549452185630798,0.7434235215187073
0,carabao,0.8878633379936218,0.03677204251289368,0.22427335381507874,0.07354408502578735,0.3028801679611206
0,carabao,0.44598397612571716,0.971939206123352,0.35320115089416504,0.05612163618206978,0.21404434740543365
