class,class_name,centroid_x,centroid_y,box_width,box_height,confidence
1,flower,0.375842422246933,0.42908868193626404,0.19440394639968872,0.2329982966184616,0.4275193214416504
1,flower,0.6313447952270508,0.33620500564575195,0.3195139169692993,0.2230185568332672,0.3841371536254883
1,flower,0.49343985319137573,0.44368553161621094,0.06411789357662201,0.052443601191043854,0.19950880110263824
