class,class_name,centroid_x,centroid_y,box_width,box_height,confidence
0,carabao,0.4668533205986023,0.44673290848731995,0.5404795408248901,0.8324350118637085,0.8721992373466492
