class,class_name,centroid_x,centroid_y,box_width,box_height,confidence
0,carabao,0.2834853231906891,0.7312558889389038,0.5669706463813782,0.23430681228637695,0.8790145516395569
0,carabao,0.7607630491256714,0.29286572337150574,0.47691071033477783,0.2798275351524353,0.8789783120155334
0,carabao,0.7169654965400696,0.5393173694610596,0.531969428062439,0.2516326904296875,0.8527955412864685
0,carabao,0.7430649995803833,0.7429299354553223,0.49494609236717224,0.23873786628246307,0.8482126593589783
0,carabao,0.25665292143821716,0.5084063410758972,0.5133058428764343,0.2565072476863861,0.8447027802467346
0,carabao,0.2827269434928894,0.2363729476928711,0.5608090162277222,0.23229169845581055,0.8298251628875732
0,carabao,0.35653311014175415,0.4025559425354004,0.49663272500038147,0.3002605438232422,0.8256678581237793
