class,class_name,centroid_x,centroid_y,box_width,box_height,confidence
2,indian,0.5151546597480774,0.5166175365447998,0.19446086883544922,0.2913355529308319,0.8654161095619202
2,indian,0.6169654726982117,0.36030158400535583,0.20849013328552246,0.24358277022838593,0.8294569253921509
2,indian,0.3640422821044922,0.6331325769424438,0.19451609253883362,0.22724638879299164,0.8219083547592163
2,indian,0.7433228492736816,0.5199010372161865,0.1701783686876297,0.22885246574878693,0.8144682049751282
2,indian,0.4394505023956299,0.3864939510822296,0.17113611102104187,0.254955917596817,0.7986721992492676
2,indian,0.6407141089439392,0.6492356657981873,0.20810842514038086,0.2587824761867523,0.7856908440589905
2,indian,0.49510613083839417,0.6450657248497009,0.1358388364315033,0.18484926223754883,0.23968705534934998
