class,class_name,centroid_x,centroid_y,box_width,box_height,confidence
0,carabao,0.3154313266277313,0.5218348503112793,0.4013066291809082,0.22390814125537872,0.7152332067489624
2,indian,0.734399139881134,0.5268234014511108,0.3342854082584381,0.2554154098033905,0.6861036419868469
2,indian,0.7397878170013428,0.7754557132720947,0.3321341276168823,0.2587464451789856,0.6829696893692017
0,carabao,0.4252943694591522,0.6642636060714722,0.46022579073905945,0.26818355917930603,0.6548080444335938
2,indian,0.4225166440010071,0.6645196676254272,0.46370431780815125,0.2699316442012787,0.5352662801742554
0,carabao,0.7346208691596985,0.5264342427253723,0.3342454135417938,0.25434502959251404,0.4627714455127716
