class,class_name,centroid_x,centroid_y,box_width,box_height,confidence
0,carabao,0.2633476257324219,0.3628101944923401,0.5163410305976868,0.2833678722381592,0.8229812383651733
0,carabao,0.5648704767227173,0.20185546576976776,0.5381019711494446,0.3903186321258545,0.8185730576515198
0,carabao,0.4230410158634186,0.5817227363586426,0.5773298740386963,0.2760329246520996,0.8088274002075195
0,carabao,0.3655279874801636,0.8347001075744629,0.591238796710968,0.30221158266067505,0.7630820274353027
