class,class_name,centroid_x,centroid_y,box_width,box_height,confidence
0,carabao,0.6502660512924194,0.2889704406261444,0.42035967111587524,0.43161794543266296,0.8671260476112366
0,carabao,0.3902048170566559,0.5348937511444092,0.33185142278671265,0.2807849645614624,0.8372674584388733
0,carabao,0.6895653009414673,0.5702956318855286,0.3844118118286133,0.2995974123477936,0.8140668272972107
0,carabao,0.5468136668205261,0.7559220790863037,0.3046749532222748,0.2870621979236603,0.800636351108551
0,carabao,0.4100877642631531,0.21236418187618256,0.3136049509048462,0.27249395847320557,0.7905271053314209
0,carabao,0.8901702761650085,0.5428116321563721,0.2128598690032959,0.24659866094589233,0.7859910130500793
0,carabao,0.8161066174507141,0.3481200635433197,0.21816186606884003,0.21628190577030182,0.7181028127670288
