class,class_name,centroid_x,centroid_y,box_width,box_height,confidence
0,carabao,0.5010730624198914,0.564501166343689,0.3526482880115509,0.3616313338279724,0.8576987981796265
0,carabao,0.6264306902885437,0.27085673809051514,0.3169916868209839,0.3317749500274658,0.8546099662780762
0,carabao,0.29661989212036133,0.45850294828414917,0.33516785502433777,0.3247891068458557,0.8528059720993042
0,carabao,0.37248554825782776,0.7847467660903931,0.3188234865665436,0.36419445276260376,0.8289903402328491
0,carabao,0.6591916680335999,0.7994846105575562,0.3159627616405487,0.28293389081954956,0.8289257884025574
