class,class_name,centroid_x,centroid_y,box_width,box_height,confidence
0,carabao,0.7482743859291077,0.6514115333557129,0.4890681207180023,0.5053051710128784,0.8555166125297546
0,carabao,0.2906752824783325,0.4026447534561157,0.581350564956665,0.5709348917007446,0.8546420335769653
0,carabao,0.5138776898384094,0.5702430605888367,0.4982016682624817,0.5085464715957642,0.8119981288909912
