class,class_name,centroid_x,centroid_y,box_width,box_height,confidence
0,carabao,0.5177053213119507,0.49416178464889526,0.8517600893974304,0.5102382898330688,0.8670667409896851
