class,class_name,centroid_x,centroid_y,box_width,box_height,confidence
0,carabao,0.45691704750061035,0.43872973322868347,0.1808420866727829,0.45855340361595154,0.8211085200309753
0,carabao,0.3348451256752014,0.4262654483318329,0.14926853775978088,0.4554677903652191,0.7779673933982849
