class,class_name,centroid_x,centroid_y,box_width,box_height,confidence
0,carabao,0.345506876707077,0.7085850238800049,0.41194432973861694,0.4329148828983307,0.8564003109931946
0,carabao,0.30509644746780396,0.4321937561035156,0.37046754360198975,0.2737447917461395,0.8467392921447754
0,carabao,0.6072813272476196,0.4658772647380829,0.3327867090702057,0.26171189546585083,0.8422294855117798
0,carabao,0.4537197947502136,0.24765291810035706,0.296331524848938,0.2801996171474457,0.8281564116477966
0,carabao,0.5825183391571045,0.785620391368866,0.2991923391819,0.26435407996177673,0.8195255398750305
0,carabao,0.10829143226146698,0.4630514681339264,0.20981884002685547,0.2245972901582718,0.7035876512527466
0,carabao,0.19464901089668274,0.6454433798789978,0.21467967331409454,0.21758435666561127,0.6894087791442871
0,carabao,0.7005756497383118,0.9586780667304993,0.33630165457725525,0.08264388889074326,0.2130289524793625
