class,class_name,centroid_x,centroid_y,box_width,box_height,confidence
0,carabao,0.4357706904411316,0.44838520884513855,0.22019906342029572,0.4496488571166992,0.8184601068496704
0,carabao,0.602127730846405,0.5405846238136292,0.2391238659620285,0.405925452709198,0.7995737195014954
0,carabao,0.5244303345680237,0.17284904420375824,0.3028830289840698,0.3456980884075165,0.7792829871177673
