class,class_name,centroid_x,centroid_y,box_width,box_height,confidence
2,indian,0.554855465888977,0.41822880506515503,0.25281062722206116,0.32875269651412964,0.8283870816230774
2,indian,0.38340920209884644,0.376605749130249,0.2240845412015915,0.3336230516433716,0.8066307306289673
