class,class_name,centroid_x,centroid_y,box_width,box_height,confidence
2,indian,0.807398796081543,0.21042954921722412,0.3849424719810486,0.41693559288978577,0.9084742665290833
2,indian,0.48711174726486206,0.5216671824455261,0.5841696858406067,0.8279160261154175,0.8981456160545349
2,indian,0.1255578100681305,0.376983106136322,0.251115620136261,0.753966212272644,0.819459855556488
2,indian,0.14030125737190247,0.8541262149810791,0.28008270263671875,0.2917475998401642,0.6373205184936523
2,indian,0.18008118867874146,0.18187925219535828,0.35311591625213623,0.3629041910171509,0.44957301020622253
2,indian,0.752144455909729,0.8797851204872131,0.46232277154922485,0.24042972922325134,0.3719962537288666
2,indian,0.3637875020503998,0.7856084704399109,0.3178234100341797,0.42460915446281433,0.3432217836380005
2,indian,0.4928498864173889,0.10244333744049072,0.29467305541038513,0.20488667488098145,0.33901217579841614
