class,class_name,centroid_x,centroid_y,box_width,box_height,confidence
2,indian,0.19125276803970337,0.20751406252384186,0.38250553607940674,0.40999048948287964,0.8771018385887146
2,indian,0.5118492841720581,0.5151015520095825,0.5746896266937256,0.8337686657905579,0.8657349348068237
2,indian,0.8664233088493347,0.37342411279678345,0.26715341210365295,0.7468482255935669,0.7810821533203125
2,indian,0.8229637145996094,0.2957269847393036,0.3524309992790222,0.5865904092788696,0.6257581114768982
2,indian,0.8595923185348511,0.8541378378868103,0.2808152735233307,0.28996267914772034,0.5849610567092896
2,indian,0.6267259120941162,0.7894319295883179,0.344399631023407,0.42113611102104187,0.5412656664848328
2,indian,0.506241500377655,0.10837225615978241,0.3012946546077728,0.21674451231956482,0.4109697639942169
2,indian,0.24176117777824402,0.8800973892211914,0.46294742822647095,0.2398051619529724,0.37524282932281494
2,indian,0.17017944157123566,0.5026935338973999,0.2175125628709793,0.3167574107646942,0.24523836374282837
