class,class_name,centroid_x,centroid_y,box_width,box_height,confidence
2,indian,0.5119611620903015,0.3502715528011322,0.24389031529426575,0.14278781414031982,0.7412336468696594
2,indian,0.34796032309532166,0.3910946249961853,0.2286711484193802,0.150455504655838,0.6969444751739502
2,indian,0.3479476869106293,0.1746748387813568,0.18057361245155334,0.13188020884990692,0.6770185828208923
2,indian,0.34464406967163086,0.5598024129867554,0.2650114595890045,0.12849660217761993,0.6668881177902222
2,indian,0.30750858783721924,0.7244822382926941,0.27336326241493225,0.17446570098400116,0.5818802714347839
1,flower,0.848852276802063,0.46818646788597107,0.30229535698890686,0.2695629596710205,0.4818301498889923
