class,class_name,centroid_x,centroid_y,box_width,box_height,confidence
0,carabao,0.5816377401351929,0.5472779870033264,0.5855523943901062,0.42739158868789673,0.8141018748283386
