class,class_name,centroid_x,centroid_y,box_width,box_height,confidence
0,carabao,0.36122509837150574,0.2599372863769531,0.49544769525527954,0.3503277897834778,0.8640148043632507
0,carabao,0.5628786087036133,0.5104819536209106,0.5297517776489258,0.375902384519577,0.839277982711792
