class,class_name,centroid_x,centroid_y,box_width,box_height,confidence
2,indian,0.4445119798183441,0.3064629137516022,0.3257879912853241,0.41768011450767517,0.733352541923523
2,indian,0.2768896520137787,0.4988512098789215,0.34836262464523315,0.42128986120224,0.7211233377456665
2,indian,0.30897605419158936,0.6720828413963318,0.374257892370224,0.37622153759002686,0.5993629693984985
