class,class_name,centroid_x,centroid_y,box_width,box_height,confidence
2,indian,0.6878482103347778,0.35387536883354187,0.14830422401428223,0.27115684747695923,0.7655511498451233
2,indian,0.3457702100276947,0.422803670167923,0.13410604000091553,0.2562941908836365,0.7550410628318787
2,indian,0.1371488720178604,0.6475533246994019,0.10412895679473877,0.1883092224597931,0.731497049331665
