class,class_name,centroid_x,centroid_y,box_width,box_height,confidence
1,flower,0.5932562351226807,0.3834351599216461,0.36036232113838196,0.2695154547691345,0.5088399648666382
1,flower,0.21287010610103607,0.4140464663505554,0.3616456985473633,0.2437744438648224,0.49300453066825867
1,flower,0.7807654738426208,0.701416015625,0.31564879417419434,0.22572708129882812,0.4776083528995514
1,flower,0.5375587344169617,0.7894996404647827,0.444741815328598,0.2691129148006439,0.38978007435798645
1,flower,0.3085767924785614,0.26434823870658875,0.333416223526001,0.2587917447090149,0.32252031564712524
1,flower,0.29455986618995667,0.24588537216186523,0.2897242605686188,0.2039301097393036,0.2743479013442993
