class,class_name,centroid_x,centroid_y,box_width,box_height,confidence
1,flower,0.5760133266448975,0.3879294693470001,0.07018432766199112,0.1634996384382248,0.32390767335891724
1,flower,0.5401885509490967,0.330834299325943,0.06106710433959961,0.12124808132648468,0.277293860912323
1,flower,0.5535799264907837,0.5750465393066406,0.08204269409179688,0.10698648542165756,0.263372540473938
1,flower,0.47858333587646484,0.22785601019859314,0.04852242395281792,0.07499626278877258,0.2546065151691437
1,flower,0.45260125398635864,0.18899188935756683,0.039125680923461914,0.05562444403767586,0.2314632534980774
1,flower,0.5028476715087891,0.463285893201828,0.07778682559728622,0.11664899438619614,0.22930149734020233
