class,class_name,centroid_x,centroid_y,box_width,box_height,confidence
2,indian,0.7341617345809937,0.18759682774543762,0.5293559432029724,0.37519365549087524,0.9209995865821838
2,indian,0.6286558508872986,0.602569580078125,0.5221619606018066,0.5227163434028625,0.8962993621826172
2,indian,0.17853496968746185,0.6231992244720459,0.3564489185810089,0.4207749366760254,0.8843348622322083
2,indian,0.3782915472984314,0.27125829458236694,0.47659268975257874,0.43426674604415894,0.8781396150588989
2,indian,0.41475510597229004,0.8569315075874329,0.4358292520046234,0.28613701462745667,0.8717975616455078
2,indian,0.1297977715730667,0.2215234339237213,0.2595955431461334,0.365272581577301,0.8152291774749756
2,indian,0.6535717248916626,0.9465513229370117,0.5068130493164062,0.10689745098352432,0.5506542921066284
2,indian,0.13214698433876038,0.14371205866336823,0.26429396867752075,0.20746847987174988,0.5077043175697327
