class,class_name,centroid_x,centroid_y,box_width,box_height,confidence
0,carabao,0.5189457535743713,0.3789268136024475,0.598270058631897,0.7291339635848999,0.8550170063972473
