class,class_name,centroid_x,centroid_y,box_width,box_height,confidence
0,carabao,0.5736381411552429,0.283834844827652,0.3664957582950592,0.39602649211883545,0.8537164926528931
0,carabao,0.4010399281978607,0.5116680860519409,0.28463608026504517,0.310046911239624,0.8416509628295898
0,carabao,0.7212958931922913,0.9456990957260132,0.2133551836013794,0.10860166698694229,0.4501258432865143
