class,class_name,centroid_x,centroid_y,box_width,box_height,confidence
0,carabao,0.6745834946632385,0.40472421050071716,0.4124685823917389,0.49481621384620667,0.7310093641281128
