class,class_name,centroid_x,centroid_y,box_width,box_height,confidence
0,carabao,0.71171635389328,0.4481799602508545,0.32582181692123413,0.15897724032402039,0.8383163213729858
0,carabao,0.3629898726940155,0.347115159034729,0.3831513226032257,0.1406966745853424,0.8149972558021545
0,carabao,0.5681076645851135,0.609167218208313,0.3693532645702362,0.21309375762939453,0.8105080723762512
0,carabao,0.4649176001548767,0.46999749541282654,0.2925838828086853,0.1719648838043213,0.7682754993438721
0,carabao,0.25602325797080994,0.43184056878089905,0.29826754331588745,0.1274583786725998,0.7558327913284302
