class,class_name,centroid_x,centroid_y,box_width,box_height,confidence
0,carabao,0.38639354705810547,0.43046873807907104,0.2149747908115387,0.3650969862937927,0.826919436454773
0,carabao,0.650865375995636,0.6401239037513733,0.14361786842346191,0.37642842531204224,0.8234275579452515
0,carabao,0.5485875606536865,0.28190186619758606,0.16107329726219177,0.3197799324989319,0.809222936630249
0,carabao,0.5284881591796875,0.5384939312934875,0.17245912551879883,0.2803618907928467,0.7881180644035339
0,carabao,0.5623120069503784,0.7319939732551575,0.14604640007019043,0.3014213740825653,0.7723734378814697
0,carabao,0.4382092356681824,0.5281857848167419,0.11309514194726944,0.20256291329860687,0.552338719367981
