class,class_name,centroid_x,centroid_y,box_width,box_height,confidence
0,carabao,0.3922055661678314,0.29129844903945923,0.5726750493049622,0.5759836435317993,0.88301682472229
0,carabao,0.657839834690094,0.7456585168838501,0.5174332857131958,0.48064589500427246,0.8527861833572388
0,carabao,0.5815430283546448,0.5086279511451721,0.5202701687812805,0.4843629002571106,0.8424721360206604
