class,class_name,centroid_x,centroid_y,box_width,box_height,confidence
0,carabao,0.262908399105072,0.2433609664440155,0.21636375784873962,0.1279475837945938,0.8586031794548035
0,carabao,0.09703119099140167,0.21350082755088806,0.19406238198280334,0.12070906162261963,0.8282517790794373
0,carabao,0.7103546857833862,0.6630929112434387,0.2977740168571472,0.16572117805480957,0.8164998292922974
0,carabao,0.10016258805990219,0.08108030259609222,0.15980792045593262,0.10042192786931992,0.7891664505004883
0,carabao,0.6500913500785828,0.14234285056591034,0.08298087120056152,0.11517214775085449,0.7765708565711975
0,carabao,0.30208730697631836,0.127707839012146,0.17863881587982178,0.1054707020521164,0.7605619430541992
0,carabao,0.1704312264919281,0.13816329836845398,0.1545042246580124,0.10696455091238022,0.7264300584793091
0,carabao,0.44715219736099243,0.31640785932540894,0.06492128223180771,0.060480713844299316,0.2768358588218689
