class,class_name,centroid_x,centroid_y,box_width,box_height,confidence
0,carabao,0.430732399225235,0.28228822350502014,0.36630842089653015,0.40362873673439026,0.8381338119506836
0,carabao,0.6055607795715332,0.5124913454055786,0.29319876432418823,0.31168267130851746,0.8380641341209412
