class,class_name,centroid_x,centroid_y,box_width,box_height,confidence
0,carabao,0.35332751274108887,0.4780793786048889,0.5018250346183777,0.6706927418708801,0.8415504097938538
0,carabao,0.6742342710494995,0.6018816232681274,0.45218706130981445,0.39200353622436523,0.7971776723861694
