class,class_name,centroid_x,centroid_y,box_width,box_height,confidence
0,carabao,0.382053941488266,0.23126286268234253,0.4153742790222168,0.23308975994586945,0.8515241742134094
0,carabao,0.43313127756118774,0.706005871295929,0.5732362270355225,0.3499890863895416,0.8349762558937073
0,carabao,0.3199608325958252,0.45684167742729187,0.5130450129508972,0.30547890067100525,0.8333876729011536
0,carabao,0.6446486711502075,0.3184015154838562,0.31304049491882324,0.21865493059158325,0.7705277800559998
0,carabao,0.19004151225090027,0.33266493678092957,0.20064906775951385,0.11500109732151031,0.26035138964653015
0,carabao,0.17605069279670715,0.1959104835987091,0.3521013855934143,0.3862796127796173,0.21140903234481812
