class,class_name,centroid_x,centroid_y,box_width,box_height,confidence
0,carabao,0.5179287195205688,0.5623078942298889,0.3914175033569336,0.5166500806808472,0.8971584439277649
0,carabao,0.2670864462852478,0.35984688997268677,0.3486427366733551,0.47698649764060974,0.868989884853363
