class,class_name,centroid_x,centroid_y,box_width,box_height,confidence
1,flower,0.4653272032737732,0.49460697174072266,0.11371253430843353,0.08499188721179962,0.2963876724243164
1,flower,0.5313208699226379,0.2886681854724884,0.16443504393100739,0.11557145416736603,0.2727344036102295
1,flower,0.18776068091392517,0.5454798340797424,0.04815153777599335,0.036180973052978516,0.24118824303150177
1,flower,0.20297211408615112,0.5604152679443359,0.2543696463108063,0.13503432273864746,0.23642940819263458
1,flower,0.2298070341348648,0.5729250907897949,0.025228628888726234,0.02903127670288086,0.20135745406150818
1,flower,0.4445224106311798,0.3498310446739197,0.038613975048065186,0.02779078483581543,0.19996803998947144
1,flower,0.3657318353652954,0.5309194326400757,0.08079700171947479,0.0705048069357872,0.1980239599943161
