class,class_name,centroid_x,centroid_y,box_width,box_height,confidence
0,carabao,0.4270862936973572,0.7088850736618042,0.36775726079940796,0.3915703296661377,0.8562946915626526
0,carabao,0.6033058762550354,0.48109936714172363,0.2917114198207855,0.30942440032958984,0.8363251686096191
0,carabao,0.2638659179210663,0.044602617621421814,0.22049057483673096,0.08916465938091278,0.5428286790847778
