class,class_name,centroid_x,centroid_y,box_width,box_height,confidence
1,flower,0.6645994782447815,0.7281419634819031,0.23160114884376526,0.47282636165618896,0.5798241496086121
1,flower,0.24033033847808838,0.6136428713798523,0.2973001003265381,0.5740036368370056,0.514853835105896
1,flower,0.884772777557373,0.7261160016059875,0.21821589767932892,0.3139384388923645,0.5032624006271362
1,flower,0.30017510056495667,0.3091341257095337,0.2925328314304352,0.32437676191329956,0.48723194003105164
1,flower,0.08515999466180801,0.3425813913345337,0.16924330592155457,0.40139496326446533,0.4860134720802307
1,flower,0.4844764769077301,0.61383056640625,0.21882414817810059,0.6445220708847046,0.3817061483860016
1,flower,0.7206246256828308,0.5055347681045532,0.16841121017932892,0.2967437505722046,0.26625490188598633
