class,class_name,centroid_x,centroid_y,box_width,box_height,confidence
2,indian,0.18725527822971344,0.7254528999328613,0.3745105564594269,0.5244776010513306,0.9119869470596313
2,indian,0.6306766271591187,0.6251571774482727,0.5494967103004456,0.5259693264961243,0.8926218748092651
2,indian,0.8553482890129089,0.3977867066860199,0.2893034517765045,0.41412001848220825,0.8804677724838257
2,indian,0.6295291185379028,0.17741882801055908,0.41742920875549316,0.3540627360343933,0.8711243867874146
2,indian,0.26739877462387085,0.3525989055633545,0.4448676109313965,0.4383837580680847,0.8574656844139099
2,indian,0.21313181519508362,0.124269500374794,0.3806963562965393,0.248539000749588,0.8168008327484131
2,indian,0.9510490298271179,0.7063085436820984,0.09684248268604279,0.48053011298179626,0.42813655734062195
