class,class_name,centroid_x,centroid_y,box_width,box_height,confidence
1,flower,0.49046239256858826,0.2347053438425064,0.3368668258190155,0.4602621793746948,0.27876919507980347
1,flower,0.0811367928981781,0.6374233961105347,0.15999823808670044,0.21944953501224518,0.24906693398952484
1,flower,0.26462680101394653,0.4534241855144501,0.18659257888793945,0.13461408019065857,0.22763586044311523
1,flower,0.5669565200805664,0.1464296579360962,0.1602989137172699,0.2835518419742584,0.22140198945999146
1,flower,0.4759901165962219,0.48399680852890015,0.21786360442638397,0.3028627038002014,0.20718272030353546
