class,class_name,centroid_x,centroid_y,box_width,box_height,confidence
2,indian,0.7201660871505737,0.6915265321731567,0.1601819545030594,0.23468755185604095,0.6891315579414368
2,indian,0.3518037796020508,0.48959657549858093,0.14200833439826965,0.236184760928154,0.6865589022636414
2,indian,0.5632482767105103,0.6620025634765625,0.14950323104858398,0.22231228649616241,0.6689830422401428
2,indian,0.40178418159484863,0.6598028540611267,0.16563835740089417,0.21661147475242615,0.6490468978881836
2,indian,0.17659050226211548,0.6524590849876404,0.13836562633514404,0.18470528721809387,0.5626346468925476
1,flower,0.41009122133255005,0.17087732255458832,0.15764617919921875,0.23551420867443085,0.3989512324333191
1,flower,0.47397667169570923,0.15578675270080566,0.3007675111293793,0.31157350540161133,0.2832910120487213
