class,class_name,centroid_x,centroid_y,box_width,box_height,confidence
0,carabao,0.4412957727909088,0.7130594253540039,0.7848130464553833,0.5257011651992798,0.8766570687294006
0,carabao,0.6258165836334229,0.2593594491481781,0.6134108304977417,0.48756101727485657,0.8649917840957642
0,carabao,0.23690402507781982,0.4564468562602997,0.47380805015563965,0.3874204754829407,0.7769958972930908
0,carabao,0.04334305226802826,0.3734378218650818,0.08602522313594818,0.2590007483959198,0.31080198287963867
