class,class_name,centroid_x,centroid_y,box_width,box_height,confidence
0,carabao,0.36364060640335083,0.7287394404411316,0.4833969175815582,0.3614889979362488,0.8683893084526062
0,carabao,0.5644994378089905,0.4805559813976288,0.5216973423957825,0.37714189291000366,0.8560101985931396
