class,class_name,centroid_x,centroid_y,box_width,box_height,confidence
2,indian,0.43820562958717346,0.7004525661468506,0.35301560163497925,0.41502171754837036,0.8046624660491943
2,indian,0.27685829997062683,0.5004937052726746,0.36278700828552246,0.427864134311676,0.800780713558197
2,indian,0.31878775358200073,0.34308719635009766,0.38959264755249023,0.35672155022621155,0.7976683378219604
