class,class_name,centroid_x,centroid_y,box_width,box_height,confidence
1,flower,0.18122847378253937,0.28161659836769104,0.1517411768436432,0.15414021909236908,0.4600422978401184
1,flower,0.09412701427936554,0.47011566162109375,0.18825402855873108,0.3309505879878998,0.2740599811077118
1,flower,0.6518553495407104,0.3357849717140198,0.3646940588951111,0.20145022869110107,0.23646888136863708
1,flower,0.5609719157218933,0.3448190689086914,0.5552971363067627,0.2314380258321762,0.2356267124414444
1,flower,0.420121967792511,0.33128732442855835,0.06117510795593262,0.076691173017025,0.23446467518806458
1,flower,0.4620550274848938,0.246469646692276,0.06065645068883896,0.08427292853593826,0.20786693692207336
1,flower,0.6465824842453003,0.2787182331085205,0.05874285846948624,0.0707419142127037,0.20508278906345367
1,flower,0.5044598579406738,0.7935035824775696,0.03462338447570801,0.09266240149736404,0.20085471868515015
