class,class_name,centroid_x,centroid_y,box_width,box_height,confidence
0,carabao,0.21167528629302979,0.23161910474300385,0.3397986888885498,0.2819245755672455,0.8560881018638611
0,carabao,0.5508723855018616,0.674952507019043,0.44402772188186646,0.3714386224746704,0.8529685735702515
0,carabao,0.19724991917610168,0.5934747457504272,0.39449983835220337,0.34250307083129883,0.8481240272521973
0,carabao,0.3534504175186157,0.38836851716041565,0.32124876976013184,0.2944261431694031,0.8288756608963013
0,carabao,0.6258153915405273,0.3601725399494171,0.3644449710845947,0.3057592511177063,0.8275834321975708
0,carabao,0.9334670901298523,0.8800371885299683,0.13306570053100586,0.15766239166259766,0.7513280510902405
0,carabao,0.5121042132377625,0.9282177090644836,0.17194104194641113,0.14354069530963898,0.27058345079421997
0,carabao,0.8677984476089478,0.9740133285522461,0.1374378204345703,0.05197334289550781,0.21663545072078705
