class,class_name,centroid_x,centroid_y,box_width,box_height,confidence
2,indian,0.26734256744384766,0.29381462931632996,0.11197838932275772,0.1784893423318863,0.7576562762260437
2,indian,0.24585387110710144,0.7273585796356201,0.09934482723474503,0.1562255322933197,0.7445331811904907
2,indian,0.39144167304039,0.9074432849884033,0.10355396568775177,0.14200979471206665,0.7193141579627991
2,indian,0.2617478370666504,0.4869709312915802,0.1250244677066803,0.18773522973060608,0.7130837440490723
2,indian,0.3208829462528229,0.4267868995666504,0.12149667739868164,0.20963434875011444,0.6756424903869629
