class,class_name,centroid_x,centroid_y,box_width,box_height,confidence
0,carabao,0.1631133258342743,0.5153824090957642,0.3125455379486084,0.17634697258472443,0.8041145205497742
0,carabao,0.45133382081985474,0.4308675229549408,0.3935966491699219,0.23071011900901794,0.7943979501724243
0,carabao,0.6261011362075806,0.3105539381504059,0.3952665328979492,0.20635786652565002,0.7933211326599121
