class,class_name,centroid_x,centroid_y,box_width,box_height,confidence
2,indian,0.3520161509513855,0.31510934233665466,0.44307804107666016,0.4516533613204956,0.8488621711730957
2,indian,0.5850814580917358,0.603531539440155,0.412567138671875,0.4684140980243683,0.8034025430679321
