class,class_name,centroid_x,centroid_y,box_width,box_height,confidence
0,carabao,0.4778541028499603,0.3539656698703766,0.3245248794555664,0.3247245252132416,0.8628160953521729
0,carabao,0.33583053946495056,0.8073577880859375,0.38772115111351013,0.34884896874427795,0.8618907928466797
0,carabao,0.6555721163749695,0.6053227782249451,0.35368746519088745,0.26683172583580017,0.8580554127693176
0,carabao,0.1772763580083847,0.38915392756462097,0.3393312692642212,0.2308228760957718,0.8460913896560669
0,carabao,0.3394290506839752,0.49321120977401733,0.3870905041694641,0.28287944197654724,0.8383991718292236
0,carabao,0.6474113464355469,0.810319721698761,0.301278293132782,0.24319419264793396,0.817429780960083
0,carabao,0.6465432047843933,0.35549795627593994,0.22337456047534943,0.254207044839859,0.7734165787696838
0,carabao,0.186943918466568,0.6190548539161682,0.251135915517807,0.22536404430866241,0.7627494931221008
