class,class_name,centroid_x,centroid_y,box_width,box_height,confidence
2,indian,0.2678689956665039,0.29665106534957886,0.11405551433563232,0.17632074654102325,0.8307524919509888
2,indian,0.26138049364089966,0.4900129735469818,0.12256288528442383,0.1947222203016281,0.8149142861366272
2,indian,0.3247259557247162,0.4382009208202362,0.11882078647613525,0.21404054760932922,0.8093900084495544
2,indian,0.24943199753761292,0.7264368534088135,0.09120678901672363,0.16126346588134766,0.8086337447166443
2,indian,0.3868088126182556,0.9117909073829651,0.10323119163513184,0.14591291546821594,0.8062110543251038
