class,class_name,centroid_x,centroid_y,box_width,box_height,confidence
0,carabao,0.1672848016023636,0.5094343423843384,0.3201325833797455,0.17882084846496582,0.8094006180763245
0,carabao,0.4557301104068756,0.42757219076156616,0.4030228555202484,0.2523990273475647,0.8009653091430664
0,carabao,0.6365823745727539,0.3096745014190674,0.4223039746284485,0.2030424177646637,0.7625446319580078
