class,class_name,centroid_x,centroid_y,box_width,box_height,confidence
2,indian,0.5930088758468628,0.5924758911132812,0.434359610080719,0.4391936659812927,0.5622352361679077
0,carabao,0.3502501845359802,0.3159390985965729,0.4391246736049652,0.42813822627067566,0.5594215393066406
2,indian,0.3536194860935211,0.3235914409160614,0.4357033669948578,0.4368233382701874,0.4677024483680725
