target,height,width,space_accuracy,space_precision,space_recall,space_f_score,labels,detections,time
1d3a5099-mango_1099_flower_29.png,480,640,0.6212855547541529,0.41468810979811827,0.39417487778137866,0.40417138009049774,51,12,4.6547515
4bcc33fe-mango_1422_indian_indian_22.png,459,640,0.983267771933884,0.9562245603256279,0.8553567134956892,0.9029825038527786,5,5,0.6971353
5f32dc4b-mango_103_carabao_C16.png,640,640,0.9605710140839395,0.9026755852842809,0.875504748269035,0.8888825797366434,3,3,1.2449109
7c6e7bf4-mango_1245_indian_indian_1.png,480,640,0.9151313592006709,0.8379149877465604,0.8379149877465604,0.8379149877465604,2,3,0.7669478
a13362b0-mango_544_carabao_C48.png,480,640,0.936960694882144,0.968611411941942,0.8668215190695862,0.9148939209943567,8,8,0.8696724
