class,class_name,centroid_x,centroid_y,box_width,box_height,confidence
0,carabao,0.6902694702148438,0.7281983494758606,0.29780369997024536,0.5425039529800415,0.8481647372245789
0,carabao,0.4980362355709076,0.2401183396577835,0.2357182502746582,0.480236679315567,0.8312497138977051
0,carabao,0.37408339977264404,0.644549548625946,0.2306009829044342,0.443001925945282,0.7419878840446472
0,carabao,0.24468740820884705,0.4316137731075287,0.3552386164665222,0.58921879529953,0.633715808391571
0,carabao,0.4926271438598633,0.7218272089958191,0.17880192399024963,0.38962191343307495,0.45303136110305786
