class,class_name,centroid_x,centroid_y,box_width,box_height,confidence
0,carabao,0.4536323547363281,0.5912908315658569,0.59138023853302,0.7854377627372742,0.851237952709198
