class,class_name,centroid_x,centroid_y,box_width,box_height,confidence
0,carabao,0.666836142539978,0.4315124452114105,0.3742136061191559,0.3200419247150421,0.8630780577659607
0,carabao,0.4671592116355896,0.23511821031570435,0.2806103825569153,0.2465561181306839,0.840857982635498
0,carabao,0.43727415800094604,0.5341793894767761,0.2730863392353058,0.20784339308738708,0.7946696281433105
0,carabao,0.7859109044075012,0.3227401375770569,0.30534249544143677,0.23983535170555115,0.783821165561676
0,carabao,0.547976553440094,0.6866716742515564,0.21987923979759216,0.19163361191749573,0.782027006149292
0,carabao,0.698151171207428,0.57796311378479,0.272711843252182,0.19194288551807404,0.7787806987762451
0,carabao,0.8833635449409485,0.48849937319755554,0.19993896782398224,0.17279091477394104,0.7254672646522522
0,carabao,0.3301059603691101,0.43364810943603516,0.1500564068555832,0.0877583846449852,0.2220887392759323
