class,class_name,centroid_x,centroid_y,box_width,box_height,confidence
0,carabao,0.3844708502292633,0.3388057053089142,0.6268464922904968,0.632199227809906,0.7317677736282349
0,carabao,0.6348227262496948,0.6251603960990906,0.5715484619140625,0.6197568774223328,0.7197065949440002
