class,class_name,centroid_x,centroid_y,box_width,box_height,confidence
0,carabao,0.5697853565216064,0.36394578218460083,0.29549330472946167,0.30401578545570374,0.8107707500457764
0,carabao,0.3500393331050873,0.6833020448684692,0.27954763174057007,0.26685506105422974,0.7990736365318298
0,carabao,0.7936525940895081,0.4162617325782776,0.26969316601753235,0.2817266583442688,0.7937729358673096
0,carabao,0.6754124164581299,0.17188361287117004,0.26057925820350647,0.1823936253786087,0.7900049090385437
0,carabao,0.2092067152261734,0.4744420051574707,0.2132013589143753,0.17900864779949188,0.7601935863494873
0,carabao,0.586574375629425,0.2051490992307663,0.14786860346794128,0.1186700314283371,0.7084583640098572
0,carabao,0.8151564002037048,0.21198680996894836,0.16144849359989166,0.15580639243125916,0.6743978261947632
0,carabao,0.31181657314300537,0.5104488134384155,0.1138729527592659,0.10437794029712677,0.600877583026886
0,carabao,0.26241534948349,0.6328607797622681,0.1393141895532608,0.16099843382835388,0.5840880870819092
