class,class_name,centroid_x,centroid_y,box_width,box_height,confidence
0,carabao,0.33104556798934937,0.574410617351532,0.40229135751724243,0.4962570071220398,0.667456865310669
