class,class_name,centroid_x,centroid_y,box_width,box_height,confidence
0,carabao,0.6534961462020874,0.23019054532051086,0.46345746517181396,0.21498723328113556,0.8312714695930481
0,carabao,0.479227751493454,0.38639241456985474,0.4388858675956726,0.32040151953697205,0.8213712573051453
0,carabao,0.4561876356601715,0.6546414494514465,0.38858872652053833,0.3195592761039734,0.7919274568557739
0,carabao,0.24342836439609528,0.36819174885749817,0.3216691315174103,0.2862057089805603,0.7486868500709534
0,carabao,0.7536785006523132,0.4165686070919037,0.3819461762905121,0.2278217375278473,0.7137113809585571
0,carabao,0.6030501127243042,0.8142803311347961,0.3841110169887543,0.26313281059265137,0.47035908699035645
