class,class_name,centroid_x,centroid_y,box_width,box_height,confidence
1,flower,0.37731754779815674,0.5805360674858093,0.27226710319519043,0.35872405767440796,0.515978217124939
1,flower,0.23550061881542206,0.3106415569782257,0.2154618203639984,0.326646625995636,0.5109246969223022
1,flower,0.705451488494873,0.7950752973556519,0.2546028196811676,0.3174406588077545,0.4987996518611908
1,flower,0.38909679651260376,0.2035738229751587,0.27879685163497925,0.39274758100509644,0.4708632528781891
1,flower,0.636605441570282,0.42606404423713684,0.20497742295265198,0.26844748854637146,0.4342670440673828
1,flower,0.3217910826206207,0.23888230323791504,0.4206709861755371,0.4777646064758301,0.4223589599132538
1,flower,0.7704817652702332,0.5395246744155884,0.2339271605014801,0.3707428574562073,0.3905788064002991
1,flower,0.7018070220947266,0.6243858337402344,0.397526353597641,0.6619535684585571,0.2238871157169342
