class,class_name,centroid_x,centroid_y,box_width,box_height,confidence
0,carabao,0.7608109712600708,0.7391991019248962,0.36178267002105713,0.33489418029785156,0.8817448019981384
0,carabao,0.42600807547569275,0.6191651821136475,0.3958951532840729,0.3716895282268524,0.8562058210372925
0,carabao,0.7218425869941711,0.44146761298179626,0.4898686408996582,0.27090632915496826,0.8519333600997925
0,carabao,0.3024904429912567,0.3108423054218292,0.5451189875602722,0.2623254656791687,0.8469747304916382
0,carabao,0.6579626798629761,0.1966288983821869,0.5044712424278259,0.24097326397895813,0.8292286396026611
0,carabao,0.9408490657806396,0.6079365611076355,0.11287649720907211,0.26195868849754333,0.3142719864845276
0,carabao,0.8994093537330627,0.2993294894695282,0.19629135727882385,0.2818966507911682,0.21254222095012665
