class,class_name,centroid_x,centroid_y,box_width,box_height,confidence
0,carabao,0.2812363803386688,0.5468319654464722,0.3524128794670105,0.16334839165210724,0.8121768832206726
0,carabao,0.42769357562065125,0.39058881998062134,0.36841052770614624,0.20882710814476013,0.8121697902679443
0,carabao,0.6473135352134705,0.650610089302063,0.39807942509651184,0.1437027007341385,0.8021748065948486
0,carabao,0.5355677604675293,0.5279352068901062,0.3020598590373993,0.16490688920021057,0.7932314276695251
0,carabao,0.7375593185424805,0.5613929629325867,0.3370639383792877,0.13549575209617615,0.7652010917663574
0,carabao,0.5247601866722107,0.43188467621803284,0.23318685591220856,0.09931154549121857,0.5747398734092712
