class,class_name,centroid_x,centroid_y,box_width,box_height,confidence
0,carabao,0.7633880972862244,0.2569638788700104,0.36495622992515564,0.3483427166938782,0.8740463256835938
0,carabao,0.7213237285614014,0.5606837272644043,0.499149352312088,0.2731233537197113,0.8560122847557068
0,carabao,0.4325405955314636,0.38055968284606934,0.3960181176662445,0.37563443183898926,0.8555421829223633
0,carabao,0.661346435546875,0.8070244193077087,0.522152841091156,0.24444346129894257,0.8476468324661255
0,carabao,0.3044764995574951,0.6891112327575684,0.5346789360046387,0.2622986435890198,0.8235958814620972
0,carabao,0.9162846207618713,0.3881383240222931,0.16227686405181885,0.25646504759788513,0.22817926108837128
