class,class_name,centroid_x,centroid_y,box_width,box_height,confidence
0,carabao,0.5158736705780029,0.45141059160232544,0.9682526588439941,0.7367833852767944,0.8941233158111572
