class,class_name,centroid_x,centroid_y,box_width,box_height,confidence
0,carabao,0.6566165685653687,0.7063758969306946,0.41211795806884766,0.44023916125297546,0.8637739419937134
0,carabao,0.39606016874313354,0.4649791717529297,0.32977360486984253,0.25808894634246826,0.8432237505912781
0,carabao,0.421206533908844,0.7854329347610474,0.2874365746974945,0.25916188955307007,0.8370335698127747
0,carabao,0.5516374111175537,0.23841796815395355,0.299588680267334,0.2792011797428131,0.8080674409866333
0,carabao,0.6961615681648254,0.4316611588001251,0.3730890154838562,0.2870365083217621,0.7582727074623108
0,carabao,0.8882644772529602,0.459587424993515,0.2167980670928955,0.23092421889305115,0.6949150562286377
0,carabao,0.8084878921508789,0.6493394374847412,0.20432133972644806,0.2054183930158615,0.6579453349113464
0,carabao,0.2753475606441498,0.9425478577613831,0.280085951089859,0.11490433663129807,0.5495678782463074
0,carabao,0.2914471924304962,0.9583629369735718,0.31099534034729004,0.08327408134937286,0.24218755960464478
