class,class_name,centroid_x,centroid_y,box_width,box_height,confidence
0,carabao,0.7587008476257324,0.21280500292778015,0.37009698152542114,0.3537154793739319,0.885737955570221
0,carabao,0.2165568321943283,0.5494535565376282,0.36528176069259644,0.31341859698295593,0.8408437371253967
0,carabao,0.3147870898246765,0.8485366702079773,0.3062528669834137,0.24498005211353302,0.837337851524353
0,carabao,0.4680342674255371,0.36605972051620483,0.376478374004364,0.30376553535461426,0.8335736989974976
0,carabao,0.6253730654716492,0.6804840564727783,0.3568740785121918,0.37321481108665466,0.8218296766281128
0,carabao,0.807111918926239,0.4907339811325073,0.3454186022281647,0.26653924584388733,0.8057248592376709
0,carabao,0.23024079203605652,0.31857892870903015,0.3120591640472412,0.22936949133872986,0.7553561329841614
0,carabao,0.8741531372070312,0.6699472665786743,0.13920211791992188,0.10710768401622772,0.6628048419952393
0,carabao,0.14623500406742096,0.9163047075271606,0.2775058150291443,0.16739052534103394,0.5840758085250854
