class,class_name,centroid_x,centroid_y,box_width,box_height,confidence
0,carabao,0.5808582901954651,0.6615563035011292,0.31294912099838257,0.36603689193725586,0.8580279350280762
0,carabao,0.4629379212856293,0.4392353892326355,0.21528370678424835,0.2610689401626587,0.8396919965744019
0,carabao,0.7651761770248413,0.46466881036758423,0.258700430393219,0.2732446789741516,0.8322363495826721
0,carabao,0.30795466899871826,0.5494025945663452,0.19279175996780396,0.2145545929670334,0.783494234085083
0,carabao,0.6746894717216492,0.7800766229629517,0.2504926025867462,0.3036249279975891,0.7760369181632996
0,carabao,0.4221559464931488,0.6937435865402222,0.212577685713768,0.2829604148864746,0.7738708257675171
0,carabao,0.5068321824073792,0.869559645652771,0.1792418211698532,0.2118484079837799,0.7295470237731934
