class,class_name,centroid_x,centroid_y,box_width,box_height,confidence
2,indian,0.5669769644737244,0.4297844469547272,0.22523176670074463,0.12686872482299805,0.7786622643470764
2,indian,0.5443307161331177,0.5455701947212219,0.19186186790466309,0.09586124122142792,0.6373341679573059
2,indian,0.05214318633079529,0.06271518766880035,0.10428637266159058,0.12257130444049835,0.5466957092285156
2,indian,0.5562654137611389,0.5513008236885071,0.23126722872257233,0.11684799194335938,0.3060607612133026
