class,class_name,centroid_x,centroid_y,box_width,box_height,confidence
0,carabao,0.5991606712341309,0.5188927054405212,0.668286919593811,0.5077833533287048,0.8574527502059937
0,carabao,0.21693618595600128,0.7809415459632874,0.4288322925567627,0.43811696767807007,0.783497154712677
0,carabao,0.11488816887140274,0.37462547421455383,0.22936835885047913,0.32149773836135864,0.7785352468490601
