class,class_name,centroid_x,centroid_y,box_width,box_height,confidence
0,carabao,0.5593048334121704,0.285995215177536,0.7804052233695984,0.5132778286933899,0.9103851318359375
0,carabao,0.36851629614830017,0.7438479065895081,0.6301270723342896,0.48713403940200806,0.8768120408058167
0,carabao,0.7656533718109131,0.5300499200820923,0.463298499584198,0.40544942021369934,0.7426309585571289
