class,class_name,centroid_x,centroid_y,box_width,box_height,confidence
2,indian,0.3652323782444,0.6843544244766235,0.27469298243522644,0.14029045403003693,0.7618116140365601
2,indian,0.4513505697250366,0.3413332402706146,0.33168160915374756,0.14883852005004883,0.7375905513763428
2,indian,0.7988791465759277,0.4062887132167816,0.28630197048187256,0.13553790748119354,0.6787474155426025
2,indian,0.6464496850967407,0.13585826754570007,0.21208475530147552,0.10554526001214981,0.3273822069168091
2,indian,0.6438223123550415,0.1344633847475052,0.18133187294006348,0.08548567444086075,0.28479084372520447
