class,class_name,centroid_x,centroid_y,box_width,box_height,confidence
0,carabao,0.44224080443382263,0.49666911363601685,0.4959973394870758,0.24284727871418,0.8542446494102478
