class,class_name,centroid_x,centroid_y,box_width,box_height,confidence
2,indian,0.25225672125816345,0.8986538052558899,0.41617846488952637,0.19586524367332458,0.8976482152938843
2,indian,0.31718727946281433,0.6966172456741333,0.45452064275741577,0.24736079573631287,0.8863041996955872
2,indian,0.6793178915977478,0.2056807577610016,0.39588433504104614,0.20222444832324982,0.8850525617599487
2,indian,0.8577761054039001,0.3797990381717682,0.2748544216156006,0.23386088013648987,0.8836856484413147
2,indian,0.5138577222824097,0.08072035014629364,0.3405860364437103,0.1533976048231125,0.8792676329612732
2,indian,0.23977023363113403,0.31325215101242065,0.39949217438697815,0.2601165771484375,0.8725368976593018
2,indian,0.5967599153518677,0.5876574516296387,0.3585853576660156,0.20594672858715057,0.86623215675354
2,indian,0.7779228091239929,0.446507066488266,0.314006507396698,0.17039689421653748,0.8110600709915161
2,indian,0.9288952946662903,0.5743168592453003,0.13638591766357422,0.1942555457353592,0.464093953371048
