class,class_name,centroid_x,centroid_y,box_width,box_height,confidence
0,carabao,0.5494471192359924,0.3242601454257965,0.4377408027648926,0.3582846224308014,0.8675410747528076
0,carabao,0.6304618716239929,0.6322081089019775,0.3791807293891907,0.2944137752056122,0.8526847958564758
0,carabao,0.19084787368774414,0.40890824794769287,0.3816957473754883,0.32084622979164124,0.8501524329185486
0,carabao,0.2207641303539276,0.7722485661506653,0.3465922474861145,0.29512760043144226,0.8388270139694214
0,carabao,0.35295790433883667,0.6112996339797974,0.3327486515045166,0.2872016727924347,0.7755498886108398
0,carabao,0.9312959909439087,0.12068923562765121,0.1365571916103363,0.166969433426857,0.237111434340477
2,indian,0.9315940737724304,0.12081228941679001,0.13618087768554688,0.16820809245109558,0.22111865878105164
