class,class_name,centroid_x,centroid_y,box_width,box_height,confidence
2,indian,0.5693166851997375,0.5730323791503906,0.13161544501781464,0.23244895040988922,0.7710481882095337
2,indian,0.45297807455062866,0.5533202290534973,0.10524959862232208,0.20312729477882385,0.7315483689308167
2,indian,0.934714674949646,0.0506199412047863,0.12470436096191406,0.09655529260635376,0.26381775736808777
