class,class_name,centroid_x,centroid_y,box_width,box_height,confidence
0,carabao,0.2787315249443054,0.5691007971763611,0.40297645330429077,0.3654167652130127,0.8703280091285706
0,carabao,0.5177649259567261,0.39299678802490234,0.32661858201026917,0.2879519462585449,0.8417184352874756
