class,class_name,centroid_x,centroid_y,box_width,box_height,confidence
0,carabao,0.3303133547306061,0.46898308396339417,0.5629149675369263,0.627048134803772,0.8034677505493164
