class,class_name,centroid_x,centroid_y,box_width,box_height,confidence
0,carabao,0.5324336290359497,0.5204497575759888,0.8429808616638184,0.9591005444526672,0.8341408371925354
