class,class_name,centroid_x,centroid_y,box_width,box_height,confidence
0,carabao,0.6715502738952637,0.3148496747016907,0.49450206756591797,0.4141130745410919,0.8451849222183228
0,carabao,0.36853456497192383,0.5529016852378845,0.5007360577583313,0.46564775705337524,0.8064534068107605
0,carabao,0.1745813637971878,0.8072242736816406,0.3491627275943756,0.38555142283439636,0.7710572481155396
0,carabao,0.6625655293464661,0.6456044316291809,0.26899510622024536,0.2948266565799713,0.31487372517585754
0,carabao,0.6060265302658081,0.6449717283248901,0.1897358000278473,0.28732818365097046,0.2479139268398285
