class,class_name,centroid_x,centroid_y,box_width,box_height,confidence
0,carabao,0.5485475063323975,0.4959377348423004,0.49276962876319885,0.24246104061603546,0.8490607142448425
