class,class_name,centroid_x,centroid_y,box_width,box_height,confidence
0,carabao,0.7172137498855591,0.4162972867488861,0.41395360231399536,0.37474700808525085,0.8548856377601624
0,carabao,0.48964086174964905,0.5858044028282166,0.330671489238739,0.2883163094520569,0.8488167524337769
