class,class_name,centroid_x,centroid_y,box_width,box_height,confidence
0,carabao,0.43145856261253357,0.5075597167015076,0.5411325693130493,0.38051047921180725,0.8877574801445007
0,carabao,0.6330008506774902,0.2592436969280243,0.5219314694404602,0.3555353581905365,0.8678985834121704
