class,class_name,centroid_x,centroid_y,box_width,box_height,confidence
0,carabao,0.5314253568649292,0.6062710881233215,0.26974937319755554,0.34363698959350586,0.8361626863479614
0,carabao,0.288920134305954,0.348143070936203,0.4453558623790741,0.43276888132095337,0.8267566561698914
0,carabao,0.7612888216972351,0.45354706048965454,0.3011327087879181,0.2926020622253418,0.8141653537750244
0,carabao,0.2250782549381256,0.5810688734054565,0.296779990196228,0.30619487166404724,0.7623438835144043
0,carabao,0.5724638104438782,0.30282899737358093,0.3057108521461487,0.3616030216217041,0.7570003271102905
0,carabao,0.34782397747039795,0.17304818332195282,0.222078338265419,0.19115372002124786,0.6652211546897888
0,carabao,0.539964497089386,0.10966236889362335,0.22808851301670074,0.21793599426746368,0.6597121357917786
0,carabao,0.05977077782154083,0.7498307228088379,0.1193232461810112,0.22998829185962677,0.4172690212726593
0,carabao,0.07148177176713943,0.7217548489570618,0.14296354353427887,0.2959308624267578,0.2999318540096283
