class,class_name,centroid_x,centroid_y,box_width,box_height,confidence
2,indian,0.8292205929756165,0.4650985300540924,0.2622837424278259,0.19632501900196075,0.8342174887657166
2,indian,0.531570315361023,0.4607771933078766,0.2602394223213196,0.19882719218730927,0.8337341547012329
2,indian,0.4127100110054016,0.5538111925125122,0.24555031955242157,0.1784193068742752,0.8273919224739075
2,indian,0.47801628708839417,0.30069518089294434,0.2234044075012207,0.1654891073703766,0.8186712861061096
2,indian,0.5376312732696533,0.7290124297142029,0.2071475088596344,0.16766862571239471,0.7991650104522705
2,indian,0.5619127154350281,0.05271519348025322,0.31330862641334534,0.10543038696050644,0.27839741110801697
