class,class_name,centroid_x,centroid_y,box_width,box_height,confidence
0,carabao,0.5828001499176025,0.6618320345878601,0.46301621198654175,0.3653358817100525,0.7981805205345154
