class,class_name,centroid_x,centroid_y,box_width,box_height,confidence
2,indian,0.49538421630859375,0.7996864914894104,0.16036853194236755,0.36229369044303894,0.8918235301971436
2,indian,0.5041362047195435,0.5064473748207092,0.17380981147289276,0.29245203733444214,0.8902308344841003
2,indian,0.6842895150184631,0.6397170424461365,0.2057311087846756,0.3193439543247223,0.886078953742981
2,indian,0.6673914790153503,0.45617762207984924,0.18894405663013458,0.24277684092521667,0.7861758470535278
