class,class_name,centroid_x,centroid_y,box_width,box_height,confidence
0,carabao,0.45828044414520264,0.3392387628555298,0.37598878145217896,0.3066449761390686,0.8290554881095886
0,carabao,0.6588704586029053,0.7677481174468994,0.45801761746406555,0.2174147665500641,0.8231996893882751
0,carabao,0.47670936584472656,0.6018153429031372,0.435327410697937,0.3202764391899109,0.8186632990837097
0,carabao,0.6138588786125183,0.18299178779125214,0.3933274447917938,0.25967758893966675,0.7771903276443481
0,carabao,0.2364490032196045,0.6169713735580444,0.31794989109039307,0.3039487898349762,0.7561290860176086
0,carabao,0.7479283213615417,0.5747444033622742,0.362802118062973,0.21778202056884766,0.7223065495491028
