class,class_name,centroid_x,centroid_y,box_width,box_height,confidence
0,carabao,0.4255644679069519,0.4598846733570099,0.6397779583930969,0.464710533618927,0.8758068084716797
0,carabao,0.7057868242263794,0.6010412573814392,0.348585307598114,0.3406291604042053,0.8236641883850098
0,carabao,0.5100377202033997,0.8438805341720581,0.22610092163085938,0.17207710444927216,0.7271677255630493
