class,class_name,centroid_x,centroid_y,box_width,box_height,confidence
0,carabao,0.16815242171287537,0.17956648766994476,0.33451712131500244,0.3591329753398895,0.8616272211074829
0,carabao,0.36532577872276306,0.43788260221481323,0.5011783838272095,0.4696930944919586,0.8604352474212646
0,carabao,0.6872255802154541,0.6713699102401733,0.5162197947502136,0.40074482560157776,0.8212831020355225
0,carabao,0.578220546245575,0.3606441020965576,0.19896145164966583,0.27822184562683105,0.4162033200263977
