class,class_name,centroid_x,centroid_y,box_width,box_height,confidence
2,indian,0.4776511788368225,0.4839961528778076,0.8345628976821899,0.572708785533905,0.9500692486763
2,indian,0.7186007499694824,0.17592917382717133,0.5593840479850769,0.35185834765434265,0.885296642780304
2,indian,0.7938479781150818,0.8117176294326782,0.40940478444099426,0.3662571310997009,0.8090484738349915
2,indian,0.15086419880390167,0.12807075679302216,0.30172839760780334,0.2561415135860443,0.7926127314567566
2,indian,0.19541791081428528,0.3631422817707062,0.39083582162857056,0.3139730989933014,0.5427461862564087
2,indian,0.12413863837718964,0.7506589293479919,0.24827727675437927,0.44238901138305664,0.5177299380302429
2,indian,0.40833160281181335,0.8247627019882202,0.4787449240684509,0.27333980798721313,0.45624473690986633
2,indian,0.3941202163696289,0.10912980884313583,0.2916684150695801,0.21825961768627167,0.26856356859207153
2,indian,0.5732371807098389,0.9164764285087585,0.7135462760925293,0.16659507155418396,0.2536388039588928
