class,class_name,centroid_x,centroid_y,box_width,box_height,confidence
1,flower,0.36767035722732544,0.6953814625740051,0.6091406941413879,0.44260939955711365,0.6582563519477844
1,flower,0.7658284902572632,0.3422798216342926,0.4683430790901184,0.42248421907424927,0.6070708632469177
1,flower,0.41142138838768005,0.3678103983402252,0.35370880365371704,0.2915935516357422,0.5325235724449158
1,flower,0.6886167526245117,0.23892298340797424,0.3317672312259674,0.2548493444919586,0.39544764161109924
1,flower,0.22206518054008484,0.6815232038497925,0.3149562180042267,0.2648836076259613,0.3950192332267761
1,flower,0.7759096622467041,0.39328041672706604,0.4038943946361542,0.27821245789527893,0.37612655758857727
1,flower,0.5604881644248962,0.6269858479499817,0.23641780018806458,0.17677029967308044,0.35282981395721436
