class,class_name,centroid_x,centroid_y,box_width,box_height,confidence
2,indian,0.3528510332107544,0.3579137325286865,0.2798478305339813,0.19553422927856445,0.8813273906707764
2,indian,0.6653701663017273,0.3808693587779999,0.29452383518218994,0.1990712583065033,0.8753387928009033
2,indian,0.4852387607097626,0.25687843561172485,0.23323260247707367,0.16122689843177795,0.8744345307350159
2,indian,0.3588293492794037,0.6388642191886902,0.25670284032821655,0.2060713768005371,0.8670390248298645
2,indian,0.6179627180099487,0.556723415851593,0.27395930886268616,0.1680799424648285,0.8540492057800293
2,indian,0.4881857633590698,0.48571768403053284,0.32151156663894653,0.1969483345746994,0.8421804308891296
2,indian,0.35123318433761597,0.500248908996582,0.15357133746147156,0.12024412304162979,0.6132746934890747
