class,class_name,centroid_x,centroid_y,box_width,box_height,confidence
0,carabao,0.4754345417022705,0.48536330461502075,0.93512362241745,0.9178317785263062,0.8660567998886108
0,carabao,0.2037091702222824,0.19465816020965576,0.40653082728385925,0.38761472702026367,0.8455097079277039
0,carabao,0.6549833416938782,0.14953409135341644,0.6805603504180908,0.2990681827068329,0.7483187317848206
0,carabao,0.683320164680481,0.7836288213729858,0.526001513004303,0.2431514710187912,0.6081116199493408
0,carabao,0.7249109745025635,0.9116309881210327,0.5501781105995178,0.17673806846141815,0.534008264541626
0,carabao,0.111659936606884,0.511905312538147,0.223319873213768,0.4265367388725281,0.5107572078704834
0,carabao,0.1573786437511444,0.8731616735458374,0.3124464750289917,0.2536765933036804,0.5045462846755981
0,carabao,0.8880617022514343,0.515290379524231,0.221266970038414,0.26641130447387695,0.24490924179553986
0,carabao,0.41075611114501953,0.9325953722000122,0.2949899733066559,0.13480930030345917,0.24339596927165985
