class,class_name,centroid_x,centroid_y,box_width,box_height,confidence
0,carabao,0.3409182131290436,0.1081891655921936,0.5043509602546692,0.2163783311843872,0.8839231133460999
0,carabao,0.24360117316246033,0.8000282049179077,0.3659197688102722,0.39688611030578613,0.8802654147148132
0,carabao,0.27559882402420044,0.40723174810409546,0.5037384033203125,0.40535879135131836,0.8768030405044556
0,carabao,0.569852888584137,0.673456609249115,0.41062307357788086,0.56361323595047,0.8704227805137634
0,carabao,0.7020161151885986,0.21582169830799103,0.5386103391647339,0.3921564221382141,0.860173761844635
0,carabao,0.05134035274386406,0.6455287337303162,0.10268070548772812,0.40341272950172424,0.4766814708709717
0,carabao,0.07954035699367523,0.22378186881542206,0.15908071398735046,0.4475637376308441,0.3425818979740143
0,carabao,0.055917512625455856,0.7073184847831726,0.1108098030090332,0.519299328327179,0.2773352265357971
0,carabao,0.10556197166442871,0.2909771800041199,0.21004962921142578,0.3183431625366211,0.23785310983657837
