class,class_name,centroid_x,centroid_y,box_width,box_height,confidence
0,carabao,0.40111708641052246,0.5160263180732727,0.6563798785209656,0.5063358545303345,0.8577337861061096
0,carabao,0.7808710932731628,0.7820670008659363,0.43451136350631714,0.43577930331230164,0.825253427028656
0,carabao,0.8871774673461914,0.37802231311798096,0.2256450653076172,0.3144775331020355,0.7860177755355835
