class,class_name,centroid_x,centroid_y,box_width,box_height,confidence
1,flower,0.11070068925619125,0.14460773766040802,0.2214013785123825,0.2601304352283478,0.49112698435783386
1,flower,0.314240038394928,0.5857336521148682,0.44921785593032837,0.6416493654251099,0.4770573079586029
1,flower,0.33481329679489136,0.7632173895835876,0.14146442711353302,0.20809021592140198,0.3369327485561371
1,flower,0.7167387008666992,0.690578818321228,0.4471496641635895,0.4033013582229614,0.2691916823387146
1,flower,0.2596021592617035,0.5927779078483582,0.33390673995018005,0.6033631563186646,0.2574419677257538
1,flower,0.5692256689071655,0.5683512091636658,0.41169700026512146,0.6569876074790955,0.2520870864391327
1,flower,0.7995017766952515,0.6549579501152039,0.2615452706813812,0.21332550048828125,0.24442416429519653
1,flower,0.5629974603652954,0.34511643648147583,0.07051105797290802,0.19940540194511414,0.2281278520822525
1,flower,0.4364306926727295,0.32367151975631714,0.0848851203918457,0.33164557814598083,0.2205246090888977
