class,class_name,centroid_x,centroid_y,box_width,box_height,confidence
0,carabao,0.2173914760351181,0.7795852422714233,0.4347829520702362,0.44082945585250854,0.8165264129638672
0,carabao,0.4825345277786255,0.3982582986354828,0.5440294742584229,0.659466564655304,0.7938706278800964
0,carabao,0.6211243867874146,0.8846689462661743,0.3296700716018677,0.23066210746765137,0.5704699158668518
