class,class_name,centroid_x,centroid_y,box_width,box_height,confidence
1,flower,0.4824540913105011,0.43656691908836365,0.9649081826210022,0.759595513343811,0.9727327823638916
1,flower,0.4889207184314728,0.4234395921230316,0.2101656049489975,0.15443900227546692,0.30560627579689026
