class,class_name,centroid_x,centroid_y,box_width,box_height,confidence
2,indian,0.5626175403594971,0.5867384076118469,0.2707105576992035,0.33435097336769104,0.8392475843429565
2,indian,0.3872334361076355,0.6218975186347961,0.22061023116111755,0.33873575925827026,0.8070615530014038
