class,class_name,centroid_x,centroid_y,box_width,box_height,confidence
0,carabao,0.42824023962020874,0.4507858157157898,0.8564804792404175,0.5714054703712463,0.9123421311378479
