class,class_name,centroid_x,centroid_y,box_width,box_height,confidence
2,indian,0.6456435918807983,0.32820090651512146,0.436941534280777,0.461413711309433,0.8561310172080994
2,indian,0.4113531708717346,0.5920640230178833,0.4282194972038269,0.4796465337276459,0.8386602997779846
