class,class_name,centroid_x,centroid_y,box_width,box_height,confidence
0,carabao,0.7387866973876953,0.6856989860534668,0.33145982027053833,0.31326788663864136,0.8374479413032532
0,carabao,0.5036756992340088,0.6795968413352966,0.2815893888473511,0.34100809693336487,0.8314706087112427
0,carabao,0.23289941251277924,0.6448958516120911,0.31118351221084595,0.3584846556186676,0.8047725558280945
