class,class_name,centroid_x,centroid_y,box_width,box_height,confidence
2,indian,0.34871160984039307,0.617671549320221,0.27225446701049805,0.19664469361305237,0.8999179601669312
2,indian,0.36745020747184753,0.4442700743675232,0.2698572278022766,0.16513986885547638,0.874903678894043
2,indian,0.5188679099082947,0.744067370891571,0.25178292393684387,0.16118545830249786,0.8715000748634338
2,indian,0.649240255355835,0.6448004841804504,0.275431752204895,0.1862882673740387,0.8684916496276855
2,indian,0.5136896967887878,0.5210099220275879,0.30862540006637573,0.18853187561035156,0.8624082803726196
2,indian,0.6361151337623596,0.3689603805541992,0.24455855786800385,0.1921435296535492,0.8348396420478821
2,indian,0.6387768387794495,0.5133694410324097,0.18955069780349731,0.12807884812355042,0.49559831619262695
