class,class_name,centroid_x,centroid_y,box_width,box_height,confidence
0,carabao,0.652755856513977,0.8082671761512756,0.3814941346645355,0.34142225980758667,0.8810340762138367
0,carabao,0.8324651718139648,0.3911970853805542,0.33410778641700745,0.2273605316877365,0.7945848703384399
0,carabao,0.5251404047012329,0.3507775664329529,0.33341091871261597,0.3315863311290741,0.7933157682418823
0,carabao,0.3527050018310547,0.6057630777359009,0.3752652108669281,0.2680690884590149,0.79230135679245
0,carabao,0.6612917184829712,0.5025182366371155,0.393897145986557,0.27452418208122253,0.7573671936988831
0,carabao,0.3590306043624878,0.35208624601364136,0.24452948570251465,0.25597649812698364,0.7568962574005127
0,carabao,0.3587508201599121,0.8124889731407166,0.31257277727127075,0.2315671294927597,0.7506871223449707
0,carabao,0.8186147809028625,0.6220276355743408,0.2440311461687088,0.22543957829475403,0.6980949640274048
0,carabao,0.8590699434280396,0.02617708407342434,0.25544318556785583,0.05235416814684868,0.48847100138664246
