class,class_name,centroid_x,centroid_y,box_width,box_height,confidence
2,indian,0.6448866724967957,0.3148781359195709,0.33424094319343567,0.20850896835327148,0.84950190782547
2,indian,0.8011754751205444,0.4938780665397644,0.3726056218147278,0.1726025640964508,0.8341113924980164
2,indian,0.5136064887046814,0.4980061650276184,0.3185310363769531,0.17933864891529083,0.8265382647514343
2,indian,0.4573853611946106,0.32513850927352905,0.26684391498565674,0.2005017250776291,0.7519313097000122
