class,class_name,centroid_x,centroid_y,box_width,box_height,confidence
2,indian,0.25920188426971436,0.4817954897880554,0.3657672107219696,0.27787262201309204,0.6538438200950623
2,indian,0.25195059180259705,0.2322884500026703,0.3417280912399292,0.2677571177482605,0.6032161712646484
2,indian,0.5731684565544128,0.34231358766555786,0.4694010615348816,0.28177422285079956,0.5981298685073853
0,carabao,0.6882301568984985,0.47944992780685425,0.4034126400947571,0.23549559712409973,0.4798682630062103
2,indian,0.6870631575584412,0.4788600504398346,0.4039909243583679,0.23524713516235352,0.4261308014392853
