class,class_name,centroid_x,centroid_y,box_width,box_height,confidence
2,indian,0.29360103607177734,0.2670995593070984,0.179900124669075,0.12051167339086533,0.8130664825439453
2,indian,0.4349603056907654,0.3289065957069397,0.21845300495624542,0.11720571666955948,0.7941142320632935
2,indian,0.49095618724823,0.2619122564792633,0.20249171555042267,0.11961527168750763,0.7934535145759583
2,indian,0.906810462474823,0.3916763365268707,0.15634414553642273,0.11038942635059357,0.730729877948761
2,indian,0.7209629416465759,0.24784326553344727,0.167695090174675,0.10795442014932632,0.7228124141693115
