class,class_name,centroid_x,centroid_y,box_width,box_height,confidence
2,indian,0.5865249037742615,0.5642586350440979,0.35225218534469604,0.2782784402370453,0.8267887830734253
2,indian,0.6243599057197571,0.3901979327201843,0.3499588072299957,0.22987599670886993,0.8043392300605774
