class,class_name,centroid_x,centroid_y,box_width,box_height,confidence
2,indian,0.5253060460090637,0.5343272089958191,0.24842853844165802,0.19751930236816406,0.8517464399337769
2,indian,0.4074435234069824,0.441462904214859,0.2350023090839386,0.17492619156837463,0.8509739637374878
2,indian,0.5390531420707703,0.27139800786972046,0.2063148468732834,0.16456961631774902,0.8322007656097412
2,indian,0.8355504870414734,0.533450722694397,0.2703174948692322,0.21022090315818787,0.7887614369392395
2,indian,0.48187702894210815,0.6850613355636597,0.23915080726146698,0.1942996084690094,0.7866727113723755
