class,class_name,centroid_x,centroid_y,box_width,box_height,confidence
1,flower,0.44938430190086365,0.31867676973342896,0.5704472661018372,0.22936123609542847,0.7705788016319275
1,flower,0.8259902000427246,0.2844145894050598,0.16202716529369354,0.1629880666732788,0.4211612343788147
1,flower,0.7017816305160522,0.49315783381462097,0.21524734795093536,0.3519684076309204,0.4124206602573395
1,flower,0.38784828782081604,0.33099666237831116,0.44523316621780396,0.19113017618656158,0.39505109190940857
1,flower,0.5503624677658081,0.6303082704544067,0.2733076214790344,0.4280637502670288,0.3937925696372986
1,flower,0.6002374887466431,0.5995128750801086,0.41582030057907104,0.51177978515625,0.35178476572036743
1,flower,0.9066300392150879,0.4491557776927948,0.18673992156982422,0.3968576192855835,0.24321725964546204
1,flower,0.8695119619369507,0.3834964334964752,0.10209198296070099,0.10879416018724442,0.21749427914619446
