class,class_name,centroid_x,centroid_y,box_width,box_height,confidence
2,indian,0.3497554659843445,0.38183265924453735,0.2664918899536133,0.20232972502708435,0.8974421620368958
2,indian,0.6475297212600708,0.35475295782089233,0.27618059515953064,0.19429664313793182,0.8863995671272278
2,indian,0.5235349535942078,0.2566553056240082,0.25142085552215576,0.16463106870651245,0.8768981099128723
2,indian,0.3810640871524811,0.5532094240188599,0.2882642447948456,0.17151221632957458,0.8751817941665649
2,indian,0.5129656195640564,0.4875103831291199,0.3043556809425354,0.2022453099489212,0.8486905097961426
2,indian,0.6341276168823242,0.6395477652549744,0.2438259869813919,0.19733305275440216,0.8430423140525818
2,indian,0.6457318067550659,0.5026760697364807,0.16805486381053925,0.11681604385375977,0.48325860500335693
