class,class_name,centroid_x,centroid_y,box_width,box_height,confidence
0,carabao,0.6654062271118164,0.3403065502643585,0.4862784147262573,0.6286276578903198,0.8498157858848572
0,carabao,0.3548199534416199,0.5227800011634827,0.4355772137641907,0.5917435884475708,0.8340248465538025
2,indian,0.06737016141414642,0.05749541521072388,0.13474032282829285,0.11499083042144775,0.7140393257141113
