class,class_name,centroid_x,centroid_y,box_width,box_height,confidence
0,carabao,0.5876454710960388,0.21001487970352173,0.2789097726345062,0.2802339792251587,0.7904227375984192
0,carabao,0.31291663646698,0.6404621601104736,0.27980273962020874,0.2916278541088104,0.7875608205795288
0,carabao,0.5241196751594543,0.7874391078948975,0.18264731764793396,0.20312431454658508,0.7761468887329102
0,carabao,0.6358764171600342,0.4259434640407562,0.3055644929409027,0.29810240864753723,0.7759124040603638
0,carabao,0.8297283053398132,0.3280797004699707,0.1826496571302414,0.25991854071617126,0.7586517333984375
0,carabao,0.7932140231132507,0.4071652591228485,0.11889228969812393,0.15088127553462982,0.7522501349449158
0,carabao,0.38672763109207153,0.7297912836074829,0.12340430915355682,0.1491219401359558,0.7090402841567993
0,carabao,0.7851752638816833,0.20136135816574097,0.15622282028198242,0.19777759909629822,0.676891565322876
0,carabao,0.48571643233299255,0.6902640461921692,0.10384178161621094,0.1308603435754776,0.6252896189689636
