class,class_name,centroid_x,centroid_y,box_width,box_height,confidence
0,carabao,0.24570369720458984,0.21163490414619446,0.36691951751708984,0.3550633192062378,0.8788853287696838
0,carabao,0.7826377153396606,0.552500307559967,0.36376437544822693,0.3089160621166229,0.8580361008644104
0,carabao,0.5391420722007751,0.3654751181602478,0.3795246183872223,0.3006037473678589,0.8397315740585327
0,carabao,0.6868478655815125,0.848127543926239,0.3035432696342468,0.24458177387714386,0.8365710377693176
0,carabao,0.19744476675987244,0.48760658502578735,0.3589485287666321,0.26455816626548767,0.8212838768959045
0,carabao,0.3789753317832947,0.6817902326583862,0.35961952805519104,0.36074554920196533,0.8009589910507202
0,carabao,0.7728511095046997,0.3211475610733032,0.3037784695625305,0.2276756763458252,0.7275313138961792
0,carabao,0.12795470654964447,0.6687143445014954,0.13631995022296906,0.10740320384502411,0.621356725692749
0,carabao,0.8656779527664185,0.9180071949958801,0.262429416179657,0.16398562490940094,0.6019716858863831
