class,class_name,centroid_x,centroid_y,box_width,box_height,confidence
0,carabao,0.29188963770866394,0.23905278742313385,0.27300935983657837,0.4781055748462677,0.8735769987106323
0,carabao,0.7420409321784973,0.25928476452827454,0.2281511276960373,0.4932613968849182,0.8720737099647522
0,carabao,0.5416992902755737,0.2706855237483978,0.2474956512451172,0.49924227595329285,0.8640621900558472
0,carabao,0.7298049926757812,0.7143033742904663,0.22978954017162323,0.5578294396400452,0.862128734588623
0,carabao,0.4009140133857727,0.6372007727622986,0.28879299759864807,0.49441400170326233,0.8536261320114136
0,carabao,0.23867478966712952,0.7168077826499939,0.22748203575611115,0.5444145202636719,0.8527969717979431
0,carabao,0.5131311416625977,0.7448575496673584,0.2486865073442459,0.502758264541626,0.8171176314353943
