class,class_name,centroid_x,centroid_y,box_width,box_height,confidence
0,carabao,0.6448327302932739,0.3444797396659851,0.3890836238861084,0.1428937017917633,0.799627959728241
0,carabao,0.43323495984077454,0.6078057289123535,0.37504467368125916,0.2140323668718338,0.7910671234130859
0,carabao,0.7448258996009827,0.43619784712791443,0.3116787374019623,0.1299254447221756,0.7693401575088501
0,carabao,0.29369550943374634,0.4458128809928894,0.3391590118408203,0.16639776527881622,0.7684663534164429
0,carabao,0.5340472459793091,0.46921196579933167,0.3189815878868103,0.17384430766105652,0.7572320103645325
