class,class_name,centroid_x,centroid_y,box_width,box_height,confidence
1,flower,0.33074575662612915,0.748950183391571,0.39476528763771057,0.486775666475296,0.6404508352279663
1,flower,0.25574320554733276,0.6826344132423401,0.2415388524532318,0.3522939085960388,0.5321376919746399
1,flower,0.6374300718307495,0.3834635615348816,0.5113552212715149,0.6335318088531494,0.5015603303909302
1,flower,0.37462323904037476,0.39956021308898926,0.27317413687705994,0.3645521402359009,0.4867408275604248
1,flower,0.7724089026451111,0.46469295024871826,0.24611234664916992,0.42361870408058167,0.47605931758880615
1,flower,0.39447078108787537,0.7388910055160522,0.2651439607143402,0.39033401012420654,0.4349363148212433
1,flower,0.6342629194259644,0.5536770820617676,0.2009017914533615,0.2901935875415802,0.4307093918323517
1,flower,0.6946028470993042,0.21579748392105103,0.2481151521205902,0.31076446175575256,0.381057471036911
1,flower,0.42943868041038513,0.3985309302806854,0.37128812074661255,0.4094417691230774,0.3530956506729126
