class,class_name,centroid_x,centroid_y,box_width,box_height,confidence
0,carabao,0.18743641674518585,0.6290829181671143,0.2752472460269928,0.32303255796432495,0.8661395311355591
0,carabao,0.4943332076072693,0.5568220019340515,0.305496484041214,0.38819658756256104,0.851787805557251
0,carabao,0.750964879989624,0.21297621726989746,0.3279443085193634,0.32674360275268555,0.8510449528694153
0,carabao,0.5967329144477844,0.17116089165210724,0.21571311354637146,0.2449861466884613,0.7942485213279724
0,carabao,0.7215054035186768,0.5532073974609375,0.2912929654121399,0.3497586250305176,0.6266350746154785
0,carabao,0.5209909677505493,0.41664981842041016,0.16675923764705658,0.2064296454191208,0.551910400390625
