class,class_name,centroid_x,centroid_y,box_width,box_height,confidence
0,carabao,0.4188533425331116,0.3341476023197174,0.4675152897834778,0.3784926235675812,0.7731954455375671
