class,class_name,centroid_x,centroid_y,box_width,box_height,confidence
1,flower,0.33640944957733154,0.8109369277954102,0.6720771193504333,0.3441234529018402,0.6548903584480286
1,flower,0.41192758083343506,0.2946047782897949,0.8238551616668701,0.43051472306251526,0.6414424180984497
1,flower,0.12954966723918915,0.29072749614715576,0.2590993344783783,0.24899372458457947,0.49112239480018616
1,flower,0.46478113532066345,0.7740431427955627,0.4380287230014801,0.26015692949295044,0.3810342848300934
1,flower,0.4554896950721741,0.1504998505115509,0.4019419252872467,0.17992806434631348,0.37289708852767944
1,flower,0.299452006816864,0.4457232356071472,0.22967469692230225,0.10602264106273651,0.29809045791625977
1,flower,0.05113253742456436,0.45023852586746216,0.10071662068367004,0.08013000339269638,0.275210976600647
1,flower,0.5082864165306091,0.3718247711658478,0.4346383810043335,0.20676589012145996,0.2586918771266937
