class,class_name,centroid_x,centroid_y,box_width,box_height,confidence
2,indian,0.3055809438228607,0.2779994308948517,0.2030259519815445,0.14329242706298828,0.6921367645263672
2,indian,0.34740740060806274,0.5999194979667664,0.1819642186164856,0.1285870522260666,0.6908179521560669
2,indian,0.3492753207683563,0.4423385560512543,0.18744531273841858,0.12437041103839874,0.6675371527671814
2,indian,0.5208004117012024,0.6475945711135864,0.23339232802391052,0.1168791800737381,0.6485406756401062
2,indian,0.3425305187702179,0.818982720375061,0.1329043060541153,0.10873451083898544,0.5864934921264648
1,flower,0.8511789441108704,0.4608847498893738,0.13847681879997253,0.10995769500732422,0.33580949902534485
1,flower,0.8273647427558899,0.5907570719718933,0.2355555146932602,0.15865525603294373,0.2599111497402191
