class,class_name,centroid_x,centroid_y,box_width,box_height,confidence
0,carabao,0.45552343130111694,0.5528054237365723,0.17808084189891815,0.4582584798336029,0.8770136833190918
0,carabao,0.334593802690506,0.5632029175758362,0.1363585889339447,0.4450010061264038,0.8002933859825134
