class,class_name,centroid_x,centroid_y,box_width,box_height,confidence
2,indian,0.6226182579994202,0.6049529910087585,0.5327572822570801,0.5314666628837585,0.9313774108886719
2,indian,0.7277835607528687,0.1822870671749115,0.5444329380989075,0.364574134349823,0.9214258193969727
2,indian,0.4590570330619812,0.8542798161506653,0.5151597857475281,0.29144033789634705,0.89875328540802
2,indian,0.1892876923084259,0.6250511407852173,0.37198418378829956,0.41163158416748047,0.8950243592262268
2,indian,0.12736526131629944,0.21360304951667786,0.2455870658159256,0.36177945137023926,0.8517557978630066
2,indian,0.36936211585998535,0.28133171796798706,0.46763771772384644,0.4428352415561676,0.8384247422218323
2,indian,0.1509188860654831,0.8750787973403931,0.2480020523071289,0.24903583526611328,0.6370351314544678
2,indian,0.7300459146499634,0.9398151636123657,0.539908230304718,0.12027435004711151,0.5967838168144226
2,indian,0.7200118899345398,0.9573972821235657,0.5536445379257202,0.08520536124706268,0.5077451467514038
