class,class_name,centroid_x,centroid_y,box_width,box_height,confidence
0,carabao,0.766674816608429,0.7997127771377563,0.3725206255912781,0.39919987320899963,0.8755183815956116
0,carabao,0.658065915107727,0.10825455188751221,0.5066127777099609,0.21650910377502441,0.8597789406776428
0,carabao,0.7204781770706177,0.4077591300010681,0.520115077495575,0.41262274980545044,0.8567414283752441
0,carabao,0.4206031262874603,0.6747254729270935,0.4213031828403473,0.5687277913093567,0.8470645546913147
0,carabao,0.29065147042274475,0.215416818857193,0.559052586555481,0.38557320833206177,0.8397177457809448
0,carabao,0.948792576789856,0.6460877656936646,0.10241489112377167,0.405282199382782,0.6272810101509094
0,carabao,0.9053130149841309,0.22355079650878906,0.18937397003173828,0.42674732208251953,0.4935835897922516
