class,class_name,centroid_x,centroid_y,box_width,box_height,confidence
2,indian,0.7350046038627625,0.6986574530601501,0.1233942061662674,0.18845342099666595,0.8203980922698975
2,indian,0.6766916513442993,0.5697460174560547,0.11770172417163849,0.20019996166229248,0.8169655799865723
2,indian,0.7416960000991821,0.5142152309417725,0.11655350029468536,0.18440595269203186,0.8005539774894714
2,indian,0.7528276443481445,0.27313047647476196,0.10039635002613068,0.16458767652511597,0.7490911483764648
2,indian,0.6078686714172363,0.09174840897321701,0.11251983791589737,0.15952366590499878,0.6699759364128113
