class,class_name,centroid_x,centroid_y,box_width,box_height,confidence
0,carabao,0.6403403282165527,0.6841744184494019,0.3435218632221222,0.19680042564868927,0.8262854218482971
0,carabao,0.8051717877388,0.49173814058303833,0.36080411076545715,0.15533295273780823,0.8074089884757996
0,carabao,0.5122413635253906,0.5043822526931763,0.31196361780166626,0.1628894805908203,0.7738568782806396
0,carabao,0.45335260033607483,0.6688221096992493,0.2508060932159424,0.1713167130947113,0.7101063132286072
