class,class_name,centroid_x,centroid_y,box_width,box_height,confidence
0,carabao,0.5953056216239929,0.800153911113739,0.3469632863998413,0.3996921479701996,0.857785701751709
0,carabao,0.6820995211601257,0.44957199692726135,0.36813122034072876,0.4423101544380188,0.8364768624305725
0,carabao,0.38275614380836487,0.6520983576774597,0.306596577167511,0.3090364336967468,0.8178837299346924
0,carabao,0.35583168268203735,0.3695102334022522,0.33312103152275085,0.362393319606781,0.7975506782531738
0,carabao,0.2285679429769516,0.7826141715049744,0.3019385039806366,0.33519047498703003,0.7955479621887207
0,carabao,0.8772475719451904,0.07734408974647522,0.1771414428949356,0.15437985956668854,0.5917931795120239
2,indian,0.9631344079971313,0.05470321327447891,0.07316513359546661,0.10930466651916504,0.26136448979377747
0,carabao,0.9737259745597839,0.13857866823673248,0.05254809185862541,0.1387210637331009,0.2534064054489136
