class,class_name,centroid_x,centroid_y,box_width,box_height,confidence
2,indian,0.5721675753593445,0.676423192024231,0.1970379799604416,0.12061186134815216,0.8137192130088806
2,indian,0.7024257779121399,0.7349199056625366,0.18381142616271973,0.11876316368579865,0.7778159976005554
2,indian,0.5113904476165771,0.7389547228813171,0.18502753973007202,0.12069015204906464,0.773634135723114
2,indian,0.26987317204475403,0.7540481686592102,0.18239718675613403,0.10795459896326065,0.6998111009597778
2,indian,0.09175258129835129,0.6098721623420715,0.16301755607128143,0.10896892845630646,0.6745091676712036
