class,class_name,centroid_x,centroid_y,box_width,box_height,confidence
0,carabao,0.4960750937461853,0.7545778751373291,0.23918476700782776,0.48505526781082153,0.8680509328842163
0,carabao,0.6870834827423096,0.2653423547744751,0.3015698492527008,0.5306847095489502,0.8657024502754211
0,carabao,0.3721882700920105,0.356572687625885,0.2298804223537445,0.42089980840682983,0.8271041512489319
0,carabao,0.2503150999546051,0.5672747492790222,0.3526619076728821,0.5938045382499695,0.8075432181358337
0,carabao,0.48862066864967346,0.27077561616897583,0.1606922149658203,0.39516597986221313,0.721011757850647
