class,class_name,centroid_x,centroid_y,box_width,box_height,confidence
0,carabao,0.4648300111293793,0.4795336127281189,0.8414303064346313,0.5226548314094543,0.9038158655166626
