class,class_name,centroid_x,centroid_y,box_width,box_height,confidence
0,carabao,0.6624868512153625,0.5255275368690491,0.628029465675354,0.5972943902015686,0.8569310903549194
0,carabao,0.35626158118247986,0.32373613119125366,0.6163945198059082,0.5304268598556519,0.7942615747451782
