class,class_name,centroid_x,centroid_y,box_width,box_height,confidence
0,carabao,0.6996992826461792,0.3747052848339081,0.5939294695854187,0.654628574848175,0.8435662388801575
0,carabao,0.2440500259399414,0.6427663564682007,0.4881000518798828,0.551246702671051,0.7719065546989441
0,carabao,0.4650888442993164,0.5736056566238403,0.5357473492622375,0.5319846272468567,0.734472930431366
