class,class_name,centroid_x,centroid_y,box_width,box_height,confidence
0,carabao,0.6778604984283447,0.6475768089294434,0.48842647671699524,0.6265495419502258,0.8192237615585327
0,carabao,0.3428972065448761,0.4549020826816559,0.4431525468826294,0.602613627910614,0.8119931817054749
2,indian,0.06693428009748459,0.9397088885307312,0.13386856019496918,0.12015914916992188,0.7026700973510742
0,carabao,0.3288363814353943,0.3660888671875,0.4783150851726532,0.36024561524391174,0.23663824796676636
