class,class_name,centroid_x,centroid_y,box_width,box_height,confidence
0,carabao,0.4759558439254761,0.49972814321517944,0.9477726221084595,0.9235692024230957,0.8534519076347351
0,carabao,0.6860508918762207,0.08462804555892944,0.6278982162475586,0.16861605644226074,0.531265377998352
0,carabao,0.15261498093605042,0.1394897997379303,0.30192235112190247,0.2788535952568054,0.49006596207618713
0,carabao,0.2168714851140976,0.8077034950256348,0.4337429702281952,0.38087788224220276,0.4465773105621338
0,carabao,0.6472194194793701,0.23299047350883484,0.5862992405891418,0.26049360632896423,0.43552714586257935
0,carabao,0.13266223669052124,0.4950505793094635,0.2653244733810425,0.43395310640335083,0.3708558678627014
0,carabao,0.8820134997367859,0.48386964201927185,0.23496636748313904,0.2810876667499542,0.3320590853691101
0,carabao,0.09115543216466904,0.47552791237831116,0.18231086432933807,0.42953747510910034,0.23209407925605774
