class,class_name,centroid_x,centroid_y,box_width,box_height,confidence
0,carabao,0.44552406668663025,0.7973934412002563,0.5334616899490356,0.40083542466163635,0.8358163237571716
0,carabao,0.7348816990852356,0.6403214335441589,0.5164260864257812,0.2771264910697937,0.8107722401618958
0,carabao,0.6304760575294495,0.1603221893310547,0.5760064721107483,0.2981035113334656,0.7049523591995239
0,carabao,0.5871555805206299,0.41290777921676636,0.5639362335205078,0.2765233814716339,0.5388269424438477
2,indian,0.5862163305282593,0.4142453074455261,0.5732821226119995,0.27164649963378906,0.4417457580566406
