class,class_name,centroid_x,centroid_y,box_width,box_height,confidence
0,carabao,0.46124857664108276,0.29461103677749634,0.6830558776855469,0.3918403089046478,0.7778463959693909
0,carabao,0.5745162963867188,0.6270676851272583,0.7502216100692749,0.42355918884277344,0.7564277052879333
