class,class_name,centroid_x,centroid_y,box_width,box_height,confidence
2,indian,0.35556334257125854,0.3176646828651428,0.32735735177993774,0.2128048837184906,0.8715155124664307
2,indian,0.2006247341632843,0.4973471760749817,0.37832483649253845,0.1684461534023285,0.8488019108772278
2,indian,0.4985511004924774,0.4990234375,0.3351830542087555,0.18500061333179474,0.8085856437683105
2,indian,0.5325134992599487,0.32879123091697693,0.2726147472858429,0.19481754302978516,0.7112064957618713
