class,class_name,centroid_x,centroid_y,box_width,box_height,confidence
1,flower,0.6032475829124451,0.6151646375656128,0.5724193453788757,0.36101818084716797,0.41927188634872437
1,flower,0.453690767288208,0.8466677665710449,0.5380929112434387,0.3036014437675476,0.41865140199661255
1,flower,0.28344541788101196,0.8197945356369019,0.14435602724552155,0.15973377227783203,0.38223111629486084
1,flower,0.4665091335773468,0.8901923894882202,0.5132756233215332,0.21961522102355957,0.3397020101547241
1,flower,0.3339349925518036,0.2359457015991211,0.12682561576366425,0.12888088822364807,0.32815882563591003
1,flower,0.5848825573921204,0.6494041681289673,0.1482263058423996,0.05966072157025337,0.3000268340110779
1,flower,0.33594927191734314,0.35376372933387756,0.3660188913345337,0.5794516801834106,0.2671296298503876
1,flower,0.45831120014190674,0.8917285799980164,0.07033134251832962,0.05723724514245987,0.21406850218772888
1,flower,0.3490194082260132,0.4840115010738373,0.12980738282203674,0.08950948715209961,0.20893089473247528
