class,class_name,centroid_x,centroid_y,box_width,box_height,confidence
0,carabao,0.35029536485671997,0.6141899228096008,0.39434537291526794,0.20268020033836365,0.8462377786636353
0,carabao,0.31254521012306213,0.330010324716568,0.4485611021518707,0.21629810333251953,0.8068164587020874
0,carabao,0.46122199296951294,0.43380993604660034,0.4266805648803711,0.20556668937206268,0.7924241423606873
0,carabao,0.18740098178386688,0.10825419425964355,0.37480196356773376,0.2121926248073578,0.7840595841407776
0,carabao,0.3583239018917084,0.7386627793312073,0.366426557302475,0.16584500670433044,0.7511985301971436
0,carabao,0.4503028988838196,0.21692173182964325,0.4024876654148102,0.2643849849700928,0.742888867855072
0,carabao,0.5867932438850403,0.6841467022895813,0.2798721194267273,0.23291531205177307,0.7347298264503479
0,carabao,0.26027369499206543,0.5259554982185364,0.26881933212280273,0.13609591126441956,0.5346805453300476
0,carabao,0.058492064476013184,0.8896671533584595,0.11698412895202637,0.22066578269004822,0.5311031937599182
