class,class_name,centroid_x,centroid_y,box_width,box_height,confidence
0,carabao,0.5537400841712952,0.4519508481025696,0.46802932024002075,0.1776645928621292,0.8524390459060669
0,carabao,0.569729208946228,0.3327772617340088,0.44863274693489075,0.14525918662548065,0.8103817105293274
