class,class_name,centroid_x,centroid_y,box_width,box_height,confidence
0,carabao,0.33821290731430054,0.4285772442817688,0.3749341070652008,0.3213364779949188,0.8610320091247559
0,carabao,0.21800217032432556,0.3206292390823364,0.30303096771240234,0.2473602145910263,0.8601261973381042
0,carabao,0.5341271758079529,0.23230747878551483,0.2773362100124359,0.24937652051448822,0.830124020576477
0,carabao,0.5635049939155579,0.5351713299751282,0.26528510451316833,0.2062562257051468,0.8220769762992859
0,carabao,0.30509763956069946,0.579313337802887,0.28240734338760376,0.19844475388526917,0.7747082710266113
0,carabao,0.4556364119052887,0.6838381290435791,0.2324906289577484,0.19447503983974457,0.7678940296173096
0,carabao,0.12894830107688904,0.484279602766037,0.21861067414283752,0.18838506937026978,0.7186353802680969
