class,class_name,centroid_x,centroid_y,box_width,box_height,confidence
0,carabao,0.6585726141929626,0.47246867418289185,0.5612038373947144,0.6161864399909973,0.8325504660606384
