class,class_name,centroid_x,centroid_y,box_width,box_height,confidence
0,carabao,0.7671694755554199,0.20044943690299988,0.37308788299560547,0.4007111191749573,0.8712955713272095
0,carabao,0.7183061242103577,0.586969256401062,0.5096648335456848,0.4174323081970215,0.8551084399223328
0,carabao,0.6644312739372253,0.8867921829223633,0.5146068334579468,0.22641554474830627,0.8434111475944519
0,carabao,0.42948371171951294,0.32030463218688965,0.40667924284935,0.5829165577888489,0.8308837413787842
0,carabao,0.2967832684516907,0.7786499261856079,0.5550053715705872,0.39946404099464417,0.7945374250411987
0,carabao,0.9405946731567383,0.37700319290161133,0.1187313050031662,0.34475764632225037,0.547670304775238
0,carabao,0.9019194841384888,0.7544269561767578,0.19616107642650604,0.42581233382225037,0.4357200562953949
