class,class_name,centroid_x,centroid_y,box_width,box_height,confidence
2,indian,0.47484034299850464,0.7380593419075012,0.27949029207229614,0.32941514253616333,0.7740899324417114
2,indian,0.2280152291059494,0.7441006898880005,0.2859135568141937,0.3166770935058594,0.7624496221542358
2,indian,0.3387525677680969,0.4389430284500122,0.28093332052230835,0.4594758450984955,0.6475392580032349
2,indian,0.48412638902664185,0.31592342257499695,0.2308036983013153,0.38880690932273865,0.5860442519187927
