class,class_name,centroid_x,centroid_y,box_width,box_height,confidence
2,indian,0.5792398452758789,0.39209574460983276,0.4492734968662262,0.4483887851238251,0.8906804323196411
2,indian,0.35099107027053833,0.6694014072418213,0.4508047103881836,0.49958574771881104,0.881375253200531
