class,class_name,centroid_x,centroid_y,box_width,box_height,confidence
0,carabao,0.5423229336738586,0.5251290202140808,0.8503162264823914,0.5642520785331726,0.8995676040649414
