class,class_name,centroid_x,centroid_y,box_width,box_height,confidence
0,carabao,0.7023962736129761,0.5943704843521118,0.5891599655151367,0.5903452634811401,0.9102093577384949
0,carabao,0.24037396907806396,0.34216347336769104,0.4733904302120209,0.5084141492843628,0.8661174178123474
0,carabao,0.4721865653991699,0.42062467336654663,0.4824848175048828,0.5086376070976257,0.8074007630348206
