class,class_name,centroid_x,centroid_y,box_width,box_height,confidence
1,flower,0.424348920583725,0.5231930613517761,0.09118719398975372,0.14154338836669922,0.3754120469093323
1,flower,0.4896124005317688,0.6790804266929626,0.04631767421960831,0.06753181666135788,0.34257185459136963
1,flower,0.4723355174064636,0.48168128728866577,0.04238910600543022,0.11161080747842789,0.26010143756866455
1,flower,0.5550915598869324,0.49162977933883667,0.15784664452075958,0.2015140801668167,0.2577628195285797
1,flower,0.3896031975746155,0.6257898211479187,0.0598941333591938,0.07629408687353134,0.2547284662723541
