class,class_name,centroid_x,centroid_y,box_width,box_height,confidence
0,carabao,0.39398616552352905,0.4832777976989746,0.6572850346565247,0.5004612803459167,0.8866404294967651
0,carabao,0.7891718745231628,0.22007936239242554,0.41741639375686646,0.43630340695381165,0.8153600692749023
0,carabao,0.8830388784408569,0.6292644739151001,0.23392219841480255,0.3229559659957886,0.768967866897583
