class,class_name,centroid_x,centroid_y,box_width,box_height,confidence
1,flower,0.4836042523384094,0.5784231424331665,0.9672085046768188,0.7994270324707031,0.980440616607666
1,flower,0.4910264015197754,0.5777459144592285,0.21070533990859985,0.1441003829240799,0.2540748417377472
