class,class_name,centroid_x,centroid_y,box_width,box_height,confidence
0,carabao,0.6086075901985168,0.46562352776527405,0.3261488080024719,0.2572494447231293,0.8406552076339722
0,carabao,0.5817022323608398,0.7861358523368835,0.2884065508842468,0.2603416442871094,0.8256238102912903
0,carabao,0.34451255202293396,0.7120111584663391,0.41935548186302185,0.4350467622280121,0.8120715618133545
0,carabao,0.4541054666042328,0.23674800992012024,0.2963421940803528,0.2773957848548889,0.8100154995918274
0,carabao,0.3098161518573761,0.43397971987724304,0.38089948892593384,0.28315430879592896,0.7825706601142883
0,carabao,0.11073733866214752,0.45944175124168396,0.21303078532218933,0.23190943896770477,0.7348840236663818
0,carabao,0.19000068306922913,0.6480475068092346,0.2162965089082718,0.21338704228401184,0.7291234731674194
0,carabao,0.7482133507728577,0.9584906697273254,0.23554125428199768,0.08301862329244614,0.5490161180496216
