class,class_name,centroid_x,centroid_y,box_width,box_height,confidence
0,carabao,0.23527950048446655,0.2576894462108612,0.3621778190135956,0.34487801790237427,0.888451337814331
0,carabao,0.5643559694290161,0.3790649175643921,0.3869660496711731,0.3746885359287262,0.8807483911514282
0,carabao,0.337473064661026,0.8071896433830261,0.5108696222305298,0.24188342690467834,0.8691405057907104
0,carabao,0.27669674158096313,0.5605751276016235,0.49924734234809875,0.27367570996284485,0.8564038872718811
0,carabao,0.7008926868438721,0.6905381679534912,0.5196221470832825,0.2638055980205536,0.8522178530693054
