class,class_name,centroid_x,centroid_y,box_width,box_height,confidence
0,carabao,0.39497002959251404,0.47927406430244446,0.7899400591850281,0.6127723455429077,0.8590982556343079
