class,class_name,centroid_x,centroid_y,box_width,box_height,confidence
1,flower,0.49541160464286804,0.5661907196044922,0.9895154237747192,0.7689083218574524,0.9728665351867676
1,flower,0.5103327035903931,0.579339861869812,0.19532164931297302,0.14208659529685974,0.23976324498653412
