class,class_name,centroid_x,centroid_y,box_width,box_height,confidence
0,carabao,0.4169272482395172,0.43312868475914,0.29751643538475037,0.24740499258041382,0.8367897272109985
0,carabao,0.2283172905445099,0.5968777537345886,0.20168443024158478,0.18076680600643158,0.7553465366363525
0,carabao,0.6294869184494019,0.39434802532196045,0.13305529952049255,0.11887461692094803,0.6688747406005859
0,carabao,0.5161485075950623,0.4832181930541992,0.19690409302711487,0.17763862013816833,0.653693675994873
