class,class_name,centroid_x,centroid_y,box_width,box_height,confidence
2,indian,0.5383910536766052,0.4837431013584137,0.20362500846385956,0.23849865794181824,0.8732936978340149
2,indian,0.441016286611557,0.5899473428726196,0.18751411139965057,0.22130528092384338,0.8663181662559509
2,indian,0.5352239012718201,0.17925746738910675,0.2061108648777008,0.2525237500667572,0.8538422584533691
2,indian,0.2681442201137543,0.46098071336746216,0.16853541135787964,0.20903119444847107,0.838265061378479
2,indian,0.6970090270042419,0.5282669067382812,0.18711909651756287,0.22350367903709412,0.8158800005912781
