class,class_name,centroid_x,centroid_y,box_width,box_height,confidence
2,indian,0.5290794968605042,0.4834929406642914,0.8263224959373474,0.5688923001289368,0.9529314637184143
2,indian,0.26899296045303345,0.17913642525672913,0.5379859209060669,0.35827285051345825,0.8964928388595581
2,indian,0.2039405107498169,0.8096281290054321,0.4078810214996338,0.3707138001918793,0.8744705319404602
2,indian,0.853995144367218,0.1348482221364975,0.29200971126556396,0.269696444272995,0.7135651707649231
2,indian,0.7991009950637817,0.35983163118362427,0.4006701707839966,0.3098776340484619,0.6346981525421143
2,indian,0.5591630935668945,0.9212297201156616,0.8816736936569214,0.15754041075706482,0.21786099672317505
2,indian,0.5954241156578064,0.8233312368392944,0.47215986251831055,0.293653666973114,0.2090001255273819
