class,class_name,centroid_x,centroid_y,box_width,box_height,confidence
0,carabao,0.46900177001953125,0.3506523370742798,0.5947074890136719,0.40674278140068054,0.8463062644004822
0,carabao,0.6423972249031067,0.6661280393600464,0.6418657302856445,0.4431604743003845,0.8453259468078613
0,carabao,0.9372289776802063,0.06384602189064026,0.1250690519809723,0.12757091224193573,0.7239341139793396
0,carabao,0.5564845204353333,0.10505141317844391,0.17486056685447693,0.0981886088848114,0.5195187926292419
0,carabao,0.33150944113731384,0.9340522885322571,0.2989603877067566,0.13189545273780823,0.3387545645236969
