class,class_name,centroid_x,centroid_y,box_width,box_height,confidence
0,carabao,0.5447776913642883,0.4763542115688324,0.8488601446151733,0.519604504108429,0.9108607172966003
