class,class_name,centroid_x,centroid_y,box_width,box_height,confidence
0,carabao,0.5740180015563965,0.4595712125301361,0.6377420425415039,0.4644877016544342,0.8767639994621277
0,carabao,0.30100756883621216,0.6000475883483887,0.3592042028903961,0.3425491750240326,0.7988177537918091
0,carabao,0.4946606159210205,0.8431248068809509,0.22233381867408752,0.17126436531543732,0.7290888428688049
0,carabao,0.04123158007860184,0.17249269783496857,0.08246316015720367,0.24878153204917908,0.24309298396110535
