class,class_name,centroid_x,centroid_y,box_width,box_height,confidence
0,carabao,0.40824970602989197,0.45316651463508606,0.6136509776115417,0.4150262176990509,0.8284401297569275
