class,class_name,centroid_x,centroid_y,box_width,box_height,confidence
0,carabao,0.24208590388298035,0.19870901107788086,0.36588796973228455,0.394662469625473,0.892268717288971
0,carabao,0.336054265499115,0.8859311938285828,0.5102269053459167,0.22657069563865662,0.8657517433166504
0,carabao,0.7018798589706421,0.7803431749343872,0.5441442728042603,0.39083385467529297,0.8406191468238831
0,carabao,0.27556243538856506,0.5871832966804504,0.5095044374465942,0.420034795999527,0.8318989872932434
0,carabao,0.5667328834533691,0.3213329017162323,0.4184880256652832,0.57808518409729,0.723137617111206
0,carabao,0.05343025177717209,0.3740442395210266,0.10686050355434418,0.34781187772750854,0.5131035447120667
0,carabao,0.1118253618478775,0.7651904821395874,0.223650723695755,0.45804959535598755,0.44281792640686035
