class,class_name,centroid_x,centroid_y,box_width,box_height,confidence
0,carabao,0.4166012108325958,0.606124222278595,0.32396310567855835,0.45138055086135864,0.8515142798423767
0,carabao,0.6193326711654663,0.6980459094047546,0.2999773323535919,0.45522671937942505,0.8476864695549011
