class,class_name,centroid_x,centroid_y,box_width,box_height,confidence
0,carabao,0.5012043714523315,0.6185615062713623,0.6529361605644226,0.48944100737571716,0.8916652202606201
0,carabao,0.6032719612121582,0.32030126452445984,0.3946290910243988,0.44038861989974976,0.8012658953666687
