class,class_name,centroid_x,centroid_y,box_width,box_height,confidence
0,carabao,0.20596297085285187,0.4375876784324646,0.4008546471595764,0.5282934904098511,0.8211472034454346
0,carabao,0.36166778206825256,0.7364247441291809,0.2889630198478699,0.506256103515625,0.7908984422683716
0,carabao,0.5866982936859131,0.5766828656196594,0.2764969766139984,0.5644665956497192,0.7284293174743652
0,carabao,0.8324593305587769,0.6317063570022583,0.3149316906929016,0.5488507747650146,0.6019392013549805
