class,class_name,centroid_x,centroid_y,box_width,box_height,confidence
2,indian,0.38333776593208313,0.386681467294693,0.34224048256874084,0.2237594574689865,0.8576109409332275
2,indian,0.4261842668056488,0.5650099515914917,0.3589859902858734,0.27669352293014526,0.8229032158851624
