class,class_name,centroid_x,centroid_y,box_width,box_height,confidence
0,carabao,0.5744326710700989,0.45808619260787964,0.2330881804227829,0.25309324264526367,0.8313663005828857
0,carabao,0.49366798996925354,0.34446659684181213,0.19595704972743988,0.2206825315952301,0.7928600311279297
0,carabao,0.6134811043739319,0.6372513771057129,0.22646598517894745,0.19945278763771057,0.7881635427474976
0,carabao,0.786932110786438,0.3772614002227783,0.12046941369771957,0.09659881889820099,0.3771161437034607
