class,class_name,centroid_x,centroid_y,box_width,box_height,confidence
2,indian,0.5061639547348022,0.7455896139144897,0.3172021210193634,0.31401166319847107,0.8455162644386292
2,indian,0.3609374463558197,0.2243211716413498,0.3224830627441406,0.3028992712497711,0.8455007672309875
2,indian,0.6140992641448975,0.18953561782836914,0.3256736695766449,0.3128480911254883,0.836574375629425
