class,class_name,centroid_x,centroid_y,box_width,box_height,confidence
0,carabao,0.4498738944530487,0.4225291311740875,0.481334388256073,0.6255773305892944,0.874854564666748
0,carabao,0.5997129678726196,0.7067444920539856,0.34375447034835815,0.33762112259864807,0.7418506145477295
0,carabao,0.8374050855636597,0.503978431224823,0.18503153324127197,0.22686214745044708,0.5844128131866455
0,carabao,0.726893424987793,0.5368014574050903,0.1554178148508072,0.1846165657043457,0.2482500970363617
0,carabao,0.7277777194976807,0.5943976640701294,0.1575803905725479,0.30352726578712463,0.21206127107143402
