class,class_name,centroid_x,centroid_y,box_width,box_height,confidence
0,carabao,0.19144782423973083,0.6618399620056152,0.3500000536441803,0.3747028410434723,0.8937821984291077
0,carabao,0.5047979354858398,0.6594749093055725,0.29435068368911743,0.38512277603149414,0.857369601726532
0,carabao,0.3893727660179138,0.34202703833580017,0.27226823568344116,0.34608927369117737,0.8543739914894104
0,carabao,0.6510173678398132,0.5210403203964233,0.33530962467193604,0.3361440598964691,0.7974173426628113
0,carabao,0.18619950115680695,0.3534901738166809,0.25333499908447266,0.317005455493927,0.7873783707618713
0,carabao,0.6099240779876709,0.8167465925216675,0.2280576378107071,0.34941691160202026,0.7688999176025391
0,carabao,0.371444433927536,0.8197760581970215,0.22530989348888397,0.22913436591625214,0.6822627782821655
0,carabao,0.6440101265907288,0.3511146008968353,0.2727345824241638,0.23117265105247498,0.5884761214256287
