class,class_name,centroid_x,centroid_y,box_width,box_height,confidence
0,carabao,0.6927762031555176,0.6122738718986511,0.46909084916114807,0.2894968092441559,0.8343297243118286
0,carabao,0.6079162359237671,0.4090995788574219,0.460862934589386,0.3446759879589081,0.7821393609046936
