class,class_name,centroid_x,centroid_y,box_width,box_height,confidence
0,carabao,0.8291761875152588,0.5280669927597046,0.34164753556251526,0.299808531999588,0.8004361987113953
0,carabao,0.45503538846969604,0.6000112295150757,0.4102258086204529,0.24864177405834198,0.7528818249702454
0,carabao,0.5425713062286377,0.433127224445343,0.46946486830711365,0.268929660320282,0.6850199699401855
