class,class_name,centroid_x,centroid_y,box_width,box_height,confidence
0,carabao,0.5292066931724548,0.3327310085296631,0.6880154013633728,0.5259854197502136,0.7580451369285583
