class,class_name,centroid_x,centroid_y,box_width,box_height,confidence
1,flower,0.2106955498456955,0.45631104707717896,0.35851889848709106,0.6886812448501587,0.5782143473625183
1,flower,0.4687415063381195,0.47155243158340454,0.437277615070343,0.8382045030593872,0.5451990962028503
1,flower,0.3842034935951233,0.46436116099357605,0.6943819522857666,0.7992724776268005,0.333885133266449
1,flower,0.7898687124252319,0.5206530690193176,0.4156697392463684,0.8922979831695557,0.3286331593990326
1,flower,0.6873831152915955,0.5109647512435913,0.6252337694168091,0.8942240476608276,0.28156206011772156
1,flower,0.8311408758163452,0.29822978377342224,0.32271653413772583,0.42790675163269043,0.2702521085739136
1,flower,0.5654256343841553,0.2789347469806671,0.2530384957790375,0.45341727137565613,0.24059779942035675
1,flower,0.8695601224899292,0.5114488005638123,0.20249557495117188,0.25466790795326233,0.22292406857013702
1,flower,0.21152541041374207,0.33268067240715027,0.3509747385978699,0.4298829138278961,0.2087131291627884
