class,class_name,centroid_x,centroid_y,box_width,box_height,confidence
0,carabao,0.5428739786148071,0.5614013671875,0.5025232434272766,0.6328153610229492,0.8649123907089233
0,carabao,0.3989916741847992,0.2983480393886566,0.36775705218315125,0.35488730669021606,0.8501511216163635
0,carabao,0.15635983645915985,0.49608439207077026,0.19926992058753967,0.23592278361320496,0.5357606410980225
0,carabao,0.26177865266799927,0.42706650495529175,0.1581616997718811,0.24223804473876953,0.2694055438041687
