class,class_name,centroid_x,centroid_y,box_width,box_height,confidence
0,carabao,0.6160397529602051,0.4747903048992157,0.7552324533462524,0.6307580471038818,0.7622693777084351
