class,class_name,centroid_x,centroid_y,box_width,box_height,confidence
0,carabao,0.5722754001617432,0.37683266401290894,0.7281041145324707,0.42623206973075867,0.8370800018310547
0,carabao,0.48083144426345825,0.7083657383918762,0.6688739657402039,0.4358334541320801,0.7829405069351196
