class,class_name,centroid_x,centroid_y,box_width,box_height,confidence
0,carabao,0.654715895652771,0.19324658811092377,0.38657253980636597,0.3467605710029602,0.8620612621307373
0,carabao,0.6557628512382507,0.5036176443099976,0.3970955014228821,0.29435989260673523,0.8210662603378296
0,carabao,0.3542647659778595,0.3903276026248932,0.3799530565738678,0.26796582341194153,0.7937861084938049
0,carabao,0.3630252480506897,0.1784571260213852,0.32134753465652466,0.22090555727481842,0.791900098323822
0,carabao,0.5224815607070923,0.6540308594703674,0.32318228483200073,0.3470061123371124,0.7659517526626587
0,carabao,0.8211033940315247,0.6133139729499817,0.3554830551147461,0.24465776979923248,0.7152948379516602
0,carabao,0.8022242784500122,0.3817223310470581,0.2799440324306488,0.21273739635944366,0.700581431388855
0,carabao,0.3536784052848816,0.6378846764564514,0.2571321427822113,0.26516494154930115,0.6631306409835815
