class,class_name,centroid_x,centroid_y,box_width,box_height,confidence
0,carabao,0.5422226786613464,0.4202720522880554,0.5927359461784363,0.8166971206665039,0.8289955854415894
