class,class_name,centroid_x,centroid_y,box_width,box_height,confidence
0,carabao,0.566874623298645,0.6201906204223633,0.391865074634552,0.3603561520576477,0.8870853185653687
0,carabao,0.23599009215831757,0.7395837903022766,0.3612322509288788,0.3363611102104187,0.876251220703125
0,carabao,0.27712711691856384,0.4398028254508972,0.4961353838443756,0.2687031626701355,0.8613235354423523
0,carabao,0.6987807750701904,0.30960196256637573,0.5298528671264648,0.2556360065937042,0.8453187942504883
0,carabao,0.34231752157211304,0.19583651423454285,0.5000336766242981,0.23923663794994354,0.832816481590271
0,carabao,0.05547230318188667,0.6069945096969604,0.11094460636377335,0.25154903531074524,0.33549049496650696
