class,class_name,centroid_x,centroid_y,box_width,box_height,confidence
0,carabao,0.48664894700050354,0.6167076230049133,0.6083145141601562,0.7515360116958618,0.6796637177467346
