class,class_name,centroid_x,centroid_y,box_width,box_height,confidence
0,carabao,0.2847749590873718,0.5502766966819763,0.5454062223434448,0.7561221122741699,0.8530846834182739
0,carabao,0.7344861626625061,0.37865346670150757,0.4925641119480133,0.6088864803314209,0.7271996736526489
0,carabao,0.5286252498626709,0.756328284740448,0.40779826045036316,0.48382702469825745,0.6110584139823914
