class,class_name,centroid_x,centroid_y,box_width,box_height,confidence
2,indian,0.43455472588539124,0.34429410099983215,0.4572509825229645,0.28366294503211975,0.6132923364639282
2,indian,0.7366896867752075,0.48046761751174927,0.3622645139694214,0.2692136764526367,0.5367932319641113
0,carabao,0.31467050313949585,0.47384554147720337,0.40262821316719055,0.24310636520385742,0.519950270652771
2,indian,0.7433490753173828,0.2319507598876953,0.3416396975517273,0.26770132780075073,0.4903707802295685
0,carabao,0.7406057119369507,0.23188133537769318,0.3401719331741333,0.27110958099365234,0.48785296082496643
2,indian,0.314748615026474,0.4787284731864929,0.4022214114665985,0.23917445540428162,0.45587170124053955
