class,class_name,centroid_x,centroid_y,box_width,box_height,confidence
0,carabao,0.48439231514930725,0.5644901990890503,0.3715880215167999,0.5191319584846497,0.8762159943580627
0,carabao,0.7355709075927734,0.3591725826263428,0.348048597574234,0.47009342908859253,0.8734399080276489
