class,class_name,centroid_x,centroid_y,box_width,box_height,confidence
0,carabao,0.21544651687145233,0.21143504977226257,0.43089303374290466,0.421762615442276,0.8503088355064392
0,carabao,0.48033180832862854,0.5934268832206726,0.5258409976959229,0.6473878622055054,0.8293575048446655
0,carabao,0.6215149164199829,0.10989177227020264,0.32754555344581604,0.21978354454040527,0.7726507186889648
