class,class_name,centroid_x,centroid_y,box_width,box_height,confidence
0,carabao,0.33205386996269226,0.5269730687141418,0.5605581998825073,0.6137954592704773,0.843041181564331
