class,class_name,centroid_x,centroid_y,box_width,box_height,confidence
1,flower,0.5852418541908264,0.31838876008987427,0.560897946357727,0.2262030988931656,0.7222628593444824
1,flower,0.10597553104162216,0.46138522028923035,0.21195106208324432,0.3875180780887604,0.41906431317329407
1,flower,0.1814623773097992,0.280834823846817,0.16675785183906555,0.15950126945972443,0.36593398451805115
1,flower,0.6596435308456421,0.33051836490631104,0.37425917387008667,0.20098146796226501,0.2632198929786682
1,flower,0.44600993394851685,0.6307156682014465,0.36973220109939575,0.480542927980423,0.2589985132217407
