class,class_name,centroid_x,centroid_y,box_width,box_height,confidence
0,carabao,0.45261988043785095,0.3252216577529907,0.4407109320163727,0.35687148571014404,0.8797907829284668
0,carabao,0.8032657504081726,0.40661999583244324,0.39274996519088745,0.32109305262565613,0.8616071343421936
0,carabao,0.3727303147315979,0.6353685259819031,0.3726092278957367,0.3019033968448639,0.8318118453025818
0,carabao,0.6536681056022644,0.6095144748687744,0.33542823791503906,0.29183679819107056,0.781326949596405
0,carabao,0.7843414545059204,0.7724047899246216,0.3460659086704254,0.2932429015636444,0.7809436917304993
0,carabao,0.06628911942243576,0.12262047082185745,0.13233603537082672,0.16217711567878723,0.4094140827655792
2,indian,0.03958049416542053,0.00980338267982006,0.07745777070522308,0.017628582194447517,0.21683569252490997
