class,class_name,centroid_x,centroid_y,box_width,box_height,confidence
0,carabao,0.6421507596969604,0.7677086591720581,0.3722962439060211,0.29310256242752075,0.829524576663971
0,carabao,0.6894333362579346,0.26117902994155884,0.3144604563713074,0.3231029510498047,0.8013388514518738
0,carabao,0.6809223294258118,0.4914674460887909,0.3554409146308899,0.29309219121932983,0.7824970483779907
