class,class_name,centroid_x,centroid_y,box_width,box_height,confidence
0,carabao,0.2450408637523651,0.7812535762786865,0.3660318851470947,0.3545339107513428,0.8603112697601318
0,carabao,0.7837334871292114,0.44620978832244873,0.36209097504615784,0.3041457235813141,0.8499345779418945
0,carabao,0.37966272234916687,0.3310813307762146,0.3354887366294861,0.37697938084602356,0.847195565700531
0,carabao,0.537760853767395,0.6273446679115295,0.3739738464355469,0.29723361134529114,0.8380637168884277
0,carabao,0.19021308422088623,0.5058560967445374,0.3456595540046692,0.2742953300476074,0.8347542881965637
0,carabao,0.6879501342773438,0.1471220850944519,0.3084619641304016,0.2535306513309479,0.8087243437767029
0,carabao,0.7766473889350891,0.6600407361984253,0.2965925335884094,0.2542351186275482,0.7085123658180237
0,carabao,0.12752655148506165,0.33684447407722473,0.14464768767356873,0.13812178373336792,0.2730327248573303
0,carabao,0.8798452615737915,0.07567664980888367,0.2220630645751953,0.1459735780954361,0.22008979320526123
