class,class_name,centroid_x,centroid_y,box_width,box_height,confidence
0,carabao,0.4994778037071228,0.36295968294143677,0.6496758460998535,0.4837459623813629,0.876563549041748
0,carabao,0.5944119691848755,0.6639805436134338,0.41457509994506836,0.4506716728210449,0.8236106634140015
