class,class_name,centroid_x,centroid_y,box_width,box_height,confidence
0,carabao,0.5411535501480103,0.5776072144508362,0.2662866711616516,0.2561758756637573,0.5876348614692688
0,carabao,0.35216259956359863,0.610709011554718,0.23009558022022247,0.2482391744852066,0.5708990097045898
0,carabao,0.6547453999519348,0.4946150481700897,0.24183979630470276,0.23324865102767944,0.561059832572937
2,indian,0.35398563742637634,0.6134278774261475,0.22889776527881622,0.2452518492937088,0.41633957624435425
0,carabao,0.6194318532943726,0.7882392406463623,0.10965251922607422,0.1293332427740097,0.3180257976055145
2,indian,0.6220481991767883,0.7946401238441467,0.12999610602855682,0.14363683760166168,0.24292993545532227
