class,class_name,centroid_x,centroid_y,box_width,box_height,confidence
0,carabao,0.6064490079879761,0.4768761396408081,0.32683390378952026,0.41840821504592896,0.8423694968223572
0,carabao,0.7691090703010559,0.6478502750396729,0.2285102903842926,0.4310586154460907,0.8372183442115784
0,carabao,0.3433437943458557,0.46321216225624084,0.32050687074661255,0.3447553515434265,0.8214290738105774
0,carabao,0.18104560673236847,0.5991325378417969,0.27464669942855835,0.34735628962516785,0.7848952412605286
0,carabao,0.6218246221542358,0.23662182688713074,0.29271364212036133,0.30856189131736755,0.7427080273628235
0,carabao,0.5762060880661011,0.7636283040046692,0.23195838928222656,0.3196643888950348,0.7400222420692444
