class,class_name,centroid_x,centroid_y,box_width,box_height,confidence
0,carabao,0.4359026849269867,0.37370026111602783,0.7121810913085938,0.4162951111793518,0.8424862623214722
0,carabao,0.5308597087860107,0.7055187225341797,0.683130145072937,0.41710636019706726,0.8108707666397095
