class,class_name,centroid_x,centroid_y,box_width,box_height,confidence
0,carabao,0.6155022382736206,0.5805712938308716,0.4483060836791992,0.32656344771385193,0.8582561612129211
0,carabao,0.6964459419250488,0.3855332136154175,0.46566200256347656,0.27853909134864807,0.8571516275405884
