class,class_name,centroid_x,centroid_y,box_width,box_height,confidence
0,carabao,0.5635495185852051,0.2818232774734497,0.5724678039550781,0.34378936886787415,0.8385921120643616
0,carabao,0.677212655544281,0.538221538066864,0.5267189741134644,0.3059048652648926,0.8356385231018066
0,carabao,0.6124510169029236,0.7601822018623352,0.4247027337551117,0.2548274099826813,0.8038392066955566
0,carabao,0.35322242975234985,0.6735352873802185,0.3281296193599701,0.21962179243564606,0.7306997179985046
