class,class_name,centroid_x,centroid_y,box_width,box_height,confidence
0,carabao,0.24406032264232635,0.5044954419136047,0.4856870770454407,0.23512861132621765,0.887173056602478
0,carabao,0.7292270660400391,0.3080812096595764,0.5415458679199219,0.2918233275413513,0.8870916366577148
0,carabao,0.4298643171787262,0.7459071278572083,0.631218433380127,0.34383028745651245,0.8551283478736877
0,carabao,0.6488598585128784,0.6251825094223022,0.4455176293849945,0.23206844925880432,0.7799375057220459
0,carabao,0.7004965543746948,0.4838946461677551,0.42759591341018677,0.21841414272785187,0.6646101474761963
