class,class_name,centroid_x,centroid_y,box_width,box_height,confidence
1,flower,0.5176871418952942,0.5865433216094971,0.2357749342918396,0.12241506576538086,0.3870442509651184
1,flower,0.37678062915802,0.425040066242218,0.2101450264453888,0.23909470438957214,0.34808340668678284
1,flower,0.5627978444099426,0.3581435978412628,0.605398416519165,0.7055834531784058,0.33742666244506836
1,flower,0.6388422846794128,0.31905460357666016,0.42793452739715576,0.2594181001186371,0.33301976323127747
1,flower,0.5828249454498291,0.4491174817085266,0.11865463852882385,0.0606231689453125,0.32285261154174805
1,flower,0.5889005661010742,0.5054680109024048,0.18131054937839508,0.07055225223302841,0.2688874304294586
