class,class_name,centroid_x,centroid_y,box_width,box_height,confidence
0,carabao,0.47795528173446655,0.454429566860199,0.576016902923584,0.8316710591316223,0.8051720261573792
