class,class_name,centroid_x,centroid_y,box_width,box_height,confidence
0,carabao,0.46237844228744507,0.525149941444397,0.8392739295959473,0.572338879108429,0.8999936580657959
