class,class_name,centroid_x,centroid_y,box_width,box_height,confidence
0,carabao,0.28261706233024597,0.731796383857727,0.5554247498512268,0.22683677077293396,0.8691636919975281
0,carabao,0.7591659426689148,0.29435139894485474,0.4816681444644928,0.2843952178955078,0.8632612228393555
0,carabao,0.2814183533191681,0.2270715981721878,0.547648012638092,0.24267062544822693,0.8575089573860168
0,carabao,0.7176040410995483,0.5314478874206543,0.5237754583358765,0.24734839797019958,0.854430079460144
0,carabao,0.741680383682251,0.7442214488983154,0.49804699420928955,0.23406000435352325,0.8426834940910339
0,carabao,0.2557933032512665,0.5091133713722229,0.5038972496986389,0.2604237496852875,0.8314893245697021
0,carabao,0.35075265169143677,0.4053000509738922,0.5164232850074768,0.28900277614593506,0.816494345664978
