class,class_name,centroid_x,centroid_y,box_width,box_height,confidence
2,indian,0.5177766680717468,0.5157375335693359,0.19914646446704865,0.2929617166519165,0.8898465037345886
2,indian,0.6187620759010315,0.3544186055660248,0.2031581848859787,0.24828487634658813,0.8860782980918884
2,indian,0.6408563852310181,0.6499907970428467,0.2105996161699295,0.256136029958725,0.8826143741607666
2,indian,0.7480435371398926,0.5198076963424683,0.1751449555158615,0.228276789188385,0.8761274814605713
2,indian,0.4411061406135559,0.3802346885204315,0.16996824741363525,0.2445104867219925,0.8742258548736572
2,indian,0.3595866858959198,0.6307069063186646,0.2082768976688385,0.22026441991329193,0.837367594242096
2,indian,0.48981189727783203,0.6464062929153442,0.1306067407131195,0.1651296466588974,0.4284779727458954
