class,class_name,centroid_x,centroid_y,box_width,box_height,confidence
0,carabao,0.5408403873443604,0.20104484260082245,0.5328534245491028,0.39951419830322266,0.8394612073898315
0,carabao,0.2678230404853821,0.36062824726104736,0.5187391638755798,0.27954593300819397,0.829557478427887
0,carabao,0.42096996307373047,0.5824515223503113,0.5607181787490845,0.2748081088066101,0.716806948184967
0,carabao,0.3582139015197754,0.8369156718254089,0.5678215622901917,0.2983121871948242,0.6828568577766418
