class,class_name,centroid_x,centroid_y,box_width,box_height,confidence
0,carabao,0.5107274055480957,0.6104176640510559,0.6352030634880066,0.7557287216186523,0.6477887034416199
