class,class_name,centroid_x,centroid_y,box_width,box_height,confidence
0,carabao,0.62665194272995,0.27269527316093445,0.3127846419811249,0.3310900330543518,0.883975625038147
0,carabao,0.5017244815826416,0.5656810998916626,0.35728347301483154,0.3649304509162903,0.8757754564285278
0,carabao,0.37122642993927,0.7826018333435059,0.30917656421661377,0.37052804231643677,0.8418630361557007
0,carabao,0.6528387069702148,0.8004738092422485,0.3082938492298126,0.28168925642967224,0.8364018797874451
0,carabao,0.29735177755355835,0.46268635988235474,0.33602285385131836,0.3250407874584198,0.8344936370849609
