class,class_name,centroid_x,centroid_y,box_width,box_height,confidence
0,carabao,0.28929299116134644,0.3901277184486389,0.5785859823226929,0.6330931186676025,0.8463795185089111
0,carabao,0.7567371129989624,0.6598514318466187,0.4736085832118988,0.5053285360336304,0.8259401917457581
0,carabao,0.518577516078949,0.5820176601409912,0.5077841877937317,0.5171584486961365,0.7897417545318604
