class,class_name,centroid_x,centroid_y,box_width,box_height,confidence
0,carabao,0.6784933805465698,0.6630082726478577,0.4502745568752289,0.20926332473754883,0.8546754717826843
0,carabao,0.6523502469062805,0.3796996474266052,0.3985479474067688,0.19754858314990997,0.853869616985321
0,carabao,0.8142123222351074,0.888209342956543,0.37157541513442993,0.20869717001914978,0.8298399448394775
0,carabao,0.5403752326965332,0.7457897067070007,0.4017574191093445,0.20602531731128693,0.7942224740982056
0,carabao,0.5396748781204224,0.5628886222839355,0.4486035406589508,0.22301292419433594,0.7873644828796387
0,carabao,0.41457581520080566,0.30859023332595825,0.28040647506713867,0.22632427513599396,0.7858253121376038
0,carabao,0.654053807258606,0.25241556763648987,0.35724276304244995,0.14257439970970154,0.6746842861175537
0,carabao,0.7542291283607483,0.46787509322166443,0.2380097359418869,0.14009878039360046,0.5975064635276794
2,indian,0.9415311813354492,0.11807936429977417,0.11693763732910156,0.23615872859954834,0.46785613894462585
