class,class_name,centroid_x,centroid_y,box_width,box_height,confidence
0,carabao,0.4563950002193451,0.4464570879936218,0.1856500655412674,0.47527310252189636,0.8546860218048096
0,carabao,0.3317985534667969,0.43382707238197327,0.14072322845458984,0.4565030038356781,0.7499760389328003
