class,class_name,centroid_x,centroid_y,box_width,box_height,confidence
0,carabao,0.5149811506271362,0.18318967521190643,0.3078054189682007,0.36637935042381287,0.7552173733711243
0,carabao,0.6015472412109375,0.5445273518562317,0.2534097731113434,0.42092350125312805,0.7485834956169128
0,carabao,0.43431344628334045,0.4491751492023468,0.22008609771728516,0.46636632084846497,0.7064462900161743
