class,class_name,centroid_x,centroid_y,box_width,box_height,confidence
2,indian,0.5556005835533142,0.41803520917892456,0.2658117413520813,0.34197676181793213,0.8313829302787781
2,indian,0.3880820870399475,0.38433638215065,0.2260393649339676,0.3299230635166168,0.8248549103736877
