class,class_name,centroid_x,centroid_y,box_width,box_height,confidence
2,indian,0.4939298629760742,0.5257024765014648,0.5995464324951172,0.8104556202888489,0.9348353743553162
2,indian,0.8082086443901062,0.20671509206295013,0.38358274102211,0.40933552384376526,0.8990258574485779
2,indian,0.18335312604904175,0.2623884975910187,0.36661428213119507,0.5196573734283447,0.8803136944770813
2,indian,0.37600237131118774,0.7918650507926941,0.3496468961238861,0.4162699282169342,0.6598708629608154
2,indian,0.1455000638961792,0.853438138961792,0.28522294759750366,0.2885659635066986,0.5983660817146301
2,indian,0.7557436227798462,0.8697713613510132,0.4491042196750641,0.260457307100296,0.5308963060379028
2,indian,0.11618723720312119,0.5716906785964966,0.23237447440624237,0.3511183559894562,0.37589946389198303
2,indian,0.49760961532592773,0.1509082317352295,0.2874342203140259,0.3009810745716095,0.23035095632076263
2,indian,0.9338882565498352,0.4225960671901703,0.13222351670265198,0.42944297194480896,0.22249330580234528
