class,class_name,centroid_x,centroid_y,box_width,box_height,confidence
2,indian,0.5081591010093689,0.5259230732917786,0.606564998626709,0.8090800046920776,0.9404841661453247
2,indian,0.19736379384994507,0.20468086004257202,0.38442569971084595,0.4056709408760071,0.8950930237770081
2,indian,0.8218272924423218,0.2580145299434662,0.35373610258102417,0.5107822418212891,0.8920701146125793
2,indian,0.8671995401382446,0.854918897151947,0.2656010687351227,0.2893015742301941,0.6534545421600342
2,indian,0.25456106662750244,0.8708507418632507,0.45810866355895996,0.25829848647117615,0.4486311674118042
2,indian,0.896735668182373,0.6045543551445007,0.20642833411693573,0.30827462673187256,0.4344891309738159
2,indian,0.6458555459976196,0.8039433360099792,0.31422290205955505,0.3921133279800415,0.38602468371391296
2,indian,0.16589073836803436,0.4788333773612976,0.21592864394187927,0.3124557137489319,0.3082352578639984
