class,class_name,centroid_x,centroid_y,box_width,box_height,confidence
0,carabao,0.5372658371925354,0.3906174600124359,0.27875176072120667,0.3241419792175293,0.8387107253074646
0,carabao,0.21581831574440002,0.41469606757164,0.28465938568115234,0.2856198251247406,0.8302347660064697
0,carabao,0.7676748037338257,0.5485033988952637,0.3024422824382782,0.31307026743888855,0.807863712310791
0,carabao,0.5692883133888245,0.6982919573783875,0.2965371310710907,0.3570064604282379,0.7608031034469604
0,carabao,0.5342235565185547,0.8826483488082886,0.22972917556762695,0.22807979583740234,0.7471001744270325
0,carabao,0.2805965542793274,0.6545644998550415,0.4464200437068939,0.4227573275566101,0.7201300859451294
2,indian,0.3528800308704376,0.8091767430305481,0.21644097566604614,0.2091234177350998,0.7002145648002625
0,carabao,0.3558104932308197,0.8075128793716431,0.21611377596855164,0.21054311096668243,0.4649627208709717
