class,class_name,centroid_x,centroid_y,box_width,box_height,confidence
2,indian,0.3384147584438324,0.39283567667007446,0.23625832796096802,0.14764079451560974,0.7276196479797363
2,indian,0.30826810002326965,0.7295611500740051,0.3105846345424652,0.16695384681224823,0.7223416566848755
2,indian,0.34759095311164856,0.5642600059509277,0.2904101014137268,0.13266554474830627,0.6787310242652893
2,indian,0.5231672525405884,0.34751254320144653,0.25769487023353577,0.14078016579151154,0.6742597222328186
2,indian,0.3488084077835083,0.1791948825120926,0.1807558685541153,0.1304338425397873,0.6047982573509216
1,flower,0.8456161022186279,0.46977630257606506,0.30876782536506653,0.26123541593551636,0.599069356918335
