class,class_name,centroid_x,centroid_y,box_width,box_height,confidence
0,carabao,0.5731837153434753,0.5441344976425171,0.6139818429946899,0.41290995478630066,0.8209088444709778
