class,class_name,centroid_x,centroid_y,box_width,box_height,confidence
0,carabao,0.5657009482383728,0.5120596885681152,0.537834644317627,0.3734254539012909,0.8753394484519958
0,carabao,0.3555818200111389,0.2577645182609558,0.5174462199211121,0.34921616315841675,0.8600641489028931
