class,class_name,centroid_x,centroid_y,box_width,box_height,confidence
2,indian,0.2765065133571625,0.49290353059768677,0.3599715232849121,0.42180779576301575,0.6808117628097534
2,indian,0.447505384683609,0.31562381982803345,0.3417056202888489,0.43816837668418884,0.6562719941139221
2,indian,0.3235129714012146,0.6509827971458435,0.35657185316085815,0.3843911290168762,0.557338535785675
