class,class_name,centroid_x,centroid_y,box_width,box_height,confidence
2,indian,0.689775824546814,0.3572549521923065,0.13407191634178162,0.2504844665527344,0.8045911192893982
2,indian,0.1341286599636078,0.6428129076957703,0.09090807288885117,0.17974717915058136,0.6752217411994934
2,indian,0.344177782535553,0.427563339471817,0.1170644760131836,0.22916950285434723,0.581977367401123
