class,class_name,centroid_x,centroid_y,box_width,box_height,confidence
0,carabao,0.42136049270629883,0.5441232323646545,0.6101587414741516,0.4255772829055786,0.7662999629974365
