class,class_name,centroid_x,centroid_y,box_width,box_height,confidence
0,carabao,0.48344850540161133,0.3357996642589569,0.5678268074989319,0.6308993101119995,0.7805963158607483
0,carabao,0.6990641355514526,0.641798198223114,0.5120574235916138,0.5953155755996704,0.5873507857322693
