class,class_name,centroid_x,centroid_y,box_width,box_height,confidence
1,flower,0.2313338667154312,0.3392637372016907,0.4584678113460541,0.4327622354030609,0.7030050754547119
1,flower,0.5935654640197754,0.3646191656589508,0.352251261472702,0.27544498443603516,0.6040790677070618
1,flower,0.61933833360672,0.6988145709037781,0.6039332747459412,0.39680615067481995,0.4982745051383972
1,flower,0.7743861675262451,0.6748737096786499,0.3027949035167694,0.24178561568260193,0.42391371726989746
1,flower,0.4479385018348694,0.6303683519363403,0.2949126064777374,0.1783653199672699,0.3548845052719116
1,flower,0.5579070448875427,0.7560134530067444,0.3249340355396271,0.2537406086921692,0.28436478972435
1,flower,0.22733300924301147,0.40008267760276794,0.4124540686607361,0.28719252347946167,0.22521920502185822
