class,class_name,centroid_x,centroid_y,box_width,box_height,confidence
0,carabao,0.7147684693336487,0.26347655057907104,0.560761034488678,0.24377651512622833,0.8663119077682495
0,carabao,0.26074275374412537,0.2533521056175232,0.49270978569984436,0.23692592978477478,0.8402660489082336
0,carabao,0.7425820827484131,0.482851505279541,0.5148358941078186,0.24019412696361542,0.8344496488571167
0,carabao,0.6481759548187256,0.5977290868759155,0.4995925724506378,0.2896530032157898,0.8305431604385376
0,carabao,0.7079235911369324,0.7577150464057922,0.5560925602912903,0.24657058715820312,0.8151196241378784
0,carabao,0.2684744596481323,0.4611891806125641,0.5030406713485718,0.25387534499168396,0.8109009265899658
0,carabao,0.24560663104057312,0.6960607767105103,0.49121326208114624,0.28150978684425354,0.7698065638542175
