class,class_name,centroid_x,centroid_y,box_width,box_height,confidence
1,flower,0.5045685172080994,0.46537262201309204,0.08064937591552734,0.10747182369232178,0.36569836735725403
1,flower,0.5108879804611206,0.2798662781715393,0.04954519122838974,0.0706024169921875,0.2982819378376007
1,flower,0.5798298120498657,0.3866584002971649,0.07390165328979492,0.17583167552947998,0.27311083674430847
1,flower,0.5505268573760986,0.5766451954841614,0.08038902282714844,0.0944855660200119,0.2332482784986496
