class,class_name,centroid_x,centroid_y,box_width,box_height,confidence
0,carabao,0.6433395743370056,0.22548255324363708,0.3746604025363922,0.3044276833534241,0.8119677901268005
0,carabao,0.6811939477920532,0.4930601418018341,0.3586652874946594,0.29551294445991516,0.782772421836853
0,carabao,0.6902289390563965,0.7268326878547668,0.3325832486152649,0.3342595100402832,0.4865911602973938
