class,class_name,centroid_x,centroid_y,box_width,box_height,confidence
0,carabao,0.6426469087600708,0.5225250124931335,0.43168994784355164,0.5815757513046265,0.8506676554679871
0,carabao,0.31479358673095703,0.3411387801170349,0.480532705783844,0.632666826248169,0.8414348363876343
2,indian,0.9296181797981262,0.05756364390254021,0.1393074095249176,0.11507364362478256,0.5870389938354492
0,carabao,0.9306049346923828,0.05886673182249069,0.1380360871553421,0.115825355052948,0.4917846620082855
