class,class_name,centroid_x,centroid_y,box_width,box_height,confidence
0,carabao,0.3986682891845703,0.5106956362724304,0.2995709776878357,0.322361558675766,0.8524430394172668
0,carabao,0.5714983344078064,0.28273043036460876,0.39146262407302856,0.41123542189598083,0.8379443287849426
