class,class_name,centroid_x,centroid_y,box_width,box_height,confidence
0,carabao,0.6645590662956238,0.4192928373813629,0.37889736890792847,0.4617326855659485,0.6777429580688477
