class,class_name,centroid_x,centroid_y,box_width,box_height,confidence
0,carabao,0.25626975297927856,0.43612366914749146,0.3067501485347748,0.13218934834003448,0.8068616390228271
0,carabao,0.5597143769264221,0.609367847442627,0.3790719211101532,0.21987323462963104,0.7967550754547119
0,carabao,0.35892000794410706,0.34432530403137207,0.3865361213684082,0.1398136168718338,0.796451985836029
0,carabao,0.4668402671813965,0.47071465849876404,0.3197344243526459,0.1679154336452484,0.7815206050872803
0,carabao,0.7062059640884399,0.44578537344932556,0.34447357058525085,0.17067165672779083,0.7722179293632507
