class,class_name,centroid_x,centroid_y,box_width,box_height,confidence
0,carabao,0.6527643203735352,0.6342741250991821,0.1442071944475174,0.3738562762737274,0.8032039999961853
0,carabao,0.5479232668876648,0.2878570854663849,0.16153450310230255,0.31925085186958313,0.8008362650871277
0,carabao,0.3841930329799652,0.4278191924095154,0.22318020462989807,0.3590741753578186,0.7987799644470215
0,carabao,0.5244978070259094,0.5381757020950317,0.16725826263427734,0.27797338366508484,0.7655254006385803
0,carabao,0.562163233757019,0.7238442301750183,0.13883742690086365,0.32560402154922485,0.7553827166557312
0,carabao,0.43793416023254395,0.5206939578056335,0.10455026477575302,0.21930435299873352,0.5931633710861206
