class,class_name,centroid_x,centroid_y,box_width,box_height,confidence
0,carabao,0.8078861236572266,0.6548019051551819,0.336581289768219,0.37407636642456055,0.887190580368042
0,carabao,0.6108912825584412,0.3354734182357788,0.2684497833251953,0.3464392125606537,0.8558046221733093
0,carabao,0.49691125750541687,0.6596178412437439,0.29381757974624634,0.37606343626976013,0.8453196287155151
0,carabao,0.35103970766067505,0.5192561149597168,0.33289846777915955,0.3265693783760071,0.8384758830070496
0,carabao,0.38727813959121704,0.8174183964729309,0.22828629612922668,0.3471265733242035,0.8038681745529175
0,carabao,0.8069084882736206,0.3513798713684082,0.25996220111846924,0.30150794982910156,0.7880681753158569
0,carabao,0.6226754784584045,0.8056029081344604,0.22436781227588654,0.2526170611381531,0.7140499949455261
0,carabao,0.352090448141098,0.34577444195747375,0.27287814021110535,0.22506403923034668,0.6909303069114685
0,carabao,0.4358901083469391,0.3340279459953308,0.10948238521814346,0.14531584084033966,0.2945539057254791
