class,class_name,centroid_x,centroid_y,box_width,box_height,confidence
0,carabao,0.6615586876869202,0.7504317760467529,0.5043145418167114,0.47543248534202576,0.8529477715492249
0,carabao,0.5767164826393127,0.5101498365402222,0.5090189576148987,0.4972766935825348,0.8295497894287109
0,carabao,0.3945245146751404,0.2885034680366516,0.60221928358078,0.5770069360733032,0.7590997815132141
