class,class_name,centroid_x,centroid_y,box_width,box_height,confidence
1,flower,0.5272389650344849,0.5758585929870605,0.23909369111061096,0.41244766116142273,0.5196813344955444
1,flower,0.22174644470214844,0.5678924322128296,0.4434928894042969,0.43918654322624207,0.5001298189163208
1,flower,0.49662429094314575,0.28957629203796387,0.10451717674732208,0.21000969409942627,0.4482443630695343
1,flower,0.37371826171875,0.38086098432540894,0.19047947227954865,0.21993058919906616,0.3774000406265259
1,flower,0.901301383972168,0.19421157240867615,0.19672545790672302,0.3754502832889557,0.3490975797176361
1,flower,0.7374409437179565,0.2014435976743698,0.19210176169872284,0.3852427005767822,0.31411316990852356
1,flower,0.8929611444473267,0.5658945441246033,0.15649375319480896,0.27177444100379944,0.3005199730396271
1,flower,0.5943602919578552,0.1686030626296997,0.12430191040039062,0.32787904143333435,0.29559239745140076
