class,class_name,centroid_x,centroid_y,box_width,box_height,confidence
0,carabao,0.6740056276321411,0.6026792526245117,0.43977490067481995,0.38808727264404297,0.8471105694770813
0,carabao,0.36252108216285706,0.4939718246459961,0.516930103302002,0.6497305035591125,0.8434410095214844
