class,class_name,centroid_x,centroid_y,box_width,box_height,confidence
2,indian,0.5630486607551575,0.6527906656265259,0.3294461667537689,0.1371661126613617,0.7934556007385254
2,indian,0.6517922282218933,0.3133384585380554,0.2735825181007385,0.1430685967206955,0.7355158925056458
2,indian,0.3559550642967224,0.8647521734237671,0.20253659784793854,0.0958225280046463,0.590786337852478
2,indian,0.21237844228744507,0.6031391024589539,0.2738323211669922,0.12641772627830505,0.4291993975639343
