class,class_name,centroid_x,centroid_y,box_width,box_height,confidence
0,carabao,0.2632780969142914,0.3596290051937103,0.3535600006580353,0.4713200628757477,0.8839933276176453
0,carabao,0.5183700323104858,0.5666831731796265,0.397164911031723,0.512180507183075,0.8752129673957825
