class,class_name,centroid_x,centroid_y,box_width,box_height,confidence
0,carabao,0.42437416315078735,0.7155548334121704,0.3860715329647064,0.3967098295688629,0.8728907704353333
0,carabao,0.5983865857124329,0.4841896891593933,0.29432880878448486,0.31037798523902893,0.8426424860954285
