class,class_name,centroid_x,centroid_y,box_width,box_height,confidence
1,flower,0.509081244468689,0.5962516665458679,0.25276070833206177,0.6083731055259705,0.6231035590171814
1,flower,0.7724025845527649,0.6628711819648743,0.42387256026268005,0.5371757745742798,0.5345009565353394
1,flower,0.25127801299095154,0.5120576620101929,0.28550592064857483,0.7026917934417725,0.4918661415576935
1,flower,0.8793357014656067,0.7218952178955078,0.21283607184886932,0.3182005286216736,0.43527790904045105
1,flower,0.727092444896698,0.5038055181503296,0.16201286017894745,0.2751414477825165,0.3867800533771515
1,flower,0.2068815529346466,0.4934200644493103,0.4136485457420349,0.7595075368881226,0.36402708292007446
1,flower,0.6606027483940125,0.6980339884757996,0.2213718444108963,0.4694254994392395,0.2809463441371918
