class,class_name,centroid_x,centroid_y,box_width,box_height,confidence
1,flower,0.17892086505889893,0.5192926526069641,0.35784173011779785,0.5382221341133118,0.458918035030365
1,flower,0.7941555380821228,0.47421735525131226,0.411688894033432,0.5018337368965149,0.42567574977874756
1,flower,0.09593336284160614,0.7363269329071045,0.10755591094493866,0.38565316796302795,0.26801028847694397
1,flower,0.4939517378807068,0.22520111501216888,0.3139062821865082,0.41907766461372375,0.26413190364837646
1,flower,0.6359959840774536,0.5099843144416809,0.10888481140136719,0.2938298285007477,0.21800845861434937
