class,class_name,centroid_x,centroid_y,box_width,box_height,confidence
2,indian,0.7239713072776794,0.7024610042572021,0.16060666739940643,0.25110143423080444,0.7731591463088989
2,indian,0.3477063775062561,0.4940597414970398,0.13080839812755585,0.23630408942699432,0.7702614665031433
2,indian,0.39259159564971924,0.659639298915863,0.16190305352210999,0.21203307807445526,0.74266517162323
2,indian,0.5541093945503235,0.6623676419258118,0.13458290696144104,0.21716244518756866,0.7080195546150208
2,indian,0.18163610994815826,0.6508456468582153,0.13239724934101105,0.17449951171875,0.48837459087371826
1,flower,0.478107213973999,0.16104179620742798,0.32057875394821167,0.32208359241485596,0.2555856704711914
2,indian,0.1854720562696457,0.6515142917633057,0.1637752503156662,0.2063957154750824,0.21491658687591553
1,flower,0.4104044437408447,0.17518071830272675,0.17880907654762268,0.2491793930530548,0.2119651436805725
