class,class_name,centroid_x,centroid_y,box_width,box_height,confidence
0,carabao,0.4466937184333801,0.7094888091087341,0.7971302270889282,0.5459578037261963,0.8792073726654053
0,carabao,0.6237000226974487,0.2546267509460449,0.6260758638381958,0.49429193139076233,0.864793062210083
0,carabao,0.24994078278541565,0.4547478258609772,0.49782341718673706,0.401772677898407,0.7892269492149353
