class,class_name,centroid_x,centroid_y,box_width,box_height,confidence
0,carabao,0.5812816023826599,0.3340950906276703,0.4778328835964203,0.36787351965904236,0.7555199861526489
0,carabao,0.24673402309417725,0.1320475935935974,0.4840785562992096,0.2613849341869354,0.5495513081550598
