class,class_name,centroid_x,centroid_y,box_width,box_height,confidence
0,carabao,0.7230600714683533,0.7089251279830933,0.5209702253341675,0.33898448944091797,0.8242164254188538
0,carabao,0.7201308608055115,0.3375045955181122,0.31437748670578003,0.46213048696517944,0.7936921715736389
0,carabao,0.1682005226612091,0.3864489793777466,0.32059186697006226,0.4963381290435791,0.7912478446960449
0,carabao,0.45988979935646057,0.4256161153316498,0.32741910219192505,0.47077351808547974,0.7773230671882629
0,carabao,0.3409842848777771,0.7379833459854126,0.33340826630592346,0.4676172137260437,0.7565724849700928
