class,class_name,centroid_x,centroid_y,box_width,box_height,confidence
0,carabao,0.5636595487594604,0.4807857573032379,0.5274347066879272,0.37524712085723877,0.893195390701294
0,carabao,0.3664984703063965,0.7283898591995239,0.5007845163345337,0.35146990418434143,0.8700706958770752
