class,class_name,centroid_x,centroid_y,box_width,box_height,confidence
2,indian,0.261635959148407,0.7756447196006775,0.33558475971221924,0.2656775414943695,0.564521312713623
0,carabao,0.6910274624824524,0.5258263349533081,0.3951357305049896,0.23394775390625,0.5616604685783386
2,indian,0.25903958082199097,0.5250665545463562,0.3419530987739563,0.25928041338920593,0.5196857452392578
0,carabao,0.5772045254707336,0.6618594527244568,0.47517678141593933,0.2696808874607086,0.509142279624939
0,carabao,0.2610808312892914,0.5251410007476807,0.35130611062049866,0.26770955324172974,0.5036647915840149
2,indian,0.5748558044433594,0.6618474721908569,0.4764607846736908,0.26490727066993713,0.4418540596961975
