class,class_name,centroid_x,centroid_y,box_width,box_height,confidence
2,indian,0.3103141188621521,0.3474332094192505,0.37000274658203125,0.37893763184547424,0.815313458442688
2,indian,0.29100143909454346,0.5078052878379822,0.39006704092025757,0.4225039780139923,0.777060329914093
2,indian,0.44848138093948364,0.7118536233901978,0.34694746136665344,0.42252543568611145,0.7675793766975403
