class,class_name,centroid_x,centroid_y,box_width,box_height,confidence
0,carabao,0.1940699815750122,0.5860308408737183,0.3881399631500244,0.3256620168685913,0.8506993651390076
0,carabao,0.552473247051239,0.6727733612060547,0.4425352215766907,0.37051108479499817,0.8467569947242737
0,carabao,0.21706171333789825,0.2280287742614746,0.35283365845680237,0.2834920883178711,0.8156858086585999
0,carabao,0.6334395408630371,0.36530250310897827,0.3751749098300934,0.31296607851982117,0.8064815998077393
0,carabao,0.35614052414894104,0.3800713121891022,0.3367553651332855,0.3048255145549774,0.7815062403678894
0,carabao,0.9325292706489563,0.8782113194465637,0.13465461134910583,0.1754859983921051,0.6492317318916321
