class,class_name,centroid_x,centroid_y,box_width,box_height,confidence
2,indian,0.25821274518966675,0.49019956588745117,0.12039214372634888,0.1865742951631546,0.8032476902008057
2,indian,0.26505908370018005,0.29536083340644836,0.11383314430713654,0.18218544125556946,0.7866618633270264
2,indian,0.32402801513671875,0.4297013282775879,0.12000294029712677,0.2044288069009781,0.7596401572227478
2,indian,0.24755778908729553,0.7294217348098755,0.10151080042123795,0.16834214329719543,0.6982120871543884
2,indian,0.3885153532028198,0.9130715727806091,0.10663437843322754,0.1551334112882614,0.6975361108779907
2,indian,0.30235034227371216,0.47013798356056213,0.1660904437303543,0.18140539526939392,0.2924770414829254
