class,class_name,centroid_x,centroid_y,box_width,box_height,confidence
2,indian,0.35589489340782166,0.3287389874458313,0.4361971914768219,0.4623478055000305,0.8746209144592285
2,indian,0.5929954648017883,0.6027337312698364,0.45966243743896484,0.46316149830818176,0.8454757928848267
