target,height,width,space_accuracy,space_precision,space_recall,space_f_score,labels,detections,time
1d3a5099-mango_1099_flower_29.png,480,640,0.6047978833792264,0.3971297758588215,0.37150563503412193,0.3838905870859988,51,11,4.8277938
4bcc33fe-mango_1422_indian_indian_22.png,459,640,0.9814652465600965,0.9295850354762417,0.8664907475449262,0.8969296729133531,5,6,0.5724688
5f32dc4b-mango_103_carabao_C16.png,640,640,0.9648385305149959,0.9089836951543464,0.8928816456906344,0.9008607238704771,3,3,0.7888939
7c6e7bf4-mango_1245_indian_indian_1.png,480,640,0.8838952461771568,0.7880085283429291,0.7880085283429291,0.7880085283429292,2,2,0.62533
a13362b0-mango_544_carabao_C48.png,480,640,0.9219579909288589,0.9461569739005403,0.8511405261846576,0.8961371665857374,8,9,0.6422792
