class,class_name,centroid_x,centroid_y,box_width,box_height,confidence
0,carabao,0.3448866903781891,0.8066965937614441,0.383588969707489,0.34233221411705017,0.869940996170044
0,carabao,0.3428894877433777,0.5021786093711853,0.38190382719039917,0.28714612126350403,0.8648959994316101
0,carabao,0.4776475429534912,0.3507891893386841,0.3326628804206848,0.32925739884376526,0.8117940425872803
0,carabao,0.6581753492355347,0.6066349148750305,0.3577937185764313,0.2620287537574768,0.8019372224807739
0,carabao,0.1766914427280426,0.3900207579135895,0.34255462884902954,0.2292739897966385,0.7787237167358398
0,carabao,0.6458635330200195,0.8101071715354919,0.3028526306152344,0.23783670365810394,0.775941789150238
0,carabao,0.6414912343025208,0.35592231154441833,0.2461448609828949,0.2612936794757843,0.6819926500320435
0,carabao,0.19471755623817444,0.6132914423942566,0.272951602935791,0.2381623536348343,0.6708667874336243
0,carabao,0.13886842131614685,0.027389321476221085,0.26362839341163635,0.05477864295244217,0.4854021966457367
