class,class_name,centroid_x,centroid_y,box_width,box_height,confidence
0,carabao,0.687374472618103,0.7244439125061035,0.3065013885498047,0.550153374671936,0.8228058815002441
0,carabao,0.24779891967773438,0.44130024313926697,0.3507034182548523,0.5908053517341614,0.8149711489677429
0,carabao,0.4936135709285736,0.2411758452653885,0.2386631965637207,0.482351690530777,0.7968791127204895
0,carabao,0.5008343458175659,0.7109180688858032,0.17993660271167755,0.41667062044143677,0.7238889336585999
0,carabao,0.37590160965919495,0.6329976916313171,0.23098106682300568,0.4562038481235504,0.7229145169258118
0,carabao,0.028959881514310837,0.44537097215652466,0.057804644107818604,0.3046937882900238,0.22676701843738556
