class,class_name,centroid_x,centroid_y,box_width,box_height,confidence
0,carabao,0.21067385375499725,0.21600469946861267,0.4213477075099945,0.43166399002075195,0.7813035249710083
0,carabao,0.11412229388952255,0.621119499206543,0.22657270729541779,0.3145074248313904,0.7728410363197327
0,carabao,0.6001772880554199,0.4911232888698578,0.6790582537651062,0.5216352343559265,0.758915364742279
