class,class_name,centroid_x,centroid_y,box_width,box_height,confidence
0,carabao,0.4469336271286011,0.5904003381729126,0.5782628059387207,0.8129119873046875,0.7770585417747498
