class,class_name,centroid_x,centroid_y,box_width,box_height,confidence
0,carabao,0.6682702302932739,0.4269706606864929,0.37345799803733826,0.3168630003929138,0.8456438779830933
0,carabao,0.44096270203590393,0.538992166519165,0.27093973755836487,0.19814558327198029,0.8262230753898621
0,carabao,0.46763819456100464,0.23521260917186737,0.2785044014453888,0.2509051561355591,0.8218542337417603
0,carabao,0.6964377164840698,0.581511914730072,0.2842239439487457,0.19042536616325378,0.7916388511657715
0,carabao,0.5470497012138367,0.6855369806289673,0.2180745154619217,0.18818944692611694,0.785811185836792
0,carabao,0.7880987524986267,0.31704333424568176,0.30595406889915466,0.24967028200626373,0.756024956703186
0,carabao,0.869012176990509,0.48556727170944214,0.22243919968605042,0.1759922057390213,0.7138975858688354
0,carabao,0.5149087905883789,0.04444868862628937,0.13834133744239807,0.08889737725257874,0.460841566324234
