class,class_name,centroid_x,centroid_y,box_width,box_height,confidence
0,carabao,0.6338552236557007,0.6306204795837402,0.5672555565834045,0.6417654156684875,0.8217102289199829
0,carabao,0.38182178139686584,0.3432316184043884,0.5772270560264587,0.6241068840026855,0.797535240650177
