class,class_name,centroid_x,centroid_y,box_width,box_height,confidence
0,carabao,0.568799614906311,0.3646189272403717,0.2991334795951843,0.2967672348022461,0.8252803087234497
0,carabao,0.3589734435081482,0.6787006855010986,0.2758561968803406,0.26478511095046997,0.8054077625274658
0,carabao,0.7903186082839966,0.4183816909790039,0.27365928888320923,0.2837672829627991,0.7735211849212646
0,carabao,0.207111194729805,0.4723471701145172,0.21558278799057007,0.1769222468137741,0.7571021914482117
0,carabao,0.6744609475135803,0.17348192632198334,0.2680111229419708,0.18040534853935242,0.7342538833618164
0,carabao,0.8144033551216125,0.21498067677021027,0.17020517587661743,0.14677968621253967,0.6162312626838684
0,carabao,0.3117896616458893,0.5114291310310364,0.12525838613510132,0.10412769019603729,0.5695734620094299
0,carabao,0.5874179601669312,0.20719881355762482,0.1443580687046051,0.11612166464328766,0.5558704733848572
0,carabao,0.26432114839553833,0.6365020275115967,0.14004088938236237,0.1642441749572754,0.5310920476913452
