class,class_name,centroid_x,centroid_y,box_width,box_height,confidence
0,carabao,0.3311053514480591,0.5874125361442566,0.4299393892288208,0.4955560564994812,0.6207225322723389
