class,class_name,centroid_x,centroid_y,box_width,box_height,confidence
0,carabao,0.4828278720378876,0.3833954930305481,0.43199729919433594,0.3271551728248596,0.7983168363571167
0,carabao,0.6481821537017822,0.2284860610961914,0.4496268033981323,0.2114117592573166,0.7970567941665649
0,carabao,0.45920029282569885,0.6573911905288696,0.3688775300979614,0.31214314699172974,0.7913854122161865
0,carabao,0.6004472374916077,0.8117934465408325,0.3722119927406311,0.26010170578956604,0.7116029262542725
0,carabao,0.24655601382255554,0.3713037371635437,0.33630093932151794,0.2851312756538391,0.6606799364089966
0,carabao,0.754000723361969,0.4171660542488098,0.3640075623989105,0.23139913380146027,0.6385554075241089
