class,class_name,centroid_x,centroid_y,box_width,box_height,confidence
1,flower,0.3757186830043793,0.5878341794013977,0.27367478609085083,0.3716390132904053,0.546431303024292
1,flower,0.2550897002220154,0.3099103569984436,0.26236462593078613,0.3284940719604492,0.5221421718597412
1,flower,0.6378995180130005,0.4289150536060333,0.20706824958324432,0.2588813900947571,0.4791693091392517
1,flower,0.7045018672943115,0.7952524423599243,0.2490643560886383,0.3102894425392151,0.4723897874355316
1,flower,0.3868084251880646,0.20916880667209625,0.27391067147254944,0.39400583505630493,0.40429356694221497
1,flower,0.32495957612991333,0.23931191861629486,0.42196065187454224,0.4786238372325897,0.371954083442688
1,flower,0.6569463014602661,0.5979287028312683,0.45354023575782776,0.7361904978752136,0.3411252498626709
1,flower,0.7594614028930664,0.5790873765945435,0.21725864708423615,0.3062223494052887,0.28530144691467285
1,flower,0.5645067095756531,0.5969708561897278,0.6512161493301392,0.7108547687530518,0.2678912878036499
