class,class_name,centroid_x,centroid_y,box_width,box_height,confidence
1,flower,0.5385181903839111,0.5081257224082947,0.13183443248271942,0.0894375815987587,0.40594327449798584
1,flower,0.7780131101608276,0.45323076844215393,0.30799517035484314,0.16432246565818787,0.3222643733024597
1,flower,0.42325928807258606,0.5458025932312012,0.11425931751728058,0.07450294494628906,0.29755520820617676
1,flower,0.4604851007461548,0.6407691240310669,0.3402060568332672,0.2762227952480316,0.26787805557250977
1,flower,0.4822787344455719,0.7189236879348755,0.13711807131767273,0.08853854984045029,0.24902279675006866
