class,class_name,centroid_x,centroid_y,box_width,box_height,confidence
0,carabao,0.6423279643058777,0.6503412127494812,0.3768351674079895,0.13808536529541016,0.8252043128013611
0,carabao,0.4305350184440613,0.39147961139678955,0.36069127917289734,0.20455947518348694,0.8200685977935791
0,carabao,0.29562291502952576,0.5461629629135132,0.32556119561195374,0.15866470336914062,0.8140993714332581
0,carabao,0.5357658267021179,0.5267585515975952,0.2885637879371643,0.16377992928028107,0.7861441969871521
0,carabao,0.7351203560829163,0.5596694946289062,0.3252149224281311,0.13801899552345276,0.7754067182540894
0,carabao,0.5214632749557495,0.43533554673194885,0.22858619689941406,0.09799528121948242,0.3783135414123535
