class,class_name,centroid_x,centroid_y,box_width,box_height,confidence
0,carabao,0.39616864919662476,0.4678930640220642,0.3288220465183258,0.26394379138946533,0.8359032273292542
0,carabao,0.41452112793922424,0.7880479693412781,0.2980642318725586,0.2568235993385315,0.8262419104576111
0,carabao,0.6904856562614441,0.4342418611049652,0.37821483612060547,0.2759841978549957,0.8016624450683594
0,carabao,0.5465425848960876,0.24017807841300964,0.31345558166503906,0.27933165431022644,0.7996188402175903
0,carabao,0.6582163572311401,0.7151888012886047,0.4275979995727539,0.44850412011146545,0.7987688183784485
0,carabao,0.8872100114822388,0.46458548307418823,0.2159971296787262,0.21791712939739227,0.6843886375427246
0,carabao,0.8088857531547546,0.6475943326950073,0.20942477881908417,0.20974451303482056,0.6767594814300537
0,carabao,0.2243994027376175,0.9635661840438843,0.1823388636112213,0.07286758720874786,0.24640627205371857
