class,class_name,centroid_x,centroid_y,box_width,box_height,confidence
0,carabao,0.7538326978683472,0.20832328498363495,0.36815738677978516,0.3596029281616211,0.8538759350776672
0,carabao,0.8111961483955383,0.4897294044494629,0.3417549133300781,0.28286832571029663,0.8301767110824585
0,carabao,0.21259570121765137,0.5562552213668823,0.3575933575630188,0.3133576214313507,0.8254866003990173
0,carabao,0.4687880873680115,0.36574646830558777,0.37664690613746643,0.30110684037208557,0.8217973113059998
0,carabao,0.6158879399299622,0.6737709641456604,0.3371663987636566,0.38412150740623474,0.7929617762565613
0,carabao,0.31225794553756714,0.8464341163635254,0.3015348017215729,0.24812284111976624,0.7903189659118652
0,carabao,0.22492942214012146,0.31931984424591064,0.2971031069755554,0.22895818948745728,0.7140913605690002
0,carabao,0.14559894800186157,0.921302080154419,0.2767939269542694,0.1548173427581787,0.49764615297317505
0,carabao,0.8721153140068054,0.6642621755599976,0.1360301971435547,0.10659532248973846,0.4881002604961395
