class,class_name,centroid_x,centroid_y,box_width,box_height,confidence
0,carabao,0.5792437791824341,0.6657651662826538,0.31963881850242615,0.37421226501464844,0.8226683735847473
0,carabao,0.4599969685077667,0.44064146280288696,0.2136515974998474,0.26165103912353516,0.805780291557312
0,carabao,0.7653241753578186,0.46863269805908203,0.2576278746128082,0.2655521035194397,0.8026447296142578
0,carabao,0.3088734447956085,0.5494222640991211,0.19286280870437622,0.21495990455150604,0.7899982929229736
0,carabao,0.4182291626930237,0.6942781209945679,0.20037931203842163,0.2768787443637848,0.7214962840080261
0,carabao,0.5054682493209839,0.8744871020317078,0.17502237856388092,0.2007075846195221,0.7072073221206665
0,carabao,0.6777045130729675,0.7859159708023071,0.25236180424690247,0.28513240814208984,0.7004953026771545
