class,class_name,centroid_x,centroid_y,box_width,box_height,confidence
1,flower,0.4969225823879242,0.46674227714538574,0.09077282249927521,0.11889594048261642,0.298749715089798
1,flower,0.42279964685440063,0.3881458640098572,0.08681211620569229,0.17517144978046417,0.273738831281662
1,flower,0.588201642036438,0.15964007377624512,0.07270660251379013,0.15599781274795532,0.2708575427532196
1,flower,0.44765347242355347,0.5732508301734924,0.09799051284790039,0.12184940278530121,0.2549002170562744
1,flower,0.2802092730998993,0.5082144141197205,0.09221510589122772,0.11323034018278122,0.23675236105918884
1,flower,0.3625468611717224,0.47139132022857666,0.1042330265045166,0.13348744809627533,0.2352428138256073
1,flower,0.5783699154853821,0.17286477982997894,0.09340687096118927,0.18978118896484375,0.21682672202587128
1,flower,0.46060729026794434,0.3220472037792206,0.06734542548656464,0.11419881135225296,0.21039167046546936
