class,class_name,centroid_x,centroid_y,box_width,box_height,confidence
2,indian,0.5673444271087646,0.4327087998390198,0.2136872410774231,0.11936827003955841,0.6942217946052551
2,indian,0.5467712879180908,0.5477687120437622,0.1835130900144577,0.09817943722009659,0.6186758875846863
2,indian,0.05936684459447861,0.06252920627593994,0.11774870753288269,0.12000427395105362,0.457300066947937
