class,class_name,centroid_x,centroid_y,box_width,box_height,confidence
2,indian,0.3557735085487366,0.68736732006073,0.2691940367221832,0.150746151804924,0.8110823631286621
2,indian,0.4428000748157501,0.3413010239601135,0.3143894672393799,0.14182858169078827,0.8099340796470642
2,indian,0.8086351752281189,0.4131557047367096,0.2841688096523285,0.12850579619407654,0.6153022050857544
2,indian,0.651725172996521,0.14443418383598328,0.22062627971172333,0.12486910820007324,0.5947855710983276
2,indian,0.6478816866874695,0.13294526934623718,0.18625472486019135,0.0900503396987915,0.2164108008146286
