class,class_name,centroid_x,centroid_y,box_width,box_height,confidence
0,carabao,0.5823495984077454,0.435604989528656,0.30333882570266724,0.24698829650878906,0.7926647067070007
0,carabao,0.7736783027648926,0.5955044627189636,0.2018629014492035,0.1818370819091797,0.7412943243980408
0,carabao,0.3710743486881256,0.4009559750556946,0.1375458687543869,0.10526962578296661,0.5790649652481079
0,carabao,0.48813390731811523,0.4780626893043518,0.21754400432109833,0.18492482602596283,0.5718709230422974
