class,class_name,centroid_x,centroid_y,box_width,box_height,confidence
0,carabao,0.4413675367832184,0.4948292672634125,0.48020070791244507,0.23665352165699005,0.833271324634552
