class,class_name,centroid_x,centroid_y,box_width,box_height,confidence
0,carabao,0.19391310214996338,0.4098927676677704,0.38782620429992676,0.3187882602214813,0.8391340970993042
0,carabao,0.5555680990219116,0.332931786775589,0.4428335130214691,0.33327826857566833,0.8263816833496094
0,carabao,0.3526952266693115,0.6134770512580872,0.34655991196632385,0.29407960176467896,0.7841696739196777
0,carabao,0.6330906748771667,0.6299000382423401,0.38252028822898865,0.2989809811115265,0.7700658440589905
0,carabao,0.21413521468639374,0.773971676826477,0.3444592356681824,0.30065613985061646,0.7616916298866272
0,carabao,0.9323789477348328,0.11965068429708481,0.13427619636058807,0.16269893944263458,0.7175589799880981
0,carabao,0.8777313232421875,0.023667482659220695,0.15557384490966797,0.04594024643301964,0.3387698233127594
0,carabao,0.942467987537384,0.030143678188323975,0.11506404727697372,0.05872310698032379,0.24844148755073547
