class,class_name,centroid_x,centroid_y,box_width,box_height,confidence
1,flower,0.892754852771759,0.8828549981117249,0.21374988555908203,0.23429006338119507,0.49498263001441956
1,flower,0.7892581224441528,0.5210893750190735,0.12618713080883026,0.31861966848373413,0.36834296584129333
1,flower,0.31252366304397583,0.6991878747940063,0.1709330528974533,0.36780568957328796,0.35322198271751404
1,flower,0.6576672792434692,0.2395947426557541,0.17766685783863068,0.2428324967622757,0.32216766476631165
1,flower,0.20013003051280975,0.33697623014450073,0.2709241807460785,0.19353725016117096,0.31519439816474915
1,flower,0.5484695434570312,0.31717759370803833,0.30137136578559875,0.31016871333122253,0.3025553226470947
1,flower,0.7194787263870239,0.6067666411399841,0.13284321129322052,0.4233870208263397,0.2910018563270569
1,flower,0.058141302317380905,0.566343367099762,0.11628260463476181,0.27389970421791077,0.28039929270744324
1,flower,0.4443886876106262,0.5084265470504761,0.446648508310318,0.7066916823387146,0.21346299350261688
