class,class_name,centroid_x,centroid_y,box_width,box_height,confidence
0,carabao,0.2819516062736511,0.572395920753479,0.40272361040115356,0.36376211047172546,0.8586206436157227
0,carabao,0.5116206407546997,0.3970851004123688,0.3173246681690216,0.2796783149242401,0.834726870059967
0,carabao,0.952109158039093,0.7222433090209961,0.09578170627355576,0.1983482539653778,0.21404334902763367
