class,class_name,centroid_x,centroid_y,box_width,box_height,confidence
0,carabao,0.3369721472263336,0.46211692690849304,0.5452000498771667,0.6453825831413269,0.6872596144676208
