class,class_name,centroid_x,centroid_y,box_width,box_height,confidence
0,carabao,0.5590715408325195,0.5262919664382935,0.8248226642608643,0.9474160075187683,0.7306606769561768
