class,class_name,centroid_x,centroid_y,box_width,box_height,confidence
0,carabao,0.17169614136219025,0.8183143734931946,0.34292474389076233,0.3607373535633087,0.8727769255638123
0,carabao,0.37396883964538574,0.5578078627586365,0.49456557631492615,0.4583216905593872,0.859968364238739
0,carabao,0.6705741286277771,0.31433144211769104,0.48637858033180237,0.40407824516296387,0.8324249982833862
0,carabao,0.681953489780426,0.6193434596061707,0.30564871430397034,0.25898391008377075,0.3426114320755005
