class,class_name,centroid_x,centroid_y,box_width,box_height,confidence
0,carabao,0.54679274559021,0.4963124394416809,0.48915937542915344,0.24510756134986877,0.860411524772644
