class,class_name,centroid_x,centroid_y,box_width,box_height,confidence
0,carabao,0.713058352470398,0.4234229624271393,0.4101400375366211,0.3653743267059326,0.8426370024681091
0,carabao,0.48893576860427856,0.5942322611808777,0.31661301851272583,0.28454872965812683,0.8380699157714844
0,carabao,0.04696932062506676,0.28805455565452576,0.09393864125013351,0.23229935765266418,0.464290052652359
