class,class_name,centroid_x,centroid_y,box_width,box_height,confidence
0,carabao,0.2951161563396454,0.35057538747787476,0.43779972195625305,0.4282795786857605,0.8430654406547546
0,carabao,0.5754035711288452,0.2980673909187317,0.2885628938674927,0.35382920503616333,0.7963445782661438
0,carabao,0.7657095193862915,0.4517489969730377,0.3002302944660187,0.3056672215461731,0.7952539920806885
0,carabao,0.5291732549667358,0.604308009147644,0.2671465575695038,0.3363000750541687,0.7732704281806946
0,carabao,0.2130783349275589,0.5861769914627075,0.28051674365997314,0.2910076081752777,0.7377077341079712
0,carabao,0.5360490679740906,0.1053386703133583,0.22055664658546448,0.20597334206104279,0.7332247495651245
0,carabao,0.3527309000492096,0.17506363987922668,0.21288636326789856,0.17789873480796814,0.6945114135742188
0,carabao,0.05137743055820465,0.7487490177154541,0.1027548611164093,0.23893555998802185,0.38458317518234253
