class,class_name,centroid_x,centroid_y,box_width,box_height,confidence
2,indian,0.5370267033576965,0.7294445037841797,0.20354747772216797,0.16776618361473083,0.8595252633094788
2,indian,0.4768972396850586,0.2997409701347351,0.21760313212871552,0.16891518235206604,0.8518627882003784
2,indian,0.4143162667751312,0.5575152635574341,0.23693522810935974,0.17191791534423828,0.85154128074646
2,indian,0.5220779180526733,0.463409423828125,0.24477338790893555,0.19444303214550018,0.8487725853919983
2,indian,0.8252307772636414,0.46385878324508667,0.2762382924556732,0.20322993397712708,0.8337738513946533
