class,class_name,centroid_x,centroid_y,box_width,box_height,confidence
2,indian,0.4968946576118469,0.801099419593811,0.15473060309886932,0.3639293313026428,0.8805776238441467
2,indian,0.6848267912864685,0.6447641253471375,0.2081003189086914,0.32707953453063965,0.8744624257087708
2,indian,0.5049196481704712,0.5022656917572021,0.17721080780029297,0.286116361618042,0.8591477870941162
2,indian,0.6687386631965637,0.44974082708358765,0.17897853255271912,0.23526044189929962,0.8300039172172546
