class,class_name,centroid_x,centroid_y,box_width,box_height,confidence
0,carabao,0.662211000919342,0.7684104442596436,0.44654300808906555,0.2249375283718109,0.8167216181755066
0,carabao,0.46127623319625854,0.33869820833206177,0.3619368374347687,0.317818820476532,0.8063469529151917
0,carabao,0.4823264479637146,0.6055718064308167,0.4308648407459259,0.32443246245384216,0.773463249206543
0,carabao,0.5994383692741394,0.17852017283439636,0.3925778567790985,0.2463996410369873,0.7315000891685486
0,carabao,0.23964306712150574,0.6223194003105164,0.31379419565200806,0.28895074129104614,0.6782083511352539
0,carabao,0.7518929839134216,0.575041651725769,0.38071441650390625,0.22523728013038635,0.6343290209770203
