class,class_name,centroid_x,centroid_y,box_width,box_height,confidence
2,indian,0.7480357885360718,0.4900679588317871,0.3263610899448395,0.3412500321865082,0.8686795234680176
2,indian,0.22599473595619202,0.6563076376914978,0.31547531485557556,0.31349411606788635,0.8493537306785583
2,indian,0.1986168920993805,0.379442423582077,0.3245287537574768,0.33336010575294495,0.768437385559082
