class,class_name,centroid_x,centroid_y,box_width,box_height,confidence
0,carabao,0.7020458579063416,0.601294755935669,0.3505377769470215,0.3395233154296875,0.8238329291343689
0,carabao,0.4165468215942383,0.44675764441490173,0.6731799244880676,0.4739658534526825,0.816555917263031
0,carabao,0.5055904388427734,0.8442081809043884,0.24265973269939423,0.17299982905387878,0.7333200573921204
