class,class_name,centroid_x,centroid_y,box_width,box_height,confidence
0,carabao,0.16890715062618256,0.1803676038980484,0.3373505771160126,0.3607352077960968,0.8453001379966736
0,carabao,0.37737417221069336,0.4462558329105377,0.5080825090408325,0.45251718163490295,0.8445360064506531
0,carabao,0.6801776885986328,0.6779884099960327,0.5089095830917358,0.40492433309555054,0.8171893358230591
0,carabao,0.5826403498649597,0.3569811284542084,0.1977732628583908,0.2758431136608124,0.3630906343460083
0,carabao,0.7154245376586914,0.428847998380661,0.1935649812221527,0.21361058950424194,0.3484448194503784
