class,class_name,centroid_x,centroid_y,box_width,box_height,confidence
2,indian,0.4754072427749634,0.4810550808906555,0.8417173624038696,0.5859721899032593,0.82918381690979
2,indian,0.7313070893287659,0.18340270221233368,0.537385880947113,0.3656691908836365,0.700977087020874
2,indian,0.7923926711082458,0.810490608215332,0.4152146875858307,0.3743271231651306,0.6868170499801636
2,indian,0.14762622117996216,0.1398450881242752,0.2952524423599243,0.2796193063259125,0.632376492023468
2,indian,0.12791788578033447,0.7636264562606812,0.25583577156066895,0.41697654128074646,0.5097423791885376
2,indian,0.4067061245441437,0.8200451731681824,0.48146092891693115,0.27700290083885193,0.26693645119667053
2,indian,0.21696144342422485,0.34949618577957153,0.39259064197540283,0.327631413936615,0.2402539849281311
