class,class_name,centroid_x,centroid_y,box_width,box_height,confidence
2,indian,0.4863908290863037,0.5194467306137085,0.19468708336353302,0.3011797070503235,0.8782133460044861
2,indian,0.36221083998680115,0.6479584574699402,0.21146993339061737,0.25105908513069153,0.8736571669578552
2,indian,0.6361888647079468,0.6305785775184631,0.1989867240190506,0.227386474609375,0.8707517385482788
2,indian,0.3811261057853699,0.35621577501296997,0.205301433801651,0.23453596234321594,0.8657809495925903
2,indian,0.2560257315635681,0.5177304148674011,0.16412211954593658,0.22589276731014252,0.8651720881462097
2,indian,0.5595076680183411,0.3821025788784027,0.17259255051612854,0.22603045403957367,0.8454045653343201
2,indian,0.5037809610366821,0.6440274715423584,0.13310584425926208,0.15953873097896576,0.26691770553588867
