class,class_name,centroid_x,centroid_y,box_width,box_height,confidence
1,flower,0.7689713835716248,0.33118557929992676,0.45791396498680115,0.41453617811203003,0.4746168553829193
1,flower,0.41161808371543884,0.38054680824279785,0.3659147024154663,0.28821390867233276,0.4727124273777008
1,flower,0.7714470624923706,0.38616830110549927,0.40134191513061523,0.28532537817955017,0.47230514883995056
1,flower,0.6937968134880066,0.2420758306980133,0.3283170759677887,0.23279781639575958,0.44319626688957214
1,flower,0.38334861397743225,0.7037805318832397,0.6436282396316528,0.4605225622653961,0.30001896619796753
1,flower,0.5631587505340576,0.6365536451339722,0.2533433735370636,0.16795893013477325,0.2955607771873474
1,flower,0.23638345301151276,0.6964470148086548,0.35064491629600525,0.30988138914108276,0.2719668745994568
1,flower,0.4285808503627777,0.7486633658409119,0.2812226116657257,0.17686720192432404,0.24461808800697327
1,flower,0.2017715573310852,0.6784005165100098,0.2742845118045807,0.2176280915737152,0.24150703847408295
