class,class_name,centroid_x,centroid_y,box_width,box_height,confidence
2,indian,0.48417821526527405,0.4862005114555359,0.30403029918670654,0.19622690975666046,0.8695322275161743
2,indian,0.6484901309013367,0.3806301951408386,0.25336238741874695,0.19439049065113068,0.8671135902404785
2,indian,0.6179125905036926,0.5559583902359009,0.25395843386650085,0.16619186103343964,0.8650933504104614
2,indian,0.35524606704711914,0.35617226362228394,0.274443656206131,0.18760661780834198,0.8618822693824768
2,indian,0.3682221472263336,0.6364364624023438,0.23332607746124268,0.20235900580883026,0.8616255521774292
2,indian,0.4855916500091553,0.255700021982193,0.23776380717754364,0.1539648026227951,0.8587865233421326
2,indian,0.3458418548107147,0.4923152029514313,0.14995521306991577,0.12322254478931427,0.5324655175209045
