class,class_name,centroid_x,centroid_y,box_width,box_height,confidence
0,carabao,0.20015597343444824,0.1955481916666031,0.4003119468688965,0.3910963833332062,0.7712372541427612
0,carabao,0.4985426068305969,0.5164905786514282,0.949081540107727,0.8984671831130981,0.7344328165054321
0,carabao,0.7185558080673218,0.9130080342292786,0.5628883838653564,0.17320117354393005,0.7300345301628113
0,carabao,0.6734706163406372,0.780957818031311,0.5476442575454712,0.2376853972673416,0.6531994938850403
0,carabao,0.4038084149360657,0.9323051571846008,0.3004233241081238,0.13538961112499237,0.482487291097641
0,carabao,0.156428262591362,0.8806005716323853,0.3092169761657715,0.23540553450584412,0.4093516767024994
0,carabao,0.10992753505706787,0.517853856086731,0.21886728703975677,0.4400097727775574,0.37531787157058716
0,carabao,0.8765155076980591,0.5253923535346985,0.24696901440620422,0.28186148405075073,0.20461460947990417
