class,class_name,centroid_x,centroid_y,box_width,box_height,confidence
0,carabao,0.7822650671005249,0.7822256684303284,0.4344314634799957,0.4341278076171875,0.8302522301673889
0,carabao,0.4046621322631836,0.5190263390541077,0.6751402020454407,0.48762887716293335,0.7981473803520203
0,carabao,0.8806344270706177,0.37726011872291565,0.2387312352657318,0.3131738603115082,0.7782344818115234
