class,class_name,centroid_x,centroid_y,box_width,box_height,confidence
0,carabao,0.5072464942932129,0.4412304162979126,0.9855070114135742,0.7102899551391602,0.7954090237617493
