class,class_name,centroid_x,centroid_y,box_width,box_height,confidence
1,flower,0.12141577899456024,0.15050281584262848,0.24283155798912048,0.2542937099933624,0.47523754835128784
1,flower,0.28502631187438965,0.5963159203529358,0.3709077835083008,0.5585044622421265,0.3954823613166809
1,flower,0.34940677881240845,0.5748280882835388,0.4824666976928711,0.5988337397575378,0.35741937160491943
1,flower,0.7164053916931152,0.6673508882522583,0.4399019181728363,0.41566038131713867,0.3105717599391937
1,flower,0.34379011392593384,0.7689974308013916,0.16865339875221252,0.19398663938045502,0.3030317425727844
1,flower,0.5647152066230774,0.35638415813446045,0.08094596862792969,0.20805522799491882,0.27430352568626404
1,flower,0.943096935749054,0.45077890157699585,0.11380615085363388,0.32346826791763306,0.20727208256721497
1,flower,0.854486346244812,0.6832782626152039,0.15524692833423615,0.1422721892595291,0.20429013669490814
