class,class_name,centroid_x,centroid_y,box_width,box_height,confidence
0,carabao,0.22104647755622864,0.7821263670921326,0.43312981724739075,0.43526315689086914,0.7885432839393616
0,carabao,0.6197599768638611,0.8809347152709961,0.32103675603866577,0.23813065886497498,0.7835997939109802
0,carabao,0.4943028688430786,0.4010450839996338,0.5791686773300171,0.6830628514289856,0.7466431856155396
