class,class_name,centroid_x,centroid_y,box_width,box_height,confidence
1,flower,0.5039662718772888,0.421286016702652,0.9452883005142212,0.7765203714370728,0.9469210505485535
