class,class_name,centroid_x,centroid_y,box_width,box_height,confidence
2,indian,0.39137059450149536,0.6202235221862793,0.2282700538635254,0.344704806804657,0.6983282566070557
2,indian,0.5605956315994263,0.588874340057373,0.2711394429206848,0.3377048373222351,0.6656529903411865
