class,class_name,centroid_x,centroid_y,box_width,box_height,confidence
0,carabao,0.4144299030303955,0.4583066403865814,0.7995349168777466,0.5838585495948792,0.7740569710731506
