class,class_name,centroid_x,centroid_y,box_width,box_height,confidence
2,indian,0.4065242409706116,0.5926200747489929,0.43604812026023865,0.47770339250564575,0.8146061301231384
2,indian,0.6452583074569702,0.32632505893707275,0.4413871765136719,0.45714816451072693,0.7453513145446777
