class,class_name,centroid_x,centroid_y,box_width,box_height,confidence
0,carabao,0.7415243983268738,0.6884971261024475,0.3276515305042267,0.31418466567993164,0.7973410487174988
0,carabao,0.22967472672462463,0.6406192779541016,0.3052953779697418,0.37198391556739807,0.7797192335128784
0,carabao,0.507445752620697,0.679550051689148,0.29737013578414917,0.33775073289871216,0.7625523805618286
