class,class_name,centroid_x,centroid_y,box_width,box_height,confidence
2,indian,0.6512689590454102,0.6420857906341553,0.2615370750427246,0.19379329681396484,0.8855061531066895
2,indian,0.5168941020965576,0.5203797221183777,0.30511438846588135,0.18808498978614807,0.884567379951477
2,indian,0.35067981481552124,0.6175981163978577,0.2648945152759552,0.2005327194929123,0.8785773515701294
2,indian,0.632710337638855,0.366243451833725,0.23007932305335999,0.18518371880054474,0.8782597780227661
2,indian,0.5200421810150146,0.7427008748054504,0.23836234211921692,0.15945777297019958,0.8732200264930725
2,indian,0.37816694378852844,0.4404289126396179,0.24024538695812225,0.16366156935691833,0.8559959530830383
2,indian,0.645948588848114,0.5074155926704407,0.1677526980638504,0.13329219818115234,0.49649184942245483
2,indian,0.6576154232025146,0.4984855651855469,0.13277997076511383,0.1224159225821495,0.26767563819885254
