class,class_name,centroid_x,centroid_y,box_width,box_height,confidence
0,carabao,0.6553215384483337,0.8103262782096863,0.37549981474876404,0.3467623293399811,0.8532900214195251
0,carabao,0.35408344864845276,0.60776287317276,0.35016289353370667,0.2678230404853821,0.8510349988937378
0,carabao,0.6599899530410767,0.4982927143573761,0.3945849537849426,0.2852533459663391,0.8327497243881226
0,carabao,0.3554859459400177,0.8181478381156921,0.301013708114624,0.2305782288312912,0.8058465719223022
0,carabao,0.5218523740768433,0.3535997271537781,0.3338516056537628,0.3145765960216522,0.8005056381225586
0,carabao,0.8249186277389526,0.38670265674591064,0.33790111541748047,0.23552919924259186,0.7797915935516357
0,carabao,0.3531672954559326,0.35207176208496094,0.23218278586864471,0.24741394817829132,0.7249270081520081
0,carabao,0.8081881403923035,0.6205633282661438,0.25944843888282776,0.22091713547706604,0.7185401916503906
