class,class_name,centroid_x,centroid_y,box_width,box_height,confidence
2,indian,0.639087975025177,0.3152066171169281,0.3409043252468109,0.20487137138843536,0.8707624077796936
2,indian,0.5069345235824585,0.49676865339279175,0.29916611313819885,0.177143856883049,0.8610484600067139
2,indian,0.8074033260345459,0.5016531944274902,0.3649985194206238,0.16238804161548615,0.855665385723114
2,indian,0.46287500858306885,0.32532528042793274,0.2690664827823639,0.20115303993225098,0.8038768768310547
