class,class_name,centroid_x,centroid_y,box_width,box_height,confidence
2,indian,0.2599361538887024,0.22642764449119568,0.33343392610549927,0.2622010111808777,0.7269758582115173
2,indian,0.6990121006965637,0.48340553045272827,0.4003922641277313,0.227976992726326,0.6194086074829102
0,carabao,0.26123911142349243,0.4788340628147125,0.35560524463653564,0.2688562572002411,0.5925846099853516
0,carabao,0.6896799802780151,0.4782625734806061,0.42882001399993896,0.23230867087841034,0.5322834253311157
0,carabao,0.5713894963264465,0.3364061713218689,0.46326857805252075,0.27410364151000977,0.5316426157951355
0,carabao,0.25351497530937195,0.22571830451488495,0.3385908901691437,0.26614150404930115,0.4722786545753479
2,indian,0.5694039463996887,0.33732905983924866,0.46322450041770935,0.27178460359573364,0.40385639667510986
2,indian,0.26479941606521606,0.4775971472263336,0.34980684518814087,0.2652902901172638,0.3726459741592407
