class,class_name,centroid_x,centroid_y,box_width,box_height,confidence
0,carabao,0.6100249290466309,0.48004451394081116,0.3159359097480774,0.42092305421829224,0.8105090856552124
0,carabao,0.770748496055603,0.6473270058631897,0.22359523177146912,0.4366599917411804,0.8055750727653503
0,carabao,0.33840611577033997,0.45768991112709045,0.31928935647010803,0.3528241515159607,0.7854329943656921
0,carabao,0.18121272325515747,0.6000262498855591,0.26286575198173523,0.36809679865837097,0.7576345801353455
0,carabao,0.5763359665870667,0.7641734480857849,0.21571913361549377,0.32963433861732483,0.7484776973724365
0,carabao,0.6295146942138672,0.23322071135044098,0.2922012209892273,0.2987942397594452,0.7045267224311829
