class,class_name,centroid_x,centroid_y,box_width,box_height,confidence
2,indian,0.43661943078041077,0.3235923647880554,0.226288303732872,0.11204848438501358,0.8081833124160767
2,indian,0.295994371175766,0.26582592725753784,0.18331609666347504,0.11686067283153534,0.8041924834251404
2,indian,0.4900607764720917,0.258995920419693,0.19068168103694916,0.1157747283577919,0.7990999817848206
2,indian,0.9062598347663879,0.39076486229896545,0.1701388955116272,0.10766534507274628,0.7625161409378052
2,indian,0.7252846956253052,0.24824795126914978,0.18059225380420685,0.10974345356225967,0.7413032650947571
