class,class_name,centroid_x,centroid_y,box_width,box_height,confidence
2,indian,0.6251937747001648,0.38320550322532654,0.34427985548973083,0.21276693046092987,0.7707714438438416
2,indian,0.5783222317695618,0.5638522505760193,0.3611163794994354,0.27606648206710815,0.7021178603172302
