class,class_name,centroid_x,centroid_y,box_width,box_height,confidence
1,flower,0.8191732168197632,0.28698280453681946,0.16795024275779724,0.1717280149459839,0.5362269878387451
1,flower,0.41839680075645447,0.32284724712371826,0.5404418110847473,0.22859513759613037,0.4833666682243347
1,flower,0.6857243776321411,0.4994075298309326,0.16199655830860138,0.32385489344596863,0.3686157464981079
1,flower,0.3146248757839203,0.33982226252555847,0.2953552305698395,0.16285619139671326,0.2708418071269989
1,flower,0.24955758452415466,0.3022215664386749,0.039209939539432526,0.059216782450675964,0.26962774991989136
1,flower,0.5094893574714661,0.6618461608886719,0.2671812176704407,0.3811187446117401,0.2439131885766983
1,flower,0.2949557304382324,0.2994954288005829,0.03864126279950142,0.05705495923757553,0.24311710894107819
