class,class_name,centroid_x,centroid_y,box_width,box_height,confidence
2,indian,0.5175110101699829,0.4866761565208435,0.3023650050163269,0.19625425338745117,0.8754876255989075
2,indian,0.3532750606536865,0.3794911801815033,0.2557580769062042,0.19324731826782227,0.8711166977882385
2,indian,0.3878915309906006,0.5561806559562683,0.2675899863243103,0.16248321533203125,0.870135486125946
2,indian,0.6336916089057922,0.6403390169143677,0.2324228733778,0.2036091834306717,0.862342357635498
2,indian,0.5176962614059448,0.25545307993888855,0.23759725689888,0.1550453156232834,0.8603753447532654
2,indian,0.6465861797332764,0.3542224168777466,0.27171504497528076,0.19130797684192657,0.8585585355758667
2,indian,0.656166136264801,0.4933563768863678,0.13686159253120422,0.11159572750329971,0.5134702920913696
