class,class_name,centroid_x,centroid_y,box_width,box_height,confidence
2,indian,0.4323422312736511,0.4350360631942749,0.1203012689948082,0.21359790861606598,0.8341155052185059
2,indian,0.5448296070098877,0.45560023188591003,0.09812593460083008,0.1715097874403,0.7356703877449036
2,indian,0.062038011848926544,0.9470714330673218,0.1235942468047142,0.10585717111825943,0.5118159651756287
