class,class_name,centroid_x,centroid_y,box_width,box_height,confidence
0,carabao,0.35644882917404175,0.528835654258728,0.42588216066360474,0.575564980506897,0.8155094385147095
0,carabao,0.6760215759277344,0.34738677740097046,0.45430806279182434,0.6175752282142639,0.8105319738388062
0,carabao,0.06577697396278381,0.057933855801820755,0.13155394792556763,0.11344833672046661,0.5636303424835205
0,carabao,0.10782508552074432,0.4405043125152588,0.12461277842521667,0.15298452973365784,0.37329646944999695
