class,class_name,centroid_x,centroid_y,box_width,box_height,confidence
0,carabao,0.293512761592865,0.23887398838996887,0.27275118231773376,0.47774797677993774,0.8590598106384277
0,carabao,0.7300520539283752,0.716592013835907,0.2316117286682129,0.5536196231842041,0.8253344893455505
0,carabao,0.5161228179931641,0.746232807636261,0.24841400980949402,0.5003706812858582,0.8236746191978455
0,carabao,0.537658154964447,0.2659059762954712,0.2398398369550705,0.4895060360431671,0.8191275000572205
0,carabao,0.3982469141483307,0.6445075869560242,0.29040059447288513,0.5037111639976501,0.8040125370025635
0,carabao,0.7420141100883484,0.2613811492919922,0.2321363389492035,0.49048787355422974,0.7982396483421326
0,carabao,0.2413616180419922,0.7186893224716187,0.23271360993385315,0.5411801934242249,0.7568038105964661
0,carabao,0.46898117661476135,0.7104333639144897,0.3463691473007202,0.4961252808570862,0.22235798835754395
