class,class_name,centroid_x,centroid_y,box_width,box_height,confidence
0,carabao,0.6387612223625183,0.34505724906921387,0.38368579745292664,0.14050054550170898,0.8255351185798645
0,carabao,0.29316678643226624,0.4469764828681946,0.32295936346054077,0.16148607432842255,0.7956150770187378
0,carabao,0.7425338625907898,0.4340594410896301,0.29645293951034546,0.13012953102588654,0.7755546569824219
0,carabao,0.5383840203285217,0.4700566232204437,0.2963438034057617,0.16886332631111145,0.7648913860321045
0,carabao,0.43431714177131653,0.6071775555610657,0.3811989426612854,0.2081218659877777,0.7551104426383972
