class,class_name,centroid_x,centroid_y,box_width,box_height,confidence
2,indian,0.5408053398132324,0.27035894989967346,0.2084386795759201,0.1721823513507843,0.8527035117149353
2,indian,0.5221371650695801,0.5313965082168579,0.24960291385650635,0.19318389892578125,0.8381057381629944
2,indian,0.8271132707595825,0.5348032116889954,0.2810245454311371,0.22804298996925354,0.8380085229873657
2,indian,0.4019891619682312,0.43915876746177673,0.24794359505176544,0.18223324418067932,0.8206647634506226
2,indian,0.47995924949645996,0.6974610090255737,0.24483852088451385,0.1899925172328949,0.8148123621940613
2,indian,0.6386838555335999,0.9424182772636414,0.4585339426994324,0.1143709197640419,0.20672312378883362
