class,class_name,centroid_x,centroid_y,box_width,box_height,confidence
1,flower,0.3263686001300812,0.7549243569374084,0.4081760048866272,0.4824480414390564,0.5334835648536682
1,flower,0.3768152594566345,0.40722349286079407,0.2689817547798157,0.36514103412628174,0.46505632996559143
1,flower,0.2574790418148041,0.689384400844574,0.2568235397338867,0.32151076197624207,0.41060295701026917
1,flower,0.6809736490249634,0.19937096536159515,0.2186756134033203,0.26422715187072754,0.3430776596069336
1,flower,0.586510956287384,0.38854119181632996,0.5971065759658813,0.6632657051086426,0.3320522606372833
1,flower,0.3897700905799866,0.7525638341903687,0.2759547829627991,0.40152961015701294,0.33047083020210266
1,flower,0.7615159749984741,0.43221625685691833,0.22528676688671112,0.33381199836730957,0.32245492935180664
1,flower,0.6753275394439697,0.23250208795070648,0.28009748458862305,0.33875155448913574,0.27214041352272034
