class,class_name,centroid_x,centroid_y,box_width,box_height,confidence
0,carabao,0.8732541799545288,0.38332968950271606,0.18458732962608337,0.17232093214988708,0.7519261837005615
0,carabao,0.5337104797363281,0.5712733268737793,0.1343209147453308,0.13866634666919708,0.6730799078941345
0,carabao,0.7875340580940247,0.27496424317359924,0.14770492911338806,0.1170102134346962,0.6680302619934082
0,carabao,0.6318696141242981,0.5803515315055847,0.1329263597726822,0.13919267058372498,0.6678677797317505
0,carabao,0.5980256199836731,0.4449149966239929,0.14795303344726562,0.13753347098827362,0.653472900390625
0,carabao,0.044465724378824234,0.11414387077093124,0.08734886348247528,0.1353224813938141,0.6339187622070312
0,carabao,0.09850026667118073,0.16733410954475403,0.12502828240394592,0.09759952872991562,0.5247549414634705
