class,class_name,centroid_x,centroid_y,box_width,box_height,confidence
2,indian,0.3912235200405121,0.40676888823509216,0.4133378267288208,0.36864835023880005,0.8101761937141418
2,indian,0.6741665005683899,0.6496303677558899,0.44797083735466003,0.4241558015346527,0.7585627436637878
