class,class_name,centroid_x,centroid_y,box_width,box_height,confidence
0,carabao,0.7553910613059998,0.2128138542175293,0.3160761594772339,0.33236703276634216,0.8084763288497925
0,carabao,0.5013471245765686,0.5578076243400574,0.2938559949398041,0.37405818700790405,0.7972227931022644
0,carabao,0.7193887233734131,0.5541062355041504,0.2666130065917969,0.352215975522995,0.7858207821846008
0,carabao,0.1940736472606659,0.6296641230583191,0.27020931243896484,0.316602885723114,0.7548589706420898
0,carabao,0.6032081842422485,0.17191840708255768,0.2138570100069046,0.2529900372028351,0.7319788336753845
0,carabao,0.5191699862480164,0.4245586395263672,0.16305039823055267,0.22579698264598846,0.34459468722343445
