class,class_name,centroid_x,centroid_y,box_width,box_height,confidence
0,carabao,0.4102114140987396,0.33874237537384033,0.5008777379989624,0.39054298400878906,0.6113185882568359
0,carabao,0.2929673492908478,0.9772937893867493,0.10942654311656952,0.045204926282167435,0.46972066164016724
