class,class_name,centroid_x,centroid_y,box_width,box_height,confidence
2,indian,0.3441295027732849,0.5968588590621948,0.17414550483226776,0.12446384131908417,0.7721453309059143
2,indian,0.5125662088394165,0.645511269569397,0.20974388718605042,0.11547241359949112,0.7703836560249329
2,indian,0.3457726836204529,0.4441254138946533,0.18762679398059845,0.1187129020690918,0.7540085315704346
2,indian,0.3058958351612091,0.2780492901802063,0.20608119666576385,0.13815364241600037,0.7510778903961182
2,indian,0.3478364050388336,0.8180088996887207,0.1273210495710373,0.10004863888025284,0.6572204232215881
1,flower,0.8342030644416809,0.5965789556503296,0.2285255491733551,0.15091677010059357,0.41806626319885254
1,flower,0.8508959412574768,0.4633112847805023,0.1431172639131546,0.12201213836669922,0.24393294751644135
1,flower,0.8602569699287415,0.5436382293701172,0.2794860899448395,0.2673068940639496,0.23252961039543152
