class,class_name,centroid_x,centroid_y,box_width,box_height,confidence
0,carabao,0.45825377106666565,0.5505464673042297,0.1766904890537262,0.46548354625701904,0.8104941248893738
0,carabao,0.33216747641563416,0.5681582093238831,0.13358235359191895,0.4465104341506958,0.7459942102432251
