class,class_name,centroid_x,centroid_y,box_width,box_height,confidence
2,indian,0.1791449934244156,0.6299294233322144,0.35665762424468994,0.41682299971580505,0.8280988335609436
2,indian,0.6227096319198608,0.6092081665992737,0.5182652473449707,0.538457989692688,0.8232860565185547
2,indian,0.7283625602722168,0.19135130941867828,0.5382148623466492,0.3798055946826935,0.8006651401519775
2,indian,0.36711469292640686,0.2756041884422302,0.4448118209838867,0.44224900007247925,0.790771484375
2,indian,0.4100560247898102,0.8577018976211548,0.4293592572212219,0.2830531597137451,0.7530566453933716
2,indian,0.12627850472927094,0.20969939231872559,0.2470720112323761,0.36134305596351624,0.7246788740158081
2,indian,0.139450341463089,0.871414065361023,0.2302817851305008,0.2560426592826843,0.6627240180969238
2,indian,0.6581806540489197,0.9463368654251099,0.49401426315307617,0.10615215450525284,0.5817141532897949
