class,class_name,centroid_x,centroid_y,box_width,box_height,confidence
0,carabao,0.763728141784668,0.8010873794555664,0.36237508058547974,0.3960798382759094,0.8410035967826843
0,carabao,0.29677510261535645,0.22281475365161896,0.5435894727706909,0.3926986753940582,0.8306791186332703
0,carabao,0.6621329188346863,0.11491911113262177,0.49637240171432495,0.22811675071716309,0.8305882811546326
0,carabao,0.7230608463287354,0.41431736946105957,0.5003958940505981,0.40489912033081055,0.8187576532363892
0,carabao,0.4351113438606262,0.679674506187439,0.3973480463027954,0.5498837232589722,0.8159302473068237
0,carabao,0.9444558024406433,0.6521492600440979,0.11108837276697159,0.37190675735473633,0.6291404962539673
0,carabao,0.8990511894226074,0.2309706211090088,0.20189766585826874,0.44854623079299927,0.5570763945579529
0,carabao,0.30485495924949646,0.8891911506652832,0.2549099922180176,0.2216176986694336,0.38945403695106506
