class,class_name,centroid_x,centroid_y,box_width,box_height,confidence
2,indian,0.6778064370155334,0.5738627910614014,0.11398687213659286,0.19028450548648834,0.8245577216148376
2,indian,0.7411366701126099,0.5136772394180298,0.11265888065099716,0.17349429428577423,0.8160526752471924
2,indian,0.7338606119155884,0.7036762833595276,0.12172937393188477,0.1815267950296402,0.8141566514968872
2,indian,0.7527558207511902,0.2729528844356537,0.09651947021484375,0.15932968258857727,0.7597393989562988
2,indian,0.6079615950584412,0.09051795303821564,0.1119016632437706,0.15744595229625702,0.6825560331344604
