class,class_name,centroid_x,centroid_y,box_width,box_height,confidence
0,carabao,0.8047707080841064,0.4954706132411957,0.3505061864852905,0.1536335051059723,0.8145990967750549
0,carabao,0.5081573128700256,0.5046262741088867,0.30464446544647217,0.15908832848072052,0.7877116799354553
0,carabao,0.6388846635818481,0.683416485786438,0.35168829560279846,0.1928209364414215,0.7791939973831177
0,carabao,0.4654270112514496,0.6706176996231079,0.26838159561157227,0.17628249526023865,0.5927060842514038
