class,class_name,centroid_x,centroid_y,box_width,box_height,confidence
0,carabao,0.5951531529426575,0.8008303642272949,0.32870638370513916,0.39833933115005493,0.8319493532180786
0,carabao,0.6772377490997314,0.44868654012680054,0.3606853485107422,0.4466985762119293,0.8036447763442993
0,carabao,0.36235010623931885,0.3721943199634552,0.3150201141834259,0.355888307094574,0.7982963919639587
0,carabao,0.23165377974510193,0.7790688276290894,0.29130682349205017,0.33469122648239136,0.7822721600532532
0,carabao,0.3823499083518982,0.6525408625602722,0.2980189025402069,0.31208762526512146,0.7764959335327148
0,carabao,0.8804886937141418,0.0690237432718277,0.17010293900966644,0.13648420572280884,0.6482273936271667
0,carabao,0.1758364588022232,0.9592334032058716,0.3516729176044464,0.08153323829174042,0.20691849291324615
