class,class_name,centroid_x,centroid_y,box_width,box_height,confidence
0,carabao,0.6481096744537354,0.5222278833389282,0.3148689270019531,0.33004170656204224,0.8243666887283325
0,carabao,0.5051819086074829,0.6617934703826904,0.2891133725643158,0.38223734498023987,0.8177267909049988
0,carabao,0.1922677606344223,0.6555994749069214,0.35345661640167236,0.3831731677055359,0.8139413595199585
0,carabao,0.388366162776947,0.34423738718032837,0.27313244342803955,0.3690314292907715,0.7912358641624451
0,carabao,0.18308159708976746,0.3573906421661377,0.24875138700008392,0.31411486864089966,0.7213699221611023
0,carabao,0.6389744877815247,0.34761443734169006,0.2710075080394745,0.23428010940551758,0.695473849773407
0,carabao,0.6112052798271179,0.8137550354003906,0.23508161306381226,0.3379336893558502,0.691402018070221
0,carabao,0.3774113953113556,0.8052312135696411,0.23183581233024597,0.2642419934272766,0.6224679350852966
