class,class_name,centroid_x,centroid_y,box_width,box_height,confidence
0,carabao,0.6618673801422119,0.5754925012588501,0.38485631346702576,0.33339688181877136,0.834627091884613
0,carabao,0.4663516879081726,0.7628364562988281,0.296456903219223,0.25438791513442993,0.8146940469741821
0,carabao,0.4405278265476227,0.4615176320075989,0.26739442348480225,0.2167576402425766,0.8017303943634033
0,carabao,0.7832237482070923,0.6757856011390686,0.31027716398239136,0.22961832582950592,0.7818425893783569
0,carabao,0.5458197593688965,0.310756117105484,0.23280887305736542,0.19526852667331696,0.7568467855453491
0,carabao,0.8807422518730164,0.5035068988800049,0.20442886650562286,0.1733224242925644,0.7495580911636353
0,carabao,0.6870876550674438,0.41109350323677063,0.3073005676269531,0.19172586500644684,0.7357315421104431
