class,class_name,centroid_x,centroid_y,box_width,box_height,confidence
2,indian,0.572627604007721,0.6822960376739502,0.1973036527633667,0.11828794330358505,0.8155488967895508
2,indian,0.7049269080162048,0.7314997315406799,0.18515168130397797,0.11396265029907227,0.7932089567184448
2,indian,0.5137526988983154,0.7376800775527954,0.18584713339805603,0.1142650619149208,0.7908037900924683
2,indian,0.08960822224617004,0.6073700785636902,0.15398651361465454,0.101068876683712,0.7556302547454834
2,indian,0.27181583642959595,0.7500792145729065,0.1617218255996704,0.10416726768016815,0.7300369739532471
2,indian,0.24167723953723907,0.68489670753479,0.12038452923297882,0.0614444725215435,0.22132278978824615
