class,class_name,centroid_x,centroid_y,box_width,box_height,confidence
0,carabao,0.6855523586273193,0.2681397497653961,0.3011876046657562,0.5340118408203125,0.84196537733078
0,carabao,0.49189049005508423,0.7562891840934753,0.23167476058006287,0.48742160201072693,0.7865333557128906
0,carabao,0.25062093138694763,0.5645582675933838,0.3566702902317047,0.5882908701896667,0.7807754874229431
0,carabao,0.377872496843338,0.362764835357666,0.21546225249767303,0.4332748353481293,0.7755697965621948
0,carabao,0.5064541101455688,0.2704557180404663,0.17613133788108826,0.390434205532074,0.6524761319160461
