class,class_name,centroid_x,centroid_y,box_width,box_height,confidence
0,carabao,0.43810445070266724,0.4767325818538666,0.8637205362319946,0.5144071578979492,0.7879663705825806
