class,class_name,centroid_x,centroid_y,box_width,box_height,confidence
1,flower,0.38830018043518066,0.5015833973884583,0.05576639249920845,0.07646086066961288,0.30382680892944336
1,flower,0.44447842240333557,0.4928044378757477,0.04637737199664116,0.055145978927612305,0.2502358555793762
1,flower,0.4368099272251129,0.33613479137420654,0.041669465601444244,0.056112371385097504,0.2464323341846466
1,flower,0.3174075484275818,0.5968441963195801,0.030360888689756393,0.03997458890080452,0.2448045015335083
1,flower,0.3821967542171478,0.6164012551307678,0.03200569003820419,0.050951749086380005,0.2326030135154724
1,flower,0.44068947434425354,0.3377186357975006,0.03171577304601669,0.04712587594985962,0.2255278080701828
1,flower,0.4935971796512604,0.3453129827976227,0.06046600267291069,0.07541517168283463,0.2164759635925293
1,flower,0.6195977926254272,0.5000452995300293,0.027654647827148438,0.043496862053871155,0.2145087867975235
1,flower,0.5020944476127625,0.6290929317474365,0.052240751683712006,0.07845510542392731,0.20507976412773132
