class,class_name,centroid_x,centroid_y,box_width,box_height,confidence
0,carabao,0.6621248722076416,0.538689911365509,0.6667948961257935,0.5917848348617554,0.799299418926239
0,carabao,0.36388760805130005,0.3217652440071106,0.6280732154846191,0.5383222103118896,0.7670810222625732
