class,class_name,centroid_x,centroid_y,box_width,box_height,confidence
0,carabao,0.24556736648082733,0.6549603343009949,0.48221904039382935,0.5162299871444702,0.8197189569473267
0,carabao,0.7049261927604675,0.40416547656059265,0.5901476144790649,0.59634929895401,0.7995344996452332
0,carabao,0.48434367775917053,0.5714216232299805,0.4801335334777832,0.5440681576728821,0.7486317753791809
