class,class_name,centroid_x,centroid_y,box_width,box_height,confidence
0,carabao,0.6211177110671997,0.4368137717247009,0.371945321559906,0.402548611164093,0.846299409866333
0,carabao,0.31292110681533813,0.2923283874988556,0.2495911419391632,0.512606680393219,0.8408825993537903
0,carabao,0.4380738139152527,0.7161046266555786,0.2755122780799866,0.4890212416648865,0.8337534666061401
0,carabao,0.19550016522407532,0.665730357170105,0.24078455567359924,0.48883092403411865,0.83049076795578
0,carabao,0.7406430244445801,0.7614131569862366,0.35176852345466614,0.3570193350315094,0.812943696975708
0,carabao,0.2927740514278412,0.9043805599212646,0.2877320349216461,0.18752650916576385,0.3205201327800751
