class,class_name,centroid_x,centroid_y,box_width,box_height,confidence
0,carabao,0.37167102098464966,0.25832119584083557,0.6314678192138672,0.49824175238609314,0.8099979162216187
0,carabao,0.563217043876648,0.7186713814735413,0.7532874345779419,0.5333681702613831,0.7856608033180237
0,carabao,0.7401984333992004,0.4645752012729645,0.5196031332015991,0.40873920917510986,0.7040039896965027
