class,class_name,centroid_x,centroid_y,box_width,box_height,confidence
0,carabao,0.672344982624054,0.6528550386428833,0.4545336365699768,0.6132180094718933,0.8092553019523621
0,carabao,0.3485601544380188,0.47111159563064575,0.4199853241443634,0.5580877065658569,0.807747483253479
0,carabao,0.06686420738697052,0.9412490725517273,0.13372841477394104,0.11624526977539062,0.4637549817562103
0,carabao,0.0920264720916748,0.5518379211425781,0.16971585154533386,0.16714516282081604,0.3183003067970276
