class,class_name,centroid_x,centroid_y,box_width,box_height,confidence
0,carabao,0.3384879529476166,0.6579809188842773,0.45652300119400024,0.630017876625061,0.7954850196838379
0,carabao,0.6491348743438721,0.47776365280151367,0.421621710062027,0.5586845278739929,0.7774875164031982
0,carabao,0.9301528334617615,0.9414256811141968,0.13969434797763824,0.11561393737792969,0.5762031078338623
0,carabao,0.8844926357269287,0.5545620322227478,0.12876459956169128,0.16017809510231018,0.4148378074169159
