class,class_name,centroid_x,centroid_y,box_width,box_height,confidence
0,carabao,0.561316192150116,0.5845761299133301,0.4576024115085602,0.5832014083862305,0.705909013748169
