class,class_name,centroid_x,centroid_y,box_width,box_height,confidence
0,carabao,0.7338359951972961,0.640673041343689,0.5146352648735046,0.27743369340896606,0.8131003379821777
0,carabao,0.6431695818901062,0.16473831236362457,0.60251784324646,0.2977036237716675,0.7872322797775269
0,carabao,0.5940190553665161,0.4126497209072113,0.572296142578125,0.27976399660110474,0.7853083610534668
0,carabao,0.45310184359550476,0.8018003702163696,0.5244674682617188,0.3963994085788727,0.7638199925422668
