class,class_name,centroid_x,centroid_y,box_width,box_height,confidence
0,carabao,0.4612754285335541,0.30341705679893494,0.6916228532791138,0.4072539508342743,0.810826301574707
0,carabao,0.5449293255805969,0.633561909198761,0.7640010714530945,0.4490591585636139,0.7288082838058472
