class,class_name,centroid_x,centroid_y,box_width,box_height,confidence
2,indian,0.35831400752067566,0.31451067328453064,0.3473359942436218,0.21049842238426208,0.859703004360199
2,indian,0.19432571530342102,0.5031675100326538,0.3685063421726227,0.16886596381664276,0.8559571504592896
2,indian,0.49861013889312744,0.4980197846889496,0.3055901527404785,0.17818813025951385,0.8467798233032227
2,indian,0.5364299416542053,0.3257625699043274,0.2668604850769043,0.1959247589111328,0.7949605584144592
