class,class_name,centroid_x,centroid_y,box_width,box_height,confidence
1,flower,0.31334012746810913,0.39568954706192017,0.42831650376319885,0.6150504350662231,0.49858149886131287
1,flower,0.2836235761642456,0.8231474161148071,0.15397319197654724,0.1469779908657074,0.3097676932811737
1,flower,0.7080487608909607,0.524807333946228,0.3176005482673645,0.1388540267944336,0.30661994218826294
1,flower,0.4259229004383087,0.863871693611145,0.46512463688850403,0.27146396040916443,0.29708215594291687
1,flower,0.33519497513771057,0.24040135741233826,0.15212124586105347,0.13094931840896606,0.2866898775100708
1,flower,0.5988589525222778,0.611909031867981,0.5187707543373108,0.3261984884738922,0.2829180955886841
