class,class_name,centroid_x,centroid_y,box_width,box_height,confidence
0,carabao,0.3420284390449524,0.6176760196685791,0.397225558757782,0.1973055899143219,0.8452048897743225
0,carabao,0.3104245066642761,0.33082008361816406,0.4593835771083832,0.20752277970314026,0.8366236686706543
0,carabao,0.19324512779712677,0.11076285690069199,0.38649025559425354,0.21757832169532776,0.8147598505020142
0,carabao,0.45499223470687866,0.23862163722515106,0.3947616517543793,0.2044437825679779,0.7541097402572632
0,carabao,0.45857763290405273,0.4286634922027588,0.4321720004081726,0.20673322677612305,0.7521395683288574
0,carabao,0.5910452604293823,0.6858171820640564,0.2852559983730316,0.22219915688037872,0.7386950254440308
0,carabao,0.34979692101478577,0.7357054948806763,0.3745524287223816,0.17993402481079102,0.6977142095565796
0,carabao,0.05429280921816826,0.8906667828559875,0.10858561843633652,0.2186664640903473,0.569639265537262
0,carabao,0.24871225655078888,0.5293618440628052,0.24930238723754883,0.13753947615623474,0.5641157031059265
