class,class_name,centroid_x,centroid_y,box_width,box_height,confidence
0,carabao,0.3364017903804779,0.4254847764968872,0.3688165545463562,0.3174433410167694,0.8498008251190186
0,carabao,0.5342713594436646,0.23485837876796722,0.2761308550834656,0.2458806335926056,0.8301391005516052
0,carabao,0.5590914487838745,0.535736620426178,0.269077867269516,0.20406033098697662,0.8174890875816345
0,carabao,0.4535883367061615,0.6834582686424255,0.22678308188915253,0.1958789825439453,0.7801306843757629
0,carabao,0.12644749879837036,0.48728689551353455,0.21349570155143738,0.1805698424577713,0.7536163926124573
0,carabao,0.3041148781776428,0.5789147615432739,0.2818812429904938,0.19378791749477386,0.7427672743797302
0,carabao,0.21668541431427002,0.31946688890457153,0.30636143684387207,0.2480299025774002,0.7266719341278076
