class,class_name,centroid_x,centroid_y,box_width,box_height,confidence
0,carabao,0.6564002633094788,0.4628382623195648,0.5540808439254761,0.6335804462432861,0.7644638419151306
