class,class_name,centroid_x,centroid_y,box_width,box_height,confidence
2,indian,0.4780154228210449,0.7425245642662048,0.2830337584018707,0.3358106017112732,0.788844645023346
2,indian,0.22797830402851105,0.7441311478614807,0.27786558866500854,0.3214031159877777,0.725454568862915
2,indian,0.4814663827419281,0.31886324286460876,0.23514482378959656,0.39300233125686646,0.6671518683433533
2,indian,0.3407794237136841,0.42745164036750793,0.2941419184207916,0.4458843171596527,0.661175549030304
