class,class_name,centroid_x,centroid_y,box_width,box_height,confidence
2,indian,0.591408371925354,0.392110139131546,0.43262481689453125,0.4444618225097656,0.8653594255447388
2,indian,0.35808485746383667,0.6628758907318115,0.46253567934036255,0.537274956703186,0.8321795463562012
