class,class_name,centroid_x,centroid_y,box_width,box_height,confidence
0,carabao,0.5224181413650513,0.51202791929245,0.8521088361740112,0.5059372186660767,0.789116382598877
