class,class_name,centroid_x,centroid_y,box_width,box_height,confidence
1,flower,0.4261849820613861,0.5211811065673828,0.08672122657299042,0.1354047805070877,0.4465712010860443
1,flower,0.5499864816665649,0.491090327501297,0.11695881187915802,0.19842536747455597,0.3401491641998291
1,flower,0.4721096158027649,0.48057296872138977,0.04107551649212837,0.10552118718624115,0.2557964324951172
1,flower,0.5075761079788208,0.4954262673854828,0.031566523015499115,0.06004190072417259,0.240936741232872
1,flower,0.4509580731391907,0.6653185486793518,0.19478094577789307,0.17408400774002075,0.21014991402626038
