class,class_name,centroid_x,centroid_y,box_width,box_height,confidence
0,carabao,0.8814166188240051,0.6232885122299194,0.23716683685779572,0.3144550323486328,0.8135705590248108
0,carabao,0.7805643081665039,0.2190975546836853,0.4388713836669922,0.4350508451461792,0.7864338755607605
0,carabao,0.39679720997810364,0.49113136529922485,0.6788288354873657,0.5175800919532776,0.7766951322555542
