class,class_name,centroid_x,centroid_y,box_width,box_height,confidence
1,flower,0.4971650540828705,0.5695168375968933,0.9733845591545105,0.755450427532196,0.9613515138626099
