class,class_name,centroid_x,centroid_y,box_width,box_height,confidence
0,carabao,0.34196481108665466,0.7148918509483337,0.4227798581123352,0.44900602102279663,0.8308508992195129
0,carabao,0.6049383878707886,0.4666244089603424,0.33505648374557495,0.2607470750808716,0.8228753805160522
0,carabao,0.5803535580635071,0.7857750058174133,0.29181259870529175,0.2616218626499176,0.8139044046401978
0,carabao,0.3025394082069397,0.4369988739490509,0.3754357397556305,0.27044373750686646,0.8067654967308044
0,carabao,0.45143646001815796,0.23992186784744263,0.30552977323532104,0.2813102900981903,0.7852697372436523
0,carabao,0.11053466796875,0.4635475277900696,0.21298694610595703,0.2254515290260315,0.7107170224189758
0,carabao,0.1929096132516861,0.6473767757415771,0.21065017580986023,0.21012726426124573,0.6871597766876221
