class,class_name,centroid_x,centroid_y,box_width,box_height,confidence
0,carabao,0.2774326205253601,0.5588641166687012,0.49940353631973267,0.2783222198486328,0.8524299263954163
0,carabao,0.32692572474479675,0.8089401125907898,0.5011589527130127,0.23834891617298126,0.8396450281143188
0,carabao,0.6953819394111633,0.6897242069244385,0.511515736579895,0.25783222913742065,0.8283183574676514
0,carabao,0.23655152320861816,0.2592323422431946,0.36235377192497253,0.33999761939048767,0.8195372819900513
0,carabao,0.5674495697021484,0.3861333429813385,0.3913956880569458,0.3751860558986664,0.818382978439331
0,carabao,0.10731423646211624,0.6967341303825378,0.21462847292423248,0.3102497160434723,0.3573576509952545
