class,class_name,centroid_x,centroid_y,box_width,box_height,confidence
1,flower,0.509545087814331,0.5699030160903931,0.9569761157035828,0.754352867603302,0.9694739580154419
