class,class_name,centroid_x,centroid_y,box_width,box_height,confidence
0,carabao,0.4140263497829437,0.4363569915294647,0.307036429643631,0.24937184154987335,0.8153994679450989
0,carabao,0.2259807139635086,0.5953111052513123,0.20242786407470703,0.17941483855247498,0.7830302715301514
0,carabao,0.6315681338310242,0.40329232811927795,0.13717421889305115,0.10434532165527344,0.5768874883651733
0,carabao,0.5071277618408203,0.47929367423057556,0.22184935212135315,0.17674566805362701,0.4894205331802368
