class,class_name,centroid_x,centroid_y,box_width,box_height,confidence
2,indian,0.2685450315475464,0.4603617787361145,0.16308803856372833,0.20580065250396729,0.8500920534133911
2,indian,0.44209542870521545,0.5907365083694458,0.17725133895874023,0.22044840455055237,0.8399262428283691
2,indian,0.5371004939079285,0.4811813235282898,0.20343665778636932,0.2399076521396637,0.8359754085540771
2,indian,0.535650908946991,0.1801094114780426,0.21171531081199646,0.24774837493896484,0.8197661638259888
2,indian,0.6907795071601868,0.524182140827179,0.18960514664649963,0.22206401824951172,0.7988950610160828
