class,class_name,centroid_x,centroid_y,box_width,box_height,confidence
0,carabao,0.266769677400589,0.6403679251670837,0.4953269958496094,0.6430634260177612,0.8193334341049194
0,carabao,0.7173777222633362,0.4470042586326599,0.5457079410552979,0.811081051826477,0.7754186987876892
0,carabao,0.45488184690475464,0.23379158973693848,0.37726402282714844,0.46758317947387695,0.7624733448028564
0,carabao,0.38219085335731506,0.03423495218157768,0.2813103497028351,0.06846990436315536,0.4917328357696533
