class,class_name,centroid_x,centroid_y,box_width,box_height,confidence
2,indian,0.5350953340530396,0.48322972655296326,0.8238797187805176,0.5921117663383484,0.8423584699630737
2,indian,0.27855804562568665,0.18207167088985443,0.5571160912513733,0.36414334177970886,0.7527627944946289
2,indian,0.21018162369728088,0.8106842041015625,0.42036324739456177,0.3710135817527771,0.7166968584060669
2,indian,0.851822555065155,0.14096736907958984,0.29635486006736755,0.2819347381591797,0.6015836000442505
2,indian,0.8152093887329102,0.36781197786331177,0.3695811927318573,0.3454410433769226,0.32887399196624756
2,indian,0.5855516195297241,0.1117628812789917,0.32960638403892517,0.2226552516222,0.27240708470344543
