class,class_name,centroid_x,centroid_y,box_width,box_height,confidence
0,carabao,0.4629007875919342,0.351275771856308,0.5863332748413086,0.40679842233657837,0.799204409122467
0,carabao,0.6588727831840515,0.6728003025054932,0.6583282351493835,0.439946711063385,0.7872017621994019
0,carabao,0.9393588900566101,0.06040508300065994,0.12128210067749023,0.11958393454551697,0.6170861721038818
0,carabao,0.5574981570243835,0.10234133899211884,0.17342853546142578,0.11493904143571854,0.39239948987960815
