class,class_name,centroid_x,centroid_y,box_width,box_height,confidence
0,carabao,0.5717244148254395,0.4545361399650574,0.6512418985366821,0.4720171093940735,0.8136665225028992
0,carabao,0.29690486192703247,0.6022440791130066,0.35354670882225037,0.33658358454704285,0.7934213280677795
0,carabao,0.488356351852417,0.8403248190879822,0.21989412605762482,0.17885863780975342,0.7464643120765686
