class,class_name,centroid_x,centroid_y,box_width,box_height,confidence
0,carabao,0.6191145181655884,0.6515035629272461,0.20104923844337463,0.39341527223587036,0.8388140201568604
0,carabao,0.1147645115852356,0.8106206655502319,0.21959373354911804,0.37304988503456116,0.8245280981063843
0,carabao,0.3330152928829193,0.6859302520751953,0.2076609581708908,0.45877915620803833,0.8130439519882202
0,carabao,0.24232491850852966,0.545459508895874,0.19736604392528534,0.3963167071342468,0.7837715148925781
0,carabao,0.6843098402023315,0.41881951689720154,0.24060878157615662,0.2851315438747406,0.7498512268066406
0,carabao,0.4362317621707916,0.539685845375061,0.2212812453508377,0.4460836350917816,0.6957854628562927
0,carabao,0.7480765581130981,0.6503280997276306,0.17367687821388245,0.3505263328552246,0.6818786859512329
0,carabao,0.5297958850860596,0.7595668435096741,0.1385682076215744,0.22636918723583221,0.6603330373764038
0,carabao,0.8874481916427612,0.9452616572380066,0.22510352730751038,0.10947666317224503,0.4467306435108185
