class,class_name,centroid_x,centroid_y,box_width,box_height,confidence
0,carabao,0.4268275201320648,0.46708428859710693,0.6253095865249634,0.4193193316459656,0.7816365361213684
