class,class_name,centroid_x,centroid_y,box_width,box_height,confidence
0,carabao,0.3356783092021942,0.8885577917098999,0.49593836069107056,0.22178077697753906,0.8345676064491272
0,carabao,0.24329128861427307,0.20073683559894562,0.36614876985549927,0.40147367119789124,0.8262743353843689
0,carabao,0.2777974605560303,0.5870121717453003,0.5068842768669128,0.4260767102241516,0.7876465916633606
0,carabao,0.696169376373291,0.7825344800949097,0.5401273965835571,0.39321860671043396,0.7846231460571289
0,carabao,0.5722118616104126,0.3300040066242218,0.39570677280426025,0.564883828163147,0.7658259868621826
0,carabao,0.10855408012866974,0.7745282053947449,0.21710816025733948,0.44629114866256714,0.6057063937187195
0,carabao,0.055508553981781006,0.361921489238739,0.10977824032306671,0.3743986189365387,0.5454520583152771
0,carabao,0.054535090923309326,0.12238211929798126,0.10907018184661865,0.24476423859596252,0.372554212808609
0,carabao,0.8073595762252808,0.07342108339071274,0.17028065025806427,0.14604541659355164,0.21873748302459717
