class,class_name,centroid_x,centroid_y,box_width,box_height,confidence
0,carabao,0.42111995816230774,0.6093080639839172,0.3228628933429718,0.44546088576316833,0.8162237405776978
0,carabao,0.6253173351287842,0.6969943046569824,0.2873435616493225,0.45296746492385864,0.7490575909614563
