class,class_name,centroid_x,centroid_y,box_width,box_height,confidence
0,carabao,0.4863879680633545,0.6345056891441345,0.6689702272415161,0.4952901005744934,0.7068453431129456
0,carabao,0.6022939085960388,0.32922253012657166,0.39054155349731445,0.4300154745578766,0.5411402583122253
