class,class_name,centroid_x,centroid_y,box_width,box_height,confidence
0,carabao,0.8364623785018921,0.6351277828216553,0.30933094024658203,0.5611854791641235,0.8125280737876892
0,carabao,0.20242249965667725,0.4509958326816559,0.4048449993133545,0.5086016058921814,0.8042250871658325
0,carabao,0.3542385399341583,0.736450731754303,0.2958239018917084,0.5081482529640198,0.7761303186416626
0,carabao,0.5899214744567871,0.576589047908783,0.2885812819004059,0.5615699887275696,0.7395586371421814
