class,class_name,centroid_x,centroid_y,box_width,box_height,confidence
2,indian,0.3882521390914917,0.38356417417526245,0.34381088614463806,0.21254463493824005,0.7854452133178711
2,indian,0.4247627854347229,0.5604509115219116,0.3497239053249359,0.2631242871284485,0.7516503930091858
