class,class_name,centroid_x,centroid_y,box_width,box_height,confidence
0,carabao,0.5491269826889038,0.4526832103729248,0.47262415289878845,0.17796564102172852,0.8098939657211304
0,carabao,0.5610384345054626,0.3330601155757904,0.45077821612358093,0.14473514258861542,0.7566003799438477
