class,class_name,centroid_x,centroid_y,box_width,box_height,confidence
0,carabao,0.5755364894866943,0.4601591229438782,0.2351098358631134,0.24696023762226105,0.7960956692695618
0,carabao,0.48828569054603577,0.3436546325683594,0.18700841069221497,0.21974697709083557,0.7726459503173828
0,carabao,0.6099435091018677,0.6361881494522095,0.21820424497127533,0.1975688934326172,0.7589223980903625
0,carabao,0.7874351143836975,0.3772301971912384,0.11180076748132706,0.08850417286157608,0.5821424722671509
