class,class_name,centroid_x,centroid_y,box_width,box_height,confidence
0,carabao,0.4557035267353058,0.4236801266670227,0.4906427562236786,0.6451654434204102,0.82514488697052
0,carabao,0.6052676439285278,0.7045245170593262,0.3517758846282959,0.34185999631881714,0.7903262376785278
0,carabao,0.4121400713920593,0.8616645932197571,0.1975211352109909,0.2766708433628082,0.33753839135169983
0,carabao,0.8345462083816528,0.5055598020553589,0.20699584484100342,0.22092664241790771,0.33385857939720154
