class,class_name,centroid_x,centroid_y,box_width,box_height,confidence
0,carabao,0.5169047117233276,0.45484912395477295,0.21341438591480255,0.6241786479949951,0.8322564959526062
