class,class_name,centroid_x,centroid_y,box_width,box_height,confidence
0,carabao,0.35412952303886414,0.6518452763557434,0.3832595646381378,0.13920554518699646,0.8518965244293213
0,carabao,0.7043395638465881,0.5470162630081177,0.3275716304779053,0.16014595329761505,0.828467071056366
0,carabao,0.27169057726860046,0.5597076416015625,0.3391592800617218,0.13594551384449005,0.7972187995910645
0,carabao,0.5683243870735168,0.3905532956123352,0.3693988025188446,0.20773783326148987,0.7930887937545776
0,carabao,0.4641755521297455,0.5241581201553345,0.29483142495155334,0.16525793075561523,0.775278627872467
0,carabao,0.46564796566963196,0.43468227982521057,0.2142159640789032,0.10590837150812149,0.31755125522613525
0,carabao,0.44913312792778015,0.4278951585292816,0.17562539875507355,0.08399124443531036,0.2147287279367447
