class,class_name,centroid_x,centroid_y,box_width,box_height,confidence
0,carabao,0.6036397814750671,0.41594746708869934,0.4560790956020355,0.3348223865032196,0.8317243456840515
0,carabao,0.6951667666435242,0.6225014328956604,0.4605392515659332,0.27246931195259094,0.7671853303909302
