class,class_name,centroid_x,centroid_y,box_width,box_height,confidence
0,carabao,0.5804533958435059,0.4625946879386902,0.4696016311645508,0.3111192584037781,0.7822200059890747
0,carabao,0.29592546820640564,0.7240816950798035,0.3584674000740051,0.514277458190918,0.7606652975082397
0,carabao,0.6187423467636108,0.1725977212190628,0.5023438334465027,0.31392717361450195,0.7533795237541199
0,carabao,0.26322251558303833,0.3467210829257965,0.4642210602760315,0.33462315797805786,0.7500141263008118
0,carabao,0.665995717048645,0.7251248955726624,0.46900302171707153,0.31807032227516174,0.7366304993629456
