class,class_name,centroid_x,centroid_y,box_width,box_height,confidence
1,flower,0.4441033601760864,0.5695611834526062,0.22416941821575165,0.1985638588666916,0.579768180847168
1,flower,0.48737913370132446,0.7282570600509644,0.19357436895370483,0.1695898026227951,0.5622748136520386
1,flower,0.20070812106132507,0.6167279481887817,0.21606111526489258,0.12023105472326279,0.4584663212299347
1,flower,0.5666585564613342,0.8569062948226929,0.11415502429008484,0.1577412188053131,0.45211145281791687
1,flower,0.26988911628723145,0.6875671148300171,0.1771259903907776,0.12881812453269958,0.3840528726577759
1,flower,0.4802600145339966,0.8898307085037231,0.10490693151950836,0.20294705033302307,0.37511804699897766
1,flower,0.278995543718338,0.5004334449768066,0.26206743717193604,0.14082574844360352,0.23260657489299774
1,flower,0.19348709285259247,0.27275675535202026,0.38626378774642944,0.5249947309494019,0.22405105829238892
1,flower,0.3352339565753937,0.49755850434303284,0.14333969354629517,0.1320514678955078,0.20530210435390472
