class,class_name,centroid_x,centroid_y,box_width,box_height,confidence
2,indian,0.7467519044876099,0.4820842444896698,0.18006296455860138,0.23206827044487,0.8654775023460388
2,indian,0.634833812713623,0.3515649139881134,0.2224840223789215,0.2653515636920929,0.856696367263794
2,indian,0.44594019651412964,0.6229120492935181,0.1844274252653122,0.2299896776676178,0.8542064428329468
2,indian,0.6223180890083313,0.6431307196617126,0.21163825690746307,0.24191570281982422,0.8486840724945068
2,indian,0.3707326352596283,0.381857693195343,0.21379318833351135,0.2640504837036133,0.8435826897621155
2,indian,0.5206923484802246,0.4849085509777069,0.20387764275074005,0.3127424120903015,0.8410699367523193
2,indian,0.5071666836738586,0.3279266953468323,0.1238950714468956,0.11366379261016846,0.4668717682361603
2,indian,0.5042102932929993,0.31930211186408997,0.1326410323381424,0.15346303582191467,0.23385491967201233
