class,class_name,centroid_x,centroid_y,box_width,box_height,confidence
0,carabao,0.8280884027481079,0.5242745280265808,0.34382325410842896,0.30931660532951355,0.7110376954078674
0,carabao,0.5440994501113892,0.4270137846469879,0.4703465402126312,0.23280370235443115,0.6779064536094666
0,carabao,0.4454140365123749,0.6017602682113647,0.4347670376300812,0.25737684965133667,0.6288957595825195
2,indian,0.11750952899456024,0.024248946458101273,0.08664657175540924,0.048497892916202545,0.6039032936096191
