class,class_name,centroid_x,centroid_y,box_width,box_height,confidence
0,carabao,0.5359528660774231,0.3394458591938019,0.6546190977096558,0.5339534282684326,0.7747642397880554
