class,class_name,centroid_x,centroid_y,box_width,box_height,confidence
1,flower,0.5454250574111938,0.2864198684692383,0.2741697430610657,0.46257492899894714,0.4182228147983551
1,flower,0.3753722608089447,0.44576266407966614,0.730296790599823,0.8709672689437866,0.35490354895591736
1,flower,0.49578505754470825,0.4504607617855072,0.4010019302368164,0.8689354658126831,0.33402392268180847
1,flower,0.43085813522338867,0.5191555619239807,0.23843081295490265,0.49455100297927856,0.33115556836128235
1,flower,0.5421392321586609,0.21576546132564545,0.26695290207862854,0.38007304072380066,0.312193900346756
1,flower,0.17157217860221863,0.6202437281608582,0.21220120787620544,0.3301292657852173,0.2988298833370209
1,flower,0.1971851885318756,0.4412010908126831,0.3734000325202942,0.7621517181396484,0.2508862614631653
