class,class_name,centroid_x,centroid_y,box_width,box_height,confidence
0,carabao,0.3995620310306549,0.2949411869049072,0.34905704855918884,0.355461984872818,0.8321918845176697
0,carabao,0.5508318543434143,0.5646826028823853,0.4833945631980896,0.6497100591659546,0.8078787922859192
0,carabao,0.15482157468795776,0.4857114255428314,0.19386327266693115,0.22887906432151794,0.4665074348449707
0,carabao,0.5808789730072021,0.1268303245306015,0.22809384763240814,0.253660649061203,0.2712084650993347
