class,class_name,centroid_x,centroid_y,box_width,box_height,confidence
0,carabao,0.6180418133735657,0.48565787076950073,0.7401573061943054,0.5855924487113953,0.8175922632217407
