class,class_name,centroid_x,centroid_y,box_width,box_height,confidence
1,flower,0.8616264462471008,0.4160791337490082,0.2720230221748352,0.2054862678050995,0.37296685576438904
1,flower,0.6262675523757935,0.1428147256374359,0.11560321599245071,0.06373336166143417,0.3344824016094208
1,flower,0.21926820278167725,0.3846072554588318,0.3553627133369446,0.22887277603149414,0.2644512355327606
1,flower,0.5383791327476501,0.6162512898445129,0.10732574760913849,0.059667397290468216,0.2607535719871521
1,flower,0.68269282579422,0.18293927609920502,0.13219231367111206,0.06683151423931122,0.25665467977523804
0,carabao,0.7731258869171143,0.46423864364624023,0.16115756332874298,0.08352317661046982,0.2235679179430008
1,flower,0.519938588142395,0.3181285262107849,0.0985972061753273,0.05530900880694389,0.2211971879005432
0,carabao,0.48294878005981445,0.9108854532241821,0.1207718774676323,0.06995658576488495,0.20849840342998505
0,carabao,0.46541935205459595,0.5351322293281555,0.13499705493450165,0.07463721930980682,0.2044292390346527
