class,class_name,centroid_x,centroid_y,box_width,box_height,confidence
0,carabao,0.5519424676895142,0.380219429731369,0.7097857594490051,0.41680800914764404,0.8116709589958191
0,carabao,0.4696202278137207,0.7137327194213867,0.703364372253418,0.43116822838783264,0.7395176291465759
