class,class_name,centroid_x,centroid_y,box_width,box_height,confidence
0,carabao,0.33645695447921753,0.19762040674686432,0.48681551218032837,0.23540283739566803,0.8628786206245422
0,carabao,0.2751750349998474,0.4384932219982147,0.49567562341690063,0.2689880430698395,0.8593637347221375
0,carabao,0.23455190658569336,0.7362635731697083,0.36934328079223633,0.3333299458026886,0.8403172492980957
0,carabao,0.6901453137397766,0.3139645755290985,0.5317761898040771,0.25810864567756653,0.8361905813217163
0,carabao,0.5673781037330627,0.6155245304107666,0.3961472511291504,0.3624783456325531,0.8129656314849854
0,carabao,0.09106971323490143,0.31094974279403687,0.18087899684906006,0.30918198823928833,0.4796360433101654
0,carabao,0.052792083472013474,0.6073467135429382,0.10558416694402695,0.25173547863960266,0.3281250596046448
