class,class_name,centroid_x,centroid_y,box_width,box_height,confidence
0,carabao,0.4933508634567261,0.6224223971366882,0.5942373871803284,0.7551552057266235,0.7972680330276489
