class,class_name,centroid_x,centroid_y,box_width,box_height,confidence
0,carabao,0.745246171951294,0.37817588448524475,0.4791744351387024,0.5946484804153442,0.8434498310089111
0,carabao,0.2841453552246094,0.5764325857162476,0.5305410027503967,0.7830093502998352,0.8017164468765259
0,carabao,0.5399158596992493,0.7514885067939758,0.37982097268104553,0.4970230162143707,0.7726913690567017
0,carabao,0.5999610424041748,0.962027907371521,0.2915836274623871,0.07594414055347443,0.32516324520111084
