class,class_name,centroid_x,centroid_y,box_width,box_height,confidence
2,indian,0.3070046603679657,0.4818909764289856,0.41440773010253906,0.24575567245483398,0.7349601984024048
2,indian,0.7440404295921326,0.22826585173606873,0.32680433988571167,0.2559518814086914,0.7213611602783203
2,indian,0.7419199347496033,0.480599969625473,0.3577791750431061,0.27347928285598755,0.610318660736084
2,indian,0.4313586354255676,0.33690544962882996,0.46334144473075867,0.2693527638912201,0.57045978307724
0,carabao,0.30596065521240234,0.47953885793685913,0.4190842807292938,0.22598771750926971,0.4153635799884796
