class,class_name,centroid_x,centroid_y,box_width,box_height,confidence
0,carabao,0.4809780716896057,0.5646628737449646,0.39523693919181824,0.5210787653923035,0.8347466588020325
0,carabao,0.7384898662567139,0.3635965883731842,0.3660579025745392,0.48342639207839966,0.8315232992172241
