class,class_name,centroid_x,centroid_y,box_width,box_height,confidence
0,carabao,0.2148391455411911,0.21019573509693146,0.4296782910823822,0.4203914701938629,0.806117057800293
0,carabao,0.6205113530158997,0.10690488666296005,0.323318213224411,0.2138097733259201,0.7904845476150513
0,carabao,0.49184176325798035,0.5920292139053345,0.5734912753105164,0.6821383237838745,0.7566450834274292
