class,class_name,centroid_x,centroid_y,box_width,box_height,confidence
0,carabao,0.33691200613975525,0.5455466508865356,0.5525088310241699,0.6368531584739685,0.7398031949996948
