class,class_name,centroid_x,centroid_y,box_width,box_height,confidence
0,carabao,0.80475252866745,0.4098292291164398,0.3904948830604553,0.3208869397640228,0.8547109961509705
0,carabao,0.4497600495815277,0.3182784914970398,0.4475863575935364,0.35974401235580444,0.822722852230072
0,carabao,0.37234824895858765,0.6359231472015381,0.3640725016593933,0.2884318232536316,0.7763859033584595
0,carabao,0.7820559740066528,0.7716435194015503,0.33990517258644104,0.2881637513637543,0.7759312391281128
0,carabao,0.6563379764556885,0.6168773174285889,0.3307841420173645,0.28967273235321045,0.7503783702850342
0,carabao,0.06967072188854218,0.12172819674015045,0.1378437578678131,0.16804052889347076,0.688997209072113
0,carabao,0.12616360187530518,0.02326015941798687,0.15316876769065857,0.044665805995464325,0.3814963102340698
2,indian,0.0779736191034317,0.02814377285540104,0.066658154129982,0.054749295115470886,0.365999698638916
2,indian,0.05859627574682236,0.027871115133166313,0.11046154797077179,0.0536491721868515,0.255547434091568
