class,class_name,centroid_x,centroid_y,box_width,box_height,confidence
0,carabao,0.6824983358383179,0.49151408672332764,0.3450731337070465,0.2963094115257263,0.7922118902206421
0,carabao,0.6392256021499634,0.7685823440551758,0.388822078704834,0.30076828598976135,0.7911913394927979
0,carabao,0.6843917965888977,0.25900882482528687,0.32177257537841797,0.3207973837852478,0.7684924006462097
