class,class_name,centroid_x,centroid_y,box_width,box_height,confidence
0,carabao,0.24518656730651855,0.7830972671508789,0.3663085103034973,0.35230985283851624,0.8535622358322144
0,carabao,0.7830201387405396,0.44368135929107666,0.3670629560947418,0.3070586025714874,0.8468178510665894
0,carabao,0.18843886256217957,0.5065000057220459,0.33650287985801697,0.28295189142227173,0.8207833766937256
0,carabao,0.5323151350021362,0.627999484539032,0.3838467597961426,0.3099563419818878,0.8076251745223999
0,carabao,0.38044261932373047,0.3319101333618164,0.33036136627197266,0.3729190230369568,0.7866071462631226
0,carabao,0.6854922771453857,0.15349820256233215,0.30759286880493164,0.2527523636817932,0.7796151041984558
0,carabao,0.7742156982421875,0.663648784160614,0.295405775308609,0.25819170475006104,0.705247700214386
0,carabao,0.8591889142990112,0.07949182391166687,0.2624620497226715,0.15898364782333374,0.36578822135925293
