class,class_name,centroid_x,centroid_y,box_width,box_height,confidence
0,carabao,0.49784916639328003,0.367271363735199,0.6545690298080444,0.5070425868034363,0.6900590658187866
0,carabao,0.6060059666633606,0.6710179448127747,0.3942079544067383,0.45074939727783203,0.556359052658081
