class,class_name,centroid_x,centroid_y,box_width,box_height,confidence
1,flower,0.4727919399738312,0.2939140200614929,0.18982179462909698,0.12069110572338104,0.42328107357025146
1,flower,0.5276987552642822,0.37333038449287415,0.13805940747261047,0.10060868412256241,0.2703936696052551
1,flower,0.7214967012405396,0.4910621643066406,0.06667666882276535,0.05079479143023491,0.26591795682907104
1,flower,0.7737878561019897,0.5224520564079285,0.07462108880281448,0.04964160919189453,0.2615010738372803
1,flower,0.8106881976127625,0.5462045669555664,0.063200943171978,0.04352932050824165,0.2600640058517456
1,flower,0.8095688819885254,0.5498113632202148,0.05517222359776497,0.03357677534222603,0.23465171456336975
1,flower,0.42388826608657837,0.45181065797805786,0.10772636532783508,0.07530403137207031,0.21607676148414612
