class,class_name,centroid_x,centroid_y,box_width,box_height,confidence
0,carabao,0.4266898036003113,0.37945735454559326,0.7106987237930298,0.4113708436489105,0.8181895017623901
0,carabao,0.5344987511634827,0.7065373659133911,0.6823084950447083,0.4226633310317993,0.7813148498535156
