class,class_name,centroid_x,centroid_y,box_width,box_height,confidence
0,carabao,0.5645292401313782,0.28801050782203674,0.5714740753173828,0.3375152349472046,0.7852948307991028
0,carabao,0.6092010736465454,0.7604632377624512,0.4383384585380554,0.2649310529232025,0.7803980708122253
0,carabao,0.6734272241592407,0.5407435894012451,0.5164752006530762,0.29325070977211,0.7743926048278809
0,carabao,0.3659741282463074,0.6781615018844604,0.3402022421360016,0.2130323350429535,0.6727351546287537
