class,class_name,centroid_x,centroid_y,box_width,box_height,confidence
0,carabao,0.7269244194030762,0.31271013617515564,0.5461511611938477,0.29339104890823364,0.8444063663482666
0,carabao,0.42870640754699707,0.747877299785614,0.6289985775947571,0.3440616726875305,0.8426799178123474
0,carabao,0.24285967648029327,0.5111104846000671,0.48571935296058655,0.2263241708278656,0.8105545043945312
0,carabao,0.6525662541389465,0.629584789276123,0.4393652081489563,0.2260301560163498,0.7906907796859741
0,carabao,0.7007134556770325,0.4976820945739746,0.4532272219657898,0.16298159956932068,0.6619791388511658
0,carabao,0.4014107584953308,0.9663345217704773,0.4023977220058441,0.06733093410730362,0.3177012503147125
0,carabao,0.4297104775905609,0.9721056222915649,0.32157859206199646,0.055788803845644,0.25652316212654114
