class,class_name,centroid_x,centroid_y,box_width,box_height,confidence
1,flower,0.3775049149990082,0.43136826157569885,0.20495957136154175,0.2554302513599396,0.2657456398010254
1,flower,0.5254648923873901,0.5885125994682312,0.22152280807495117,0.10879669338464737,0.2639111280441284
