class,class_name,centroid_x,centroid_y,box_width,box_height,confidence
0,carabao,0.49311819672584534,0.4532786011695862,0.5656968951225281,0.8230611085891724,0.7444756031036377
