class,class_name,centroid_x,centroid_y,box_width,box_height,confidence
0,carabao,0.4491904377937317,0.5097063183784485,0.8361099362373352,0.5095828771591187,0.7677377462387085
