class,class_name,centroid_x,centroid_y,box_width,box_height,confidence
0,carabao,0.7277072668075562,0.5368502736091614,0.5131213068962097,0.2426937073469162,0.8501399755477905
0,carabao,0.7609061002731323,0.29465779662132263,0.47818782925605774,0.2787494659423828,0.8408797383308411
0,carabao,0.25294017791748047,0.5063727498054504,0.5058803558349609,0.25207215547561646,0.8285547494888306
0,carabao,0.28087157011032104,0.734595775604248,0.5617431402206421,0.23678207397460938,0.8258673548698425
0,carabao,0.2818170487880707,0.23470263183116913,0.5525903105735779,0.2234240472316742,0.8232101202011108
0,carabao,0.7397128343582153,0.7443867921829224,0.492007315158844,0.23873654007911682,0.8213657140731812
0,carabao,0.3560180068016052,0.40425047278404236,0.48701056838035583,0.28816622495651245,0.8165652751922607
