class,class_name,centroid_x,centroid_y,box_width,box_height,confidence
2,indian,0.6410270929336548,0.6498841047286987,0.20942096412181854,0.25274327397346497,0.8738274574279785
2,indian,0.5189817547798157,0.5183647871017456,0.19138431549072266,0.29366543889045715,0.8701393604278564
2,indian,0.36499443650245667,0.632193386554718,0.19950810074806213,0.22642405331134796,0.8643925189971924
2,indian,0.4425520896911621,0.37839367985725403,0.16790637373924255,0.2370034009218216,0.8535182476043701
2,indian,0.6221657395362854,0.35711976885795593,0.20576563477516174,0.2373695969581604,0.8404740691184998
2,indian,0.7450364232063293,0.5159040093421936,0.16928252577781677,0.23242861032485962,0.839283287525177
2,indian,0.49806469678878784,0.6496618986129761,0.1337222158908844,0.14258672297000885,0.49367716908454895
