class,class_name,centroid_x,centroid_y,box_width,box_height,confidence
0,carabao,0.3083230257034302,0.5210579633712769,0.42589327692985535,0.230143740773201,0.7122587561607361
2,indian,0.7392520904541016,0.7776085138320923,0.34258803725242615,0.26565200090408325,0.5601719617843628
2,indian,0.738874614238739,0.5282489061355591,0.35789376497268677,0.2581201493740082,0.5356822609901428
2,indian,0.42840778827667236,0.6644673943519592,0.4858631193637848,0.27189627289772034,0.5090110898017883
2,indian,0.3062840700149536,0.5210339426994324,0.42023226618766785,0.22565574944019318,0.44429704546928406
0,carabao,0.43020910024642944,0.6632866859436035,0.48820698261260986,0.2718452513217926,0.4314286410808563
