class,class_name,centroid_x,centroid_y,box_width,box_height,confidence
0,carabao,0.5194169878959656,0.6238415241241455,0.6070770025253296,0.7519965171813965,0.7763416767120361
