class,class_name,centroid_x,centroid_y,box_width,box_height,confidence
0,carabao,0.395781934261322,0.5346301198005676,0.3310907781124115,0.2738175690174103,0.8427059054374695
0,carabao,0.6512139439582825,0.28972092270851135,0.4272632598876953,0.41831105947494507,0.8161631226539612
0,carabao,0.6955285668373108,0.5694776177406311,0.3735760748386383,0.28281429409980774,0.7988765239715576
0,carabao,0.41192561388015747,0.21207475662231445,0.31432783603668213,0.27868545055389404,0.7590653300285339
0,carabao,0.5436112284660339,0.7586680054664612,0.31769126653671265,0.29618123173713684,0.7579330205917358
0,carabao,0.886504054069519,0.5384035110473633,0.21926574409008026,0.2411835938692093,0.6480435729026794
0,carabao,0.8081504702568054,0.35242539644241333,0.21119531989097595,0.21095439791679382,0.6023953557014465
0,carabao,0.2894386947154999,0.03875444829463959,0.30681443214416504,0.07750889658927917,0.4163016378879547
0,carabao,0.23298755288124084,0.035252317786216736,0.1913619041442871,0.06818939745426178,0.2179415374994278
