class,class_name,centroid_x,centroid_y,box_width,box_height,confidence
0,carabao,0.49812620878219604,0.5660356283187866,0.34523245692253113,0.35550060868263245,0.8440451622009277
0,carabao,0.37718603014945984,0.7830005288124084,0.3105245530605316,0.35793906450271606,0.8320145010948181
0,carabao,0.6244871616363525,0.2698554992675781,0.3144756853580475,0.33067208528518677,0.8319902420043945
0,carabao,0.653777003288269,0.8016722798347473,0.2995002269744873,0.2854453921318054,0.8035645484924316
0,carabao,0.29798635840415955,0.4605354368686676,0.31658121943473816,0.3247968554496765,0.7924949526786804
