class,class_name,centroid_x,centroid_y,box_width,box_height,confidence
0,carabao,0.7513200640678406,0.6549502611160278,0.47612056136131287,0.5061202049255371,0.8053870797157288
0,carabao,0.2913568913936615,0.3903588056564331,0.5818770527839661,0.6125550866127014,0.7729641199111938
0,carabao,0.5157400369644165,0.5683550238609314,0.4945213198661804,0.5211689472198486,0.771918535232544
