class,class_name,centroid_x,centroid_y,box_width,box_height,confidence
0,carabao,0.5262795686721802,0.4776636064052582,0.8431494832038879,0.514918327331543,0.7842391729354858
