class,class_name,centroid_x,centroid_y,box_width,box_height,confidence
0,carabao,0.4573855400085449,0.4431641697883606,0.18253538012504578,0.4666130542755127,0.7225469350814819
0,carabao,0.3327066898345947,0.4290695786476135,0.14385166764259338,0.45621034502983093,0.7167918086051941
