class,class_name,centroid_x,centroid_y,box_width,box_height,confidence
0,carabao,0.5212787985801697,0.17912213504314423,0.33013200759887695,0.35824427008628845,0.7451474666595459
0,carabao,0.43510666489601135,0.44564181566238403,0.22945554554462433,0.4733649492263794,0.7395834922790527
0,carabao,0.6049985885620117,0.5429487824440002,0.2461170256137848,0.4188738763332367,0.7389279007911682
2,indian,0.026896964758634567,0.8801793456077576,0.053793929517269135,0.08814951777458191,0.40867623686790466
