class,class_name,centroid_x,centroid_y,box_width,box_height,confidence
2,indian,0.38760045170783997,0.3839292526245117,0.2241523265838623,0.3434566557407379,0.7362848520278931
2,indian,0.5572964549064636,0.4243224263191223,0.2798337936401367,0.35117989778518677,0.6292839646339417
