class,class_name,centroid_x,centroid_y,box_width,box_height,confidence
2,indian,0.48853999376296997,0.5219184756278992,0.6153415441513062,0.8261805176734924,0.8422926664352417
2,indian,0.8099972009658813,0.20810545980930328,0.38000574707984924,0.41095834970474243,0.7324694395065308
2,indian,0.15455812215805054,0.27819791436195374,0.30905982851982117,0.551190197467804,0.7051694989204407
2,indian,0.1441516876220703,0.8455448746681213,0.2883033752441406,0.3089102804660797,0.5838106870651245
2,indian,0.8123890161514282,0.5766581296920776,0.2800583243370056,0.46858784556388855,0.5032083988189697
2,indian,0.7579151391983032,0.8738734722137451,0.4567473530769348,0.24364307522773743,0.40444326400756836
2,indian,0.11571262031793594,0.5723748803138733,0.23014560341835022,0.3772277235984802,0.2479218989610672
