class,class_name,centroid_x,centroid_y,box_width,box_height,confidence
2,indian,0.5078014135360718,0.5149584412574768,0.5839089155197144,0.8565948009490967,0.8213948011398315
2,indian,0.1902153491973877,0.2098626345396042,0.37773147225379944,0.4157361388206482,0.7017489671707153
2,indian,0.8590086102485657,0.8519468903541565,0.2819827198982239,0.29610615968704224,0.6485114097595215
2,indian,0.826285183429718,0.29828858375549316,0.34742969274520874,0.5965771675109863,0.5992950797080994
2,indian,0.8985229730606079,0.6149388551712036,0.2029540091753006,0.26585668325424194,0.3077346980571747
2,indian,0.2449355125427246,0.8669567108154297,0.4659520983695984,0.2612749934196472,0.2935400605201721
2,indian,0.1683683842420578,0.5719556212425232,0.26218241453170776,0.46601012349128723,0.2848443388938904
2,indian,0.8233814239501953,0.16387507319450378,0.3519626557826996,0.3180966377258301,0.2053879052400589
