class,class_name,centroid_x,centroid_y,box_width,box_height,confidence
0,carabao,0.5366286039352417,0.3893575668334961,0.2686976492404938,0.32457542419433594,0.8491834998130798
0,carabao,0.29350173473358154,0.6557167768478394,0.43730634450912476,0.4186764657497406,0.8369344472885132
0,carabao,0.21440133452415466,0.4187931418418884,0.26481500267982483,0.27808457612991333,0.8016542792320251
0,carabao,0.5739937424659729,0.7010798454284668,0.2788686156272888,0.3584762513637543,0.7992918491363525
0,carabao,0.7691372036933899,0.5499736666679382,0.2868960201740265,0.29737797379493713,0.7979004383087158
0,carabao,0.35264626145362854,0.8106809854507446,0.2131536453962326,0.19254907965660095,0.7131528854370117
0,carabao,0.5396664142608643,0.8857259750366211,0.21731287240982056,0.21897296607494354,0.7000719904899597
0,carabao,0.04670322686433792,0.24645213782787323,0.09340645372867584,0.23488807678222656,0.25995445251464844
