class,class_name,centroid_x,centroid_y,box_width,box_height,confidence
2,indian,0.520846962928772,0.3493688702583313,0.2490367889404297,0.1454140692949295,0.7985585331916809
2,indian,0.3419731855392456,0.39489802718162537,0.25908026099205017,0.1471138894557953,0.7844539284706116
2,indian,0.34248220920562744,0.5645626187324524,0.3140565752983093,0.1334175169467926,0.7704492211341858
2,indian,0.3089463412761688,0.7308011651039124,0.3109021484851837,0.17817449569702148,0.7494925260543823
2,indian,0.3493170738220215,0.18088595569133759,0.15226605534553528,0.12145614624023438,0.5809195041656494
1,flower,0.8482800722122192,0.4628026485443115,0.30343982577323914,0.2744815945625305,0.5452983975410461
