class,class_name,centroid_x,centroid_y,box_width,box_height,confidence
0,carabao,0.5786119699478149,0.5676296353340149,0.6199657320976257,0.3987515866756439,0.7802359461784363
