class,class_name,centroid_x,centroid_y,box_width,box_height,confidence
0,carabao,0.35325294733047485,0.257951945066452,0.5039461255073547,0.348623663187027,0.8484289646148682
0,carabao,0.5655924677848816,0.5206188559532166,0.5376482009887695,0.39161646366119385,0.8376806974411011
