class,class_name,centroid_x,centroid_y,box_width,box_height,confidence
2,indian,0.4518389105796814,0.30672594904899597,0.339000403881073,0.42827653884887695,0.7205313444137573
2,indian,0.31847628951072693,0.6702055335044861,0.37798309326171875,0.37026479840278625,0.6335416436195374
2,indian,0.2803579270839691,0.4975828528404236,0.36481255292892456,0.4285052716732025,0.5958065390586853
