class,class_name,centroid_x,centroid_y,box_width,box_height,confidence
2,indian,0.6910446882247925,0.35027241706848145,0.13319730758666992,0.2475546896457672,0.8581518530845642
2,indian,0.3452422320842743,0.41697824001312256,0.1221868023276329,0.23135212063789368,0.8107357025146484
2,indian,0.13477428257465363,0.6453063488006592,0.08955392241477966,0.1784246265888214,0.6874781250953674
2,indian,0.7623059153556824,0.48313185572624207,0.1284332275390625,0.4562230110168457,0.5904623866081238
2,indian,0.7427756786346436,0.6553070545196533,0.1705048531293869,0.26793235540390015,0.21264855563640594
