class,class_name,centroid_x,centroid_y,box_width,box_height,confidence
0,carabao,0.6980761289596558,0.6404706239700317,0.5024451017379761,0.6009899973869324,0.8087409138679504
0,carabao,0.4810413420200348,0.34067147970199585,0.5561683773994446,0.6328538060188293,0.789088785648346
