class,class_name,centroid_x,centroid_y,box_width,box_height,confidence
1,flower,0.23397482931613922,0.32905131578445435,0.45889997482299805,0.41133421659469604,0.6801998615264893
1,flower,0.5906715393066406,0.37211403250694275,0.3641321659088135,0.2677246928215027,0.5793039798736572
1,flower,0.23075920343399048,0.39016133546829224,0.41099029779434204,0.2931406497955322,0.5480771064758301
1,flower,0.7909608483314514,0.6833068132400513,0.28182458877563477,0.2183460295200348,0.4490150511264801
1,flower,0.6064674258232117,0.6780381202697754,0.6450088024139404,0.5100544095039368,0.3850632607936859
1,flower,0.30639782547950745,0.2502248287200928,0.3288314938545227,0.2481241226196289,0.2915340065956116
1,flower,0.08746880292892456,0.8477517366409302,0.17493760585784912,0.30402642488479614,0.2547285854816437
1,flower,0.578092098236084,0.7554595470428467,0.2687418758869171,0.15957728028297424,0.23586289584636688
1,flower,0.5255445241928101,0.7836815118789673,0.41186943650245667,0.24766531586647034,0.2321455478668213
