class,class_name,centroid_x,centroid_y,box_width,box_height,confidence
0,carabao,0.7199766635894775,0.263662189245224,0.5568074584007263,0.23152104020118713,0.8605017066001892
0,carabao,0.2633817195892334,0.45627278089523315,0.49894171953201294,0.2443065643310547,0.8481976985931396
0,carabao,0.7456715106964111,0.4873627722263336,0.5041408538818359,0.24147148430347443,0.8259445428848267
0,carabao,0.24449411034584045,0.6961982250213623,0.48797014355659485,0.2744010090827942,0.8246496915817261
0,carabao,0.2594340741634369,0.2547214925289154,0.5013418793678284,0.23270587623119354,0.8165406584739685
0,carabao,0.6465025544166565,0.5971323251724243,0.5046754479408264,0.2826630473136902,0.8069373369216919
0,carabao,0.7145689725875854,0.7643140554428101,0.5514410734176636,0.22954483330249786,0.8066754341125488
