class,class_name,centroid_x,centroid_y,box_width,box_height,confidence
1,flower,0.4794584810733795,0.2317291796207428,0.05159416049718857,0.08954042196273804,0.34596940875053406
1,flower,0.510499119758606,0.2834503650665283,0.04746246337890625,0.06542117148637772,0.31451526284217834
1,flower,0.5015736222267151,0.46652573347091675,0.08334598690271378,0.11574851721525192,0.3051997423171997
1,flower,0.6438471078872681,0.46728792786598206,0.08252725750207901,0.11504175513982773,0.2329641878604889
1,flower,0.5681365728378296,0.370914489030838,0.0768011063337326,0.12661907076835632,0.22575178742408752
1,flower,0.5786436796188354,0.3938373625278473,0.08267879486083984,0.15402810275554657,0.22497648000717163
1,flower,0.4808885455131531,0.22438104450702667,0.041734885424375534,0.05947670713067055,0.20846712589263916
1,flower,0.45407113432884216,0.1934497356414795,0.04379577562212944,0.0709628090262413,0.20598991215229034
