class,class_name,centroid_x,centroid_y,box_width,box_height,confidence
0,carabao,0.331062912940979,0.3485771119594574,0.44779643416404724,0.6129382848739624,0.7982742786407471
0,carabao,0.6486697793006897,0.5277281999588013,0.42344704270362854,0.5635210275650024,0.7702929973602295
0,carabao,0.9355522990226746,0.055795203894376755,0.12889544665813446,0.11159040778875351,0.5909319519996643
0,carabao,0.8985042572021484,0.4385732114315033,0.13218484818935394,0.14562225341796875,0.3029588758945465
