class,class_name,centroid_x,centroid_y,box_width,box_height,confidence
0,carabao,0.6017779111862183,0.5169367790222168,0.6816942095756531,0.4984900653362274,0.7931073904037476
0,carabao,0.21574406325817108,0.7844190001487732,0.43148812651634216,0.4308219850063324,0.7838225364685059
0,carabao,0.11345571279525757,0.3825690448284149,0.225790336728096,0.3225615322589874,0.7645219564437866
