class,class_name,centroid_x,centroid_y,box_width,box_height,confidence
0,carabao,0.5101472735404968,0.3763018250465393,0.5895813703536987,0.7526036500930786,0.7825869917869568
