class,class_name,centroid_x,centroid_y,box_width,box_height,confidence
0,carabao,0.6727307438850403,0.4111703038215637,0.39133772253990173,0.4595186114311218,0.6447708606719971
0,carabao,0.03347836807370186,0.27942633628845215,0.06527204066514969,0.1438782662153244,0.25701749324798584
