class,class_name,centroid_x,centroid_y,box_width,box_height,confidence
0,carabao,0.36017099022865295,0.3449918031692505,0.38300174474716187,0.1416250765323639,0.8193665742874146
0,carabao,0.7043995261192322,0.44384050369262695,0.32204461097717285,0.16396884620189667,0.7925624847412109
0,carabao,0.564793050289154,0.6067248582839966,0.3776675760746002,0.2124207466840744,0.7810088396072388
0,carabao,0.4606333076953888,0.47237786650657654,0.2944602370262146,0.16563165187835693,0.7728757858276367
0,carabao,0.2571038603782654,0.43369168043136597,0.304583877325058,0.13406069576740265,0.7664505839347839
0,carabao,0.45707517862319946,0.5652704238891602,0.21314504742622375,0.08877258002758026,0.24433304369449615
