class,class_name,centroid_x,centroid_y,box_width,box_height,confidence
0,carabao,0.3908017575740814,0.4299711287021637,0.20939722657203674,0.35116201639175415,0.7992891669273376
0,carabao,0.548174262046814,0.29185253381729126,0.16333027184009552,0.3185165822505951,0.7955997586250305
0,carabao,0.6524865627288818,0.6358616948127747,0.14106149971485138,0.36300140619277954,0.7868221402168274
0,carabao,0.5245257616043091,0.5414716601371765,0.16270332038402557,0.2823835015296936,0.766187310218811
0,carabao,0.5631152987480164,0.7248592376708984,0.14201469719409943,0.31906595826148987,0.751534104347229
0,carabao,0.4356529116630554,0.5317477583885193,0.10611982643604279,0.19561849534511566,0.5065223574638367
