class,class_name,centroid_x,centroid_y,box_width,box_height,confidence
0,carabao,0.807684600353241,0.6564459800720215,0.34224268794059753,0.3733018934726715,0.8404415845870972
0,carabao,0.35128653049468994,0.5201123356819153,0.3245181441307068,0.3264020085334778,0.8258617520332336
0,carabao,0.5003710389137268,0.6637024879455566,0.2913961410522461,0.37416917085647583,0.8051286339759827
0,carabao,0.6115301251411438,0.3432299494743347,0.26305490732192993,0.3648374676704407,0.7702481746673584
0,carabao,0.8116239309310913,0.3493027687072754,0.2483389526605606,0.3087051510810852,0.7252190113067627
0,carabao,0.357105553150177,0.3498714566230774,0.2641773819923401,0.23103800415992737,0.7238561511039734
0,carabao,0.3933499753475189,0.8166210055351257,0.2422201782464981,0.3474732041358948,0.7214339375495911
0,carabao,0.6238276958465576,0.804821789264679,0.2320123016834259,0.2603287100791931,0.7005998492240906
