class,class_name,centroid_x,centroid_y,box_width,box_height,confidence
0,carabao,0.39236438274383545,0.29327329993247986,0.5768312215805054,0.5865465998649597,0.8239845633506775
0,carabao,0.6589036583900452,0.7558420896530151,0.5198874473571777,0.47044095396995544,0.7878080010414124
0,carabao,0.5841385722160339,0.5236340165138245,0.5206784605979919,0.5049217343330383,0.7526687383651733
