class,class_name,centroid_x,centroid_y,box_width,box_height,confidence
0,carabao,0.26297256350517273,0.2433839738368988,0.2117692530155182,0.1317557394504547,0.8151819705963135
0,carabao,0.0950823500752449,0.21240392327308655,0.18980637192726135,0.11406449973583221,0.8007541298866272
0,carabao,0.30149388313293457,0.13192766904830933,0.1765819489955902,0.10573384910821915,0.7639618515968323
0,carabao,0.16812774538993835,0.136227086186409,0.154276043176651,0.10718865692615509,0.758215606212616
0,carabao,0.7029405832290649,0.6625545024871826,0.2952954173088074,0.1628885269165039,0.755368173122406
0,carabao,0.10226305574178696,0.08049072325229645,0.16268856823444366,0.1005873903632164,0.7530997395515442
0,carabao,0.6495911478996277,0.14201314747333527,0.07810802757740021,0.11610503494739532,0.6974585652351379
0,carabao,0.4462721347808838,0.3168007731437683,0.06814746558666229,0.06814579665660858,0.2776411771774292
1,flower,0.13517645001411438,0.5720195174217224,0.020667504519224167,0.024466991424560547,0.22520919144153595
