class,class_name,centroid_x,centroid_y,box_width,box_height,confidence
0,carabao,0.428204208612442,0.2862723767757416,0.37667468190193176,0.3984219431877136,0.838066041469574
0,carabao,0.5979549884796143,0.5131368637084961,0.28279978036880493,0.304349422454834,0.8367611765861511
2,indian,0.2748369872570038,0.9524227976799011,0.21485082805156708,0.09434280544519424,0.5437242984771729
