class,class_name,centroid_x,centroid_y,box_width,box_height,confidence
1,flower,0.16054002940654755,0.722317099571228,0.28435808420181274,0.4247294068336487,0.5570008754730225
1,flower,0.7525800466537476,0.6369882822036743,0.2635900378227234,0.38944342732429504,0.5201128125190735
1,flower,0.43741458654403687,0.7043187022209167,0.23389692604541779,0.41283175349235535,0.5018232464790344
1,flower,0.2764459550380707,0.28193795680999756,0.23678341507911682,0.3958340585231781,0.4578568637371063
1,flower,0.4520770013332367,0.241612046957016,0.2173057347536087,0.3596329987049103,0.41261181235313416
1,flower,0.06767763942480087,0.22138062119483948,0.1350170075893402,0.3296883702278137,0.40847691893577576
1,flower,0.826448917388916,0.36941853165626526,0.1974809616804123,0.2747609317302704,0.4032543897628784
1,flower,0.54771488904953,0.4793742001056671,0.2795906066894531,0.4657038748264313,0.363764226436615
1,flower,0.15405741333961487,0.48768410086631775,0.25994887948036194,0.3616068959236145,0.3147006034851074
