class,class_name,centroid_x,centroid_y,box_width,box_height,confidence
0,carabao,0.31819912791252136,0.45630308985710144,0.5283645391464233,0.29481104016304016,0.8062984347343445
0,carabao,0.3876638114452362,0.22819460928440094,0.4287569522857666,0.23177361488342285,0.8001046776771545
0,carabao,0.42744603753089905,0.7077667117118835,0.5644650459289551,0.3449133634567261,0.7993345260620117
0,carabao,0.6416001915931702,0.3140573799610138,0.31428080797195435,0.23520582914352417,0.6497254371643066
