class,class_name,centroid_x,centroid_y,box_width,box_height,confidence
2,indian,0.6497924327850342,0.3120465874671936,0.2769845128059387,0.15136948227882385,0.8031390905380249
2,indian,0.5587477087974548,0.6522700190544128,0.3315681219100952,0.14135226607322693,0.7990056276321411
2,indian,0.34312161803245544,0.8682361841201782,0.2302270084619522,0.10941620171070099,0.5923147797584534
2,indian,0.20392687618732452,0.5981740951538086,0.31026098132133484,0.13491439819335938,0.4814527928829193
