class,class_name,centroid_x,centroid_y,box_width,box_height,confidence
0,carabao,0.5194264650344849,0.5660802125930786,0.3943719267845154,0.5208805203437805,0.8522688746452332
0,carabao,0.2640393078327179,0.36102095246315,0.35053783655166626,0.47615814208984375,0.838147759437561
