class,class_name,centroid_x,centroid_y,box_width,box_height,confidence
1,flower,0.5147067308425903,0.2903500497341156,0.15534904599189758,0.10210438072681427,0.33457276225090027
1,flower,0.4660610556602478,0.49392080307006836,0.1162271574139595,0.08358631283044815,0.3151886761188507
1,flower,0.22216416895389557,0.521334707736969,0.07203982025384903,0.04625387117266655,0.25269320607185364
1,flower,0.5784326195716858,0.4424671530723572,0.11170559376478195,0.09081707149744034,0.20767128467559814
1,flower,0.2822243273258209,0.49132442474365234,0.06625892966985703,0.05233611911535263,0.2042383849620819
