class,class_name,centroid_x,centroid_y,box_width,box_height,confidence
0,carabao,0.42830008268356323,0.7167775630950928,0.37869590520858765,0.38897258043289185,0.8498898148536682
0,carabao,0.6015614867210388,0.4847358763217926,0.27882444858551025,0.31152382493019104,0.8302329182624817
2,indian,0.28071480989456177,0.04454870522022247,0.22102946043014526,0.08909741044044495,0.5436833500862122
