class,class_name,centroid_x,centroid_y,box_width,box_height,confidence
0,carabao,0.38192489743232727,0.4367515444755554,0.4057590365409851,0.7382522821426392,0.7826557755470276
0,carabao,0.6999356746673584,0.5479639768600464,0.4223437011241913,0.6659635305404663,0.7801920175552368
