class,class_name,centroid_x,centroid_y,box_width,box_height,confidence
2,indian,0.6086887121200562,0.6278917193412781,0.5425661206245422,0.5204359292984009,0.8228872418403625
2,indian,0.1849857121706009,0.7307333946228027,0.3678394854068756,0.5385332107543945,0.8199621438980103
2,indian,0.6286358833312988,0.180881068110466,0.44015902280807495,0.3602066934108734,0.7783340215682983
2,indian,0.2740934491157532,0.38122907280921936,0.45045924186706543,0.4697142541408539,0.7552028894424438
2,indian,0.8554956316947937,0.38958725333213806,0.2890087068080902,0.3933781683444977,0.7303439378738403
2,indian,0.21479757130146027,0.12325720489025116,0.3745207190513611,0.24418392777442932,0.6902844905853271
2,indian,0.8715032339096069,0.13857117295265198,0.2569933831691742,0.2287144958972931,0.5594884753227234
2,indian,0.9417435526847839,0.7013686299324036,0.11651287227869034,0.4074319899082184,0.49647149443626404
2,indian,0.9249107241630554,0.7238191366195679,0.14798736572265625,0.4880053400993347,0.2516185939311981
