class,class_name,centroid_x,centroid_y,box_width,box_height,confidence
2,indian,0.3524189591407776,0.4903140366077423,0.12570485472679138,0.22776272892951965,0.8135360479354858
2,indian,0.40165287256240845,0.6529422998428345,0.139905646443367,0.21603800356388092,0.78205806016922
2,indian,0.7251648902893066,0.700738251209259,0.1762229949235916,0.2503916323184967,0.7790461182594299
2,indian,0.5613850355148315,0.6618045568466187,0.1459691971540451,0.23173408210277557,0.7633736729621887
2,indian,0.18264761567115784,0.6499875783920288,0.1214137077331543,0.1642223298549652,0.6542778611183167
1,flower,0.46532878279685974,0.1498364955186844,0.2764667570590973,0.2996729910373688,0.4797801077365875
1,flower,0.5038881301879883,0.0548531599342823,0.10423736274242401,0.1097063198685646,0.3143782615661621
