class,class_name,centroid_x,centroid_y,box_width,box_height,confidence
0,carabao,0.4317113757133484,0.7207924127578735,0.7976459264755249,0.5345026850700378,0.7974342703819275
0,carabao,0.6337215304374695,0.2604580819606781,0.638998806476593,0.4922068417072296,0.794276237487793
0,carabao,0.2517150640487671,0.4544934332370758,0.5024519562721252,0.4001246690750122,0.7011182904243469
0,carabao,0.03804502636194229,0.36218956112861633,0.07605908066034317,0.30084195733070374,0.2467111051082611
