class,class_name,centroid_x,centroid_y,box_width,box_height,confidence
0,carabao,0.36125168204307556,0.737199068069458,0.4824274182319641,0.3545342683792114,0.8472035527229309
0,carabao,0.5560181736946106,0.4833587110042572,0.5461137890815735,0.374301016330719,0.8371583819389343
