class,class_name,centroid_x,centroid_y,box_width,box_height,confidence
2,indian,0.2606082856655121,0.7813060283660889,0.34040287137031555,0.2799015939235687,0.6337184906005859
0,carabao,0.2597977817058563,0.5261918306350708,0.36187824606895447,0.25664958357810974,0.6088176369667053
0,carabao,0.6890248656272888,0.5208557844161987,0.4157163202762604,0.2265087068080902,0.5821642279624939
2,indian,0.2648206949234009,0.524795651435852,0.35110682249069214,0.25684964656829834,0.5474774837493896
0,carabao,0.5793740749359131,0.6614978909492493,0.4819807708263397,0.2697141766548157,0.5151365399360657
2,indian,0.5800634026527405,0.6633583307266235,0.4817255437374115,0.2754587233066559,0.40678995847702026
2,indian,0.6915396451950073,0.5216711163520813,0.414376825094223,0.2208046019077301,0.39949458837509155
