class,class_name,centroid_x,centroid_y,box_width,box_height,confidence
2,indian,0.43891286849975586,0.7032521367073059,0.3641398549079895,0.41148841381073,0.6816426515579224
2,indian,0.3057677745819092,0.34544557332992554,0.38976821303367615,0.3717043995857239,0.6773418188095093
2,indian,0.2799440026283264,0.5023503303527832,0.39554929733276367,0.45308732986450195,0.6249849796295166
