class,class_name,centroid_x,centroid_y,box_width,box_height,confidence
1,flower,0.18514442443847656,0.2833113670349121,0.1749257594347,0.16761106252670288,0.5194671750068665
1,flower,0.5703548192977905,0.3256377875804901,0.5607721209526062,0.21584059298038483,0.4211912453174591
1,flower,0.3189709782600403,0.495443195104599,0.1692027598619461,0.34276455640792847,0.3485017418861389
1,flower,0.09835755825042725,0.48440006375312805,0.19630217552185059,0.4769156873226166,0.2281319946050644
1,flower,0.0880546122789383,0.4856681525707245,0.1740475744009018,0.3229406774044037,0.21297092735767365
1,flower,0.07632172107696533,0.5257110595703125,0.15238690376281738,0.25080305337905884,0.20794226229190826
