class,class_name,centroid_x,centroid_y,box_width,box_height,confidence
0,carabao,0.1942431479692459,0.5908551812171936,0.3884862959384918,0.3134050965309143,0.8294765949249268
0,carabao,0.5509856343269348,0.6921373009681702,0.4498325288295746,0.3813313841819763,0.8294763565063477
0,carabao,0.21786487102508545,0.22792889177799225,0.3592151701450348,0.2869948744773865,0.8010724782943726
0,carabao,0.6275954246520996,0.36396151781082153,0.3711563050746918,0.3008825182914734,0.7920498847961426
0,carabao,0.3569440543651581,0.3798975944519043,0.32522740960121155,0.2930604815483093,0.7833713293075562
0,carabao,0.9329233169555664,0.877730131149292,0.13312187790870667,0.16402092576026917,0.7301331758499146
0,carabao,0.9465095400810242,0.9723250269889832,0.10698089748620987,0.055267080664634705,0.3967278003692627
0,carabao,0.861619770526886,0.9752542972564697,0.11510124057531357,0.04949137195944786,0.24387802183628082
0,carabao,0.9224262237548828,0.966435968875885,0.15514764189720154,0.06712811440229416,0.23873186111450195
