class,class_name,centroid_x,centroid_y,box_width,box_height,confidence
2,indian,0.3231047987937927,0.42931950092315674,0.12459788471460342,0.22012747824192047,0.7712634205818176
2,indian,0.26091569662094116,0.48782867193222046,0.12696214020252228,0.18602518737316132,0.7628329992294312
2,indian,0.2673861086368561,0.2940470278263092,0.1126672774553299,0.18270786106586456,0.7396966218948364
2,indian,0.2466719150543213,0.7250400185585022,0.10014697164297104,0.16536392271518707,0.731880247592926
2,indian,0.3892786502838135,0.9110608696937561,0.10605411231517792,0.1584693342447281,0.7101120352745056
