class,class_name,centroid_x,centroid_y,box_width,box_height,confidence
0,carabao,0.16664275527000427,0.5146545767784119,0.33328551054000854,0.17383842170238495,0.7901220917701721
0,carabao,0.4538441598415375,0.42866629362106323,0.3970893919467926,0.23447072505950928,0.7852135300636292
0,carabao,0.6308765411376953,0.3111873269081116,0.4242052137851715,0.2001022845506668,0.7301188707351685
