class,class_name,centroid_x,centroid_y,box_width,box_height,confidence
2,indian,0.3532119393348694,0.3155645430088043,0.445458322763443,0.4497860074043274,0.7579852938652039
2,indian,0.5888315439224243,0.5920332670211792,0.44050759077072144,0.4663551449775696,0.7131180167198181
