target,height,width,space_accuracy,space_precision,space_recall,space_f_score,labels,detections,time
1d3a5099-mango_1099_flower_29.png,480,640,0.5863132760476849,0.3882869751539862,0.3719644810501255,0.37995050725137786,51,12,4.3589024
4bcc33fe-mango_1422_indian_indian_22.png,459,640,0.9863885853406434,0.9533544695893007,0.8943014391686323,0.922884255829541,5,5,0.1655542
5f32dc4b-mango_103_carabao_C16.png,640,640,0.9636883276821052,0.9165140669219244,0.8760442358182831,0.8958223162347964,3,3,0.1685486
7c6e7bf4-mango_1245_indian_indian_1.png,480,640,0.8924123520402711,0.8011760059677915,0.8011760059677915,0.8011760059677915,2,2,0.1505983
a13362b0-mango_544_carabao_C48.png,480,640,0.9380061151726108,0.9693884337495088,0.8686926698705619,0.9162823392254017,8,8,0.1426185
