class,class_name,centroid_x,centroid_y,box_width,box_height,confidence
0,carabao,0.3438764214515686,0.49383339285850525,0.39282044768333435,0.28923219442367554,0.8479187488555908
0,carabao,0.345912903547287,0.8074875473976135,0.3863682150840759,0.34965401887893677,0.8356735706329346
0,carabao,0.6588237881660461,0.6023060083389282,0.3495212495326996,0.27022498846054077,0.8302426338195801
0,carabao,0.17657703161239624,0.39465051889419556,0.3399011790752411,0.2355547547340393,0.8203439712524414
0,carabao,0.47651243209838867,0.3526442348957062,0.32673996686935425,0.33435603976249695,0.8175505995750427
0,carabao,0.6493757367134094,0.8093063235282898,0.2968435287475586,0.2464393675327301,0.8076185584068298
0,carabao,0.6480041742324829,0.3546416461467743,0.2320466935634613,0.2540528476238251,0.7765464186668396
0,carabao,0.18208900094032288,0.6153872013092041,0.24653033912181854,0.22056593000888824,0.7165482044219971
