class,class_name,centroid_x,centroid_y,box_width,box_height,confidence
0,carabao,0.24571630358695984,0.4463523328304291,0.35577863454818726,0.5840657353401184,0.8631253838539124
0,carabao,0.4912593960762024,0.24224424362182617,0.23462867736816406,0.48448848724365234,0.8421161770820618
0,carabao,0.6887592077255249,0.7248877882957458,0.29973727464675903,0.5502244234085083,0.8395275473594666
0,carabao,0.37671318650245667,0.6259869337081909,0.23028698563575745,0.4598098695278168,0.8078182935714722
0,carabao,0.49966078996658325,0.7110644578933716,0.16031226515769958,0.43574410676956177,0.7398006916046143
