class,class_name,centroid_x,centroid_y,box_width,box_height,confidence
0,carabao,0.4611663222312927,0.5891389846801758,0.5755314826965332,0.7997726202011108,0.8513930439949036
