class,class_name,centroid_x,centroid_y,box_width,box_height,confidence
0,carabao,0.6636877059936523,0.4271524250507355,0.3708856701850891,0.3247561752796173,0.8929720520973206
0,carabao,0.46724995970726013,0.235038623213768,0.2739723324775696,0.2511855959892273,0.861419677734375
0,carabao,0.4367831349372864,0.535922646522522,0.2664980888366699,0.2041783630847931,0.8363494873046875
0,carabao,0.7862793207168579,0.32101696729660034,0.30556946992874146,0.2585597336292267,0.8316086530685425
0,carabao,0.5477713346481323,0.6842657923698425,0.2261306792497635,0.19134394824504852,0.8022670745849609
0,carabao,0.692451536655426,0.5801050662994385,0.28944826126098633,0.1884487122297287,0.7932818531990051
0,carabao,0.8768686056137085,0.4881596863269806,0.1980760544538498,0.1775660216808319,0.7753596901893616
