class,class_name,centroid_x,centroid_y,box_width,box_height,confidence
0,carabao,0.3792206943035126,0.3418596684932709,0.5577908754348755,0.6182811856269836,0.8561932444572449
0,carabao,0.6291059255599976,0.6311500072479248,0.54420405626297,0.6030265092849731,0.8534994125366211
