class,class_name,centroid_x,centroid_y,box_width,box_height,confidence
0,carabao,0.5653040409088135,0.3669492304325104,0.3006066083908081,0.29655638337135315,0.8429297804832458
0,carabao,0.36117029190063477,0.6773625612258911,0.2721613645553589,0.26244717836380005,0.8280524611473083
0,carabao,0.6775436997413635,0.17188093066215515,0.2599274516105652,0.17488248646259308,0.8092665076255798
0,carabao,0.8081062436103821,0.41639119386672974,0.24954970180988312,0.2793201506137848,0.7943671345710754
0,carabao,0.21031449735164642,0.47798672318458557,0.23199637234210968,0.16543340682983398,0.7841123342514038
0,carabao,0.821290910243988,0.22212858498096466,0.1587761789560318,0.14537230134010315,0.712944746017456
0,carabao,0.31701186299324036,0.5127846598625183,0.10085589438676834,0.10432262718677521,0.6232713460922241
0,carabao,0.5836837887763977,0.20389564335346222,0.1426801085472107,0.11080384254455566,0.6215713024139404
0,carabao,0.26384565234184265,0.6181001663208008,0.13980093598365784,0.1259452849626541,0.6089680194854736
