class,class_name,centroid_x,centroid_y,box_width,box_height,confidence
0,carabao,0.33186057209968567,0.5752571225166321,0.41567403078079224,0.4809949994087219,0.6072418093681335
