class,class_name,centroid_x,centroid_y,box_width,box_height,confidence
0,carabao,0.6425830125808716,0.23256783187389374,0.47496935725212097,0.21573133766651154,0.8254354000091553
0,carabao,0.45541468262672424,0.6554590463638306,0.36741188168525696,0.3261146545410156,0.8092604875564575
0,carabao,0.48394307494163513,0.3862406611442566,0.437404066324234,0.3198149800300598,0.790237545967102
0,carabao,0.5940825939178467,0.8109558820724487,0.36652374267578125,0.2665443420410156,0.7738896012306213
0,carabao,0.7675369381904602,0.4174593389034271,0.3441668152809143,0.2254868447780609,0.7606821060180664
0,carabao,0.24750502407550812,0.3661034107208252,0.32139796018600464,0.27288541197776794,0.749805748462677
