class,class_name,centroid_x,centroid_y,box_width,box_height,confidence
1,flower,0.38748884201049805,0.2293529361486435,0.29906901717185974,0.42006775736808777,0.6083911657333374
1,flower,0.37052541971206665,0.5830374360084534,0.2718108594417572,0.34313637018203735,0.5834541320800781
1,flower,0.2346944361925125,0.3103609085083008,0.21650895476341248,0.3227120339870453,0.5315976142883301
1,flower,0.6398561596870422,0.4274463653564453,0.2023845613002777,0.262274831533432,0.5176352262496948
1,flower,0.7642057538032532,0.5714360475540161,0.21783486008644104,0.30352962017059326,0.433439165353775
1,flower,0.6795852184295654,0.8152323961257935,0.19796104729175568,0.26649123430252075,0.4154706597328186
1,flower,0.6649001836776733,0.5996332168579102,0.45396938920021057,0.698556661605835,0.2459610551595688
