class,class_name,centroid_x,centroid_y,box_width,box_height,confidence
0,carabao,0.7611492276191711,0.7364575266838074,0.36215153336524963,0.33575162291526794,0.8795065879821777
0,carabao,0.30062419176101685,0.3086293637752533,0.5413353443145752,0.2552812993526459,0.8754254579544067
0,carabao,0.7205604314804077,0.4368419945240021,0.49389466643333435,0.2709670066833496,0.8741096258163452
0,carabao,0.4322119951248169,0.613923966884613,0.39552873373031616,0.3694764971733093,0.8588381409645081
0,carabao,0.6641479134559631,0.19271734356880188,0.4919930696487427,0.23538410663604736,0.8433699607849121
0,carabao,0.8971732258796692,0.30172306299209595,0.2056535929441452,0.31794506311416626,0.550402045249939
0,carabao,0.9468724727630615,0.6100183129310608,0.10625511407852173,0.26266929507255554,0.4489850699901581
