class,class_name,centroid_x,centroid_y,box_width,box_height,confidence
0,carabao,0.6440476179122925,0.6498907804489136,0.3939933776855469,0.14418964087963104,0.8512851595878601
0,carabao,0.2901858389377594,0.5473047494888306,0.33645710349082947,0.16130217909812927,0.8409377336502075
0,carabao,0.4305686354637146,0.3887374997138977,0.35609832406044006,0.20556393265724182,0.8172094225883484
0,carabao,0.7390598058700562,0.5622478723526001,0.3323653042316437,0.13798484206199646,0.8107002973556519
0,carabao,0.5352976322174072,0.5234748721122742,0.2914983928203583,0.16422995924949646,0.7942324876785278
0,carabao,0.5299209356307983,0.4323260188102722,0.23071125149726868,0.10535755008459091,0.5205878615379333
0,carabao,0.5476675629615784,0.42685022950172424,0.1832546442747116,0.09173905849456787,0.4054446816444397
