class,class_name,centroid_x,centroid_y,box_width,box_height,confidence
0,carabao,0.7620810270309448,0.25913459062576294,0.3601694703102112,0.3412202298641205,0.8680208325386047
0,carabao,0.6679088473320007,0.8038888573646545,0.5073466300964355,0.2403331845998764,0.8568825721740723
0,carabao,0.7202224135398865,0.5567461252212524,0.4949677288532257,0.27771711349487305,0.8553745746612549
0,carabao,0.42939135432243347,0.37976357340812683,0.3847852647304535,0.37602320313453674,0.8547544479370117
0,carabao,0.2952524721622467,0.684492826461792,0.5418863296508789,0.2602805197238922,0.8509267568588257
0,carabao,0.8919159173965454,0.6948598623275757,0.2130005955696106,0.27563169598579407,0.49002519249916077
