class,class_name,centroid_x,centroid_y,box_width,box_height,confidence
0,carabao,0.5099666714668274,0.4606483578681946,0.9800666570663452,0.7146016359329224,0.8483290076255798
