class,class_name,centroid_x,centroid_y,box_width,box_height,confidence
0,carabao,0.6529318690299988,0.7086618542671204,0.41668206453323364,0.43319523334503174,0.868485689163208
0,carabao,0.41668301820755005,0.7859392166137695,0.29292601346969604,0.2628419101238251,0.8522078990936279
0,carabao,0.39159661531448364,0.46496185660362244,0.3413105905056,0.2600208818912506,0.8489748239517212
0,carabao,0.6919175386428833,0.43733468651771545,0.3855145573616028,0.28366929292678833,0.8336400389671326
0,carabao,0.5472692847251892,0.24083785712718964,0.2956346571445465,0.2722949981689453,0.8240756988525391
0,carabao,0.8872677087783813,0.4617771804332733,0.21608181297779083,0.2218577116727829,0.813816249370575
0,carabao,0.8040763139724731,0.6468744874000549,0.22890682518482208,0.2091527283191681,0.735095739364624
