class,class_name,centroid_x,centroid_y,box_width,box_height,confidence
0,carabao,0.21511244773864746,0.5506188273429871,0.36195477843284607,0.31502625346183777,0.8712218999862671
0,carabao,0.7562080025672913,0.21022118628025055,0.36341696977615356,0.3416925370693207,0.8617662787437439
0,carabao,0.4673922657966614,0.36380088329315186,0.3806336522102356,0.29776129126548767,0.8313248157501221
0,carabao,0.31182560324668884,0.8461779356002808,0.3071364462375641,0.2517322897911072,0.8218300342559814
0,carabao,0.8084602355957031,0.4896187484264374,0.34337693452835083,0.2790854275226593,0.8211401700973511
0,carabao,0.6127364039421082,0.6761050820350647,0.3600097596645355,0.38406434655189514,0.7608820199966431
0,carabao,0.2294200360774994,0.3218994736671448,0.29449397325515747,0.23065625131130219,0.7366842031478882
0,carabao,0.8748927116394043,0.6669901013374329,0.14191512763500214,0.1296427994966507,0.5303924679756165
0,carabao,0.1536596268415451,0.9178112745285034,0.25202345848083496,0.14915408194065094,0.44086331129074097
