class,class_name,centroid_x,centroid_y,box_width,box_height,confidence
0,carabao,0.6144785284996033,0.16774851083755493,0.505386233329773,0.2982928156852722,0.8597770929336548
0,carabao,0.576793909072876,0.46112602949142456,0.4847964346408844,0.31724175810813904,0.8238826394081116
0,carabao,0.2916773855686188,0.7233915328979492,0.357593834400177,0.501849353313446,0.8118301033973694
0,carabao,0.26599031686782837,0.3447680175304413,0.4758674204349518,0.3290638327598572,0.8104778528213501
0,carabao,0.6616018414497375,0.7171422243118286,0.466958224773407,0.30960407853126526,0.8081837892532349
