class,class_name,centroid_x,centroid_y,box_width,box_height,confidence
0,carabao,0.7623099684715271,0.4660557210445404,0.24900881946086884,0.2641991674900055,0.8591984510421753
0,carabao,0.46317845582962036,0.440575510263443,0.22144800424575806,0.25921592116355896,0.839866042137146
0,carabao,0.3051220178604126,0.5462852716445923,0.20862427353858948,0.20952387154102325,0.8278695940971375
0,carabao,0.5725175142288208,0.6648927330970764,0.3288993537425995,0.38167983293533325,0.8156846761703491
0,carabao,0.6759030818939209,0.7788485288619995,0.2418828308582306,0.3079887330532074,0.815328061580658
0,carabao,0.500697135925293,0.8699359893798828,0.1782524138689041,0.20572204887866974,0.7781864404678345
0,carabao,0.4218887388706207,0.6911671757698059,0.20578041672706604,0.2823242247104645,0.691197395324707
0,carabao,0.9511910676956177,0.5141245722770691,0.09695485234260559,0.12944583594799042,0.3798862397670746
