class,class_name,centroid_x,centroid_y,box_width,box_height,confidence
1,flower,0.5002880096435547,0.46742960810661316,0.08984871208667755,0.12015002965927124,0.39631426334381104
1,flower,0.45283517241477966,0.5773096680641174,0.10084304958581924,0.10780858248472214,0.340423047542572
1,flower,0.5166813135147095,0.21696527302265167,0.03492584079504013,0.04844781756401062,0.29662254452705383
1,flower,0.4919961988925934,0.2799924910068512,0.05045127868652344,0.06514209508895874,0.29510053992271423
1,flower,0.5469194650650024,0.1886673867702484,0.04062938690185547,0.05256379023194313,0.2860352694988251
1,flower,0.42194318771362305,0.40169137716293335,0.0688396692276001,0.1423952877521515,0.27502164244651794
1,flower,0.3546353280544281,0.47517257928848267,0.08599205315113068,0.14856477081775665,0.274533748626709
1,flower,0.5338701009750366,0.3055723011493683,0.025000477209687233,0.03875896707177162,0.244609072804451
