class,class_name,centroid_x,centroid_y,box_width,box_height,confidence
2,indian,0.5674499273300171,0.431159645318985,0.21899069845676422,0.1179472953081131,0.7439746856689453
2,indian,0.05049481242895126,0.06274151802062988,0.10098962485790253,0.11796283721923828,0.5526643395423889
2,indian,0.5506794452667236,0.546305239200592,0.19451618194580078,0.10854186862707138,0.5115313529968262
2,indian,0.06667016446590424,0.06787516921758652,0.13334032893180847,0.13325455784797668,0.37606194615364075
