class,class_name,centroid_x,centroid_y,box_width,box_height,confidence
0,carabao,0.22326986491680145,0.7877357602119446,0.4444001615047455,0.4245285093784332,0.8831561803817749
0,carabao,0.1081991195678711,0.3839634656906128,0.2163982391357422,0.3060651123523712,0.8395951986312866
0,carabao,0.5958662033081055,0.5155642032623291,0.6613861322402954,0.4876388609409332,0.8247222304344177
