class,class_name,centroid_x,centroid_y,box_width,box_height,confidence
0,carabao,0.5720087289810181,0.2876313030719757,0.7581936120986938,0.5276022553443909,0.8617996573448181
0,carabao,0.37461715936660767,0.7440041899681091,0.6043311357498169,0.47200316190719604,0.8503783345222473
0,carabao,0.7518705725669861,0.5322627425193787,0.49139851331710815,0.3977566957473755,0.8213448524475098
0,carabao,0.9634313583374023,0.6154665350914001,0.07313728332519531,0.22762031853199005,0.25923874974250793
