class,class_name,centroid_x,centroid_y,box_width,box_height,confidence
2,indian,0.355123907327652,0.6912491917610168,0.2700459659099579,0.14179058372974396,0.7553922533988953
2,indian,0.4310038685798645,0.3400438725948334,0.30068179965019226,0.14132528007030487,0.6687815189361572
2,indian,0.8172857165336609,0.4083159863948822,0.3161773979663849,0.14074477553367615,0.5174784660339355
2,indian,0.6439644694328308,0.13077549636363983,0.185978963971138,0.09167246520519257,0.4794157147407532
2,indian,0.6505206227302551,0.14258021116256714,0.23119641840457916,0.1279301941394806,0.4537814259529114
