class,class_name,centroid_x,centroid_y,box_width,box_height,confidence
0,carabao,0.580315887928009,0.4346257150173187,0.30228328704833984,0.24986273050308228,0.8398826122283936
0,carabao,0.770965039730072,0.5947999954223633,0.20078058540821075,0.1784507781267166,0.8195095658302307
0,carabao,0.488374799489975,0.4815433919429779,0.20998534560203552,0.17007364332675934,0.6988549828529358
0,carabao,0.36583849787712097,0.394599586725235,0.14580664038658142,0.10213927924633026,0.6547842025756836
