class,class_name,centroid_x,centroid_y,box_width,box_height,confidence
0,carabao,0.44842714071273804,0.49650707840919495,0.5050715208053589,0.24717505276203156,0.8365575075149536
