class,class_name,centroid_x,centroid_y,box_width,box_height,confidence
0,carabao,0.19809725880622864,0.40664809942245483,0.3961945176124573,0.3131488263607025,0.870399534702301
0,carabao,0.5473825335502625,0.3195686638355255,0.44595566391944885,0.35575923323631287,0.8578976988792419
0,carabao,0.6244214773178101,0.6354184746742249,0.36658209562301636,0.2982480823993683,0.8270761370658875
0,carabao,0.21561560034751892,0.7697102427482605,0.3438287377357483,0.28227704763412476,0.8212318420410156
0,carabao,0.3616882860660553,0.6085240840911865,0.35049447417259216,0.3001543879508972,0.8187339305877686
0,carabao,0.9298318028450012,0.11690501868724823,0.14033642411231995,0.17182260751724243,0.6938996911048889
0,carabao,0.8769603967666626,0.024149548262357712,0.16840115189552307,0.048299096524715424,0.34825968742370605
0,carabao,0.9202892184257507,0.026005590334534645,0.08973617851734161,0.05201118066906929,0.2857598066329956
