class,class_name,centroid_x,centroid_y,box_width,box_height,confidence
0,carabao,0.6650033593177795,0.572374701499939,0.38635510206222534,0.3435988128185272,0.8840196132659912
0,carabao,0.4667983949184418,0.7613279819488525,0.29262563586235046,0.2545575499534607,0.8707428574562073
0,carabao,0.43643584847450256,0.46362411975860596,0.2662699818611145,0.21333986520767212,0.8418585062026978
0,carabao,0.5470551252365112,0.3098425567150116,0.22842606902122498,0.19585087895393372,0.8002189993858337
0,carabao,0.8813077807426453,0.5054299235343933,0.2020074874162674,0.18022021651268005,0.7779261469841003
0,carabao,0.7818410992622375,0.6728106141090393,0.3038562834262848,0.23005320131778717,0.7569894790649414
0,carabao,0.6939043402671814,0.4141845107078552,0.29125356674194336,0.19840723276138306,0.7288433313369751
