class,class_name,centroid_x,centroid_y,box_width,box_height,confidence
2,indian,0.5705717206001282,0.5730308294296265,0.12827491760253906,0.24093684554100037,0.6852365136146545
2,indian,0.4535497725009918,0.5534996390342712,0.10998918861150742,0.20806218683719635,0.6622938513755798
2,indian,0.9343416094779968,0.058361850678920746,0.12123966217041016,0.11672370135784149,0.3541201055049896
