class,class_name,centroid_x,centroid_y,box_width,box_height,confidence
0,carabao,0.34207525849342346,0.46929264068603516,0.5353695154190063,0.6108768582344055,0.8300445079803467
