class,class_name,centroid_x,centroid_y,box_width,box_height,confidence
0,carabao,0.49472445249557495,0.5319783091545105,0.8954181671142578,0.9321081042289734,0.8347064852714539
