class,class_name,centroid_x,centroid_y,box_width,box_height,confidence
0,carabao,0.17386987805366516,0.8108479976654053,0.3451020121574402,0.37830397486686707,0.8746542930603027
0,carabao,0.6705602407455444,0.3168981373310089,0.4837506413459778,0.4045462906360626,0.8711522221565247
0,carabao,0.3770117163658142,0.5538960695266724,0.49671506881713867,0.45144832134246826,0.8370509147644043
0,carabao,0.6901182532310486,0.6326153874397278,0.29157477617263794,0.292327880859375,0.598949670791626
