class,class_name,centroid_x,centroid_y,box_width,box_height,confidence
0,carabao,0.5533658862113953,0.49586406350135803,0.4935602843761444,0.24330797791481018,0.8555417060852051
