class,class_name,centroid_x,centroid_y,box_width,box_height,confidence
0,carabao,0.7119400501251221,0.4240853190422058,0.41200265288352966,0.36455246806144714,0.8560940623283386
0,carabao,0.48606473207473755,0.5893996953964233,0.3235531151294708,0.2881738543510437,0.8447547554969788
0,carabao,0.04807297885417938,0.2978547215461731,0.09614595770835876,0.23669612407684326,0.6067357063293457
