class,class_name,centroid_x,centroid_y,box_width,box_height,confidence
0,carabao,0.438782274723053,0.517288327217102,0.5397337675094604,0.38124215602874756,0.8412039875984192
0,carabao,0.6360296010971069,0.2607603371143341,0.510543942451477,0.352139413356781,0.8297539353370667
