class,class_name,centroid_x,centroid_y,box_width,box_height,confidence
1,flower,0.1836528778076172,0.6725661754608154,0.3503023087978363,0.6478019952774048,0.8647307753562927
1,flower,0.696491539478302,0.6046451926231384,0.4769735336303711,0.7863618731498718,0.7726464867591858
1,flower,0.4650455117225647,0.12904778122901917,0.2811940312385559,0.25502610206604004,0.5585306286811829
1,flower,0.15768468379974365,0.9043764472007751,0.10995197296142578,0.19124704599380493,0.48056697845458984
1,flower,0.5520909428596497,0.9386699199676514,0.08660183101892471,0.12266015261411667,0.3890439569950104
1,flower,0.7471387386322021,0.6919392943382263,0.10074090957641602,0.19255422055721283,0.319392591714859
