class,class_name,centroid_x,centroid_y,box_width,box_height,confidence
0,carabao,0.2899588346481323,0.34745705127716064,0.43541419506073,0.42443928122520447,0.8571943640708923
0,carabao,0.21643492579460144,0.5816240906715393,0.27326247096061707,0.29324445128440857,0.8358604907989502
0,carabao,0.7668625116348267,0.4549776017665863,0.2951769530773163,0.29859066009521484,0.8204009532928467
0,carabao,0.5340193510055542,0.6034467816352844,0.27479881048202515,0.3322988450527191,0.8183766603469849
0,carabao,0.5403472781181335,0.11102596670389175,0.24317970871925354,0.22113105654716492,0.7991520762443542
0,carabao,0.5674442052841187,0.30594900250434875,0.2982490360736847,0.3780103325843811,0.7883982062339783
0,carabao,0.3510895073413849,0.17679563164710999,0.21060003340244293,0.18756577372550964,0.7722617387771606
0,carabao,0.045835062861442566,0.7167382836341858,0.09053368121385574,0.31873542070388794,0.30077385902404785
