class,class_name,centroid_x,centroid_y,box_width,box_height,confidence
2,indian,0.4705047011375427,0.30082187056541443,0.2139730453491211,0.16521911323070526,0.812934160232544
2,indian,0.5200139880180359,0.4623013138771057,0.2243642807006836,0.1897842437028885,0.7974575757980347
2,indian,0.8208812475204468,0.46390119194984436,0.23519611358642578,0.18981170654296875,0.7759056687355042
2,indian,0.5332395434379578,0.72611004114151,0.2028556764125824,0.16664686799049377,0.760856032371521
2,indian,0.4019169807434082,0.5555877685546875,0.23480434715747833,0.1737200766801834,0.7498866319656372
