class,class_name,centroid_x,centroid_y,box_width,box_height,confidence
0,carabao,0.5840691328048706,0.6635617613792419,0.4904108941555023,0.3776179254055023,0.7943146228790283
