class,class_name,centroid_x,centroid_y,box_width,box_height,confidence
2,indian,0.6839901804924011,0.6414443850517273,0.20213031768798828,0.3320396840572357,0.8160107731819153
2,indian,0.49521416425704956,0.7928646802902222,0.1549665480852127,0.3688710331916809,0.8065568804740906
2,indian,0.5004535913467407,0.5090331435203552,0.1846875250339508,0.3023584485054016,0.788825273513794
2,indian,0.6680436730384827,0.4579557776451111,0.18864794075489044,0.2517285645008087,0.7846994400024414
