class,class_name,centroid_x,centroid_y,box_width,box_height,confidence
0,carabao,0.46124041080474854,0.34065353870391846,0.36043745279312134,0.3069307804107666,0.8210473656654358
0,carabao,0.6481767296791077,0.7667912244796753,0.4585113227367401,0.2211010903120041,0.8161616921424866
0,carabao,0.5981698632240295,0.18205398321151733,0.35830816626548767,0.25105923414230347,0.7770904898643494
0,carabao,0.47966787219047546,0.6018596887588501,0.42853423953056335,0.32769471406936646,0.7619078755378723
0,carabao,0.7474907040596008,0.5726372003555298,0.37937724590301514,0.22594022750854492,0.7456719875335693
0,carabao,0.2423969954252243,0.6230027079582214,0.3159773647785187,0.29102402925491333,0.7345149517059326
