class,class_name,centroid_x,centroid_y,box_width,box_height,confidence
2,indian,0.7582181692123413,0.48955509066581726,0.3384907841682434,0.3357640504837036,0.832888662815094
2,indian,0.18843801319599152,0.3813072443008423,0.33758026361465454,0.3371746838092804,0.8046931028366089
2,indian,0.22516091167926788,0.646475613117218,0.3122309148311615,0.29766592383384705,0.7887747287750244
