class,class_name,centroid_x,centroid_y,box_width,box_height,confidence
0,carabao,0.7035685777664185,0.6047681570053101,0.3552536070346832,0.34922587871551514,0.8481571078300476
0,carabao,0.509536623954773,0.8467289805412292,0.21792344748973846,0.16961827874183655,0.8467040657997131
0,carabao,0.4288654923439026,0.4496184289455414,0.6535876989364624,0.4948996901512146,0.8193902969360352
0,carabao,0.8632509112358093,0.41660985350608826,0.2650819718837738,0.22587354481220245,0.30507564544677734
