class,class_name,centroid_x,centroid_y,box_width,box_height,confidence
0,carabao,0.1711963415145874,0.18337304890155792,0.3396613597869873,0.36674609780311584,0.8838873505592346
0,carabao,0.679059624671936,0.6769079566001892,0.5105370283126831,0.40230080485343933,0.8536248207092285
0,carabao,0.3675386905670166,0.44337698817253113,0.5169636011123657,0.47073331475257874,0.8508102893829346
0,carabao,0.5926145315170288,0.36410319805145264,0.2080303132534027,0.2696230113506317,0.5094094276428223
0,carabao,0.6309808492660522,0.37073567509651184,0.24351730942726135,0.26132455468177795,0.47081997990608215
