class,class_name,centroid_x,centroid_y,box_width,box_height,confidence
0,carabao,0.4962480366230011,0.4641237258911133,0.956906795501709,0.8750747442245483,0.8724198937416077
0,carabao,0.6790637969970703,0.7780736684799194,0.5373328924179077,0.23851709067821503,0.7585803866386414
0,carabao,0.6850820779800415,0.9085255861282349,0.6298357844352722,0.18259410560131073,0.7450342178344727
0,carabao,0.1635994166135788,0.8794431686401367,0.3271988332271576,0.24111361801624298,0.7225415706634521
0,carabao,0.19774025678634644,0.18761375546455383,0.39548051357269287,0.37382951378822327,0.6858108639717102
0,carabao,0.12027280032634735,0.5246485471725464,0.2400418370962143,0.40074366331100464,0.5609588027000427
0,carabao,0.4092746675014496,0.9334129095077515,0.26017069816589355,0.1331741362810135,0.5458389520645142
0,carabao,0.6730866432189941,0.1104520782828331,0.6414338946342468,0.22005939483642578,0.46489468216896057
