class,class_name,centroid_x,centroid_y,box_width,box_height,confidence
0,carabao,0.7752302885055542,0.7845008969306946,0.4449428617954254,0.4305524230003357,0.8434618711471558
0,carabao,0.4099699556827545,0.5206012725830078,0.6360523104667664,0.4878770112991333,0.8328567147254944
0,carabao,0.8896036148071289,0.3783542513847351,0.2206871062517166,0.3096420168876648,0.8141719102859497
