class,class_name,centroid_x,centroid_y,box_width,box_height,confidence
1,flower,0.09942618757486343,0.13598142564296722,0.19857046008110046,0.26416492462158203,0.39987507462501526
1,flower,0.3380349576473236,0.5916770100593567,0.5166715383529663,0.5817310214042664,0.35536614060401917
1,flower,0.691588282585144,0.29034456610679626,0.14859619736671448,0.3037005066871643,0.30741313099861145
1,flower,0.340975821018219,0.7608203887939453,0.14388351142406464,0.19144375622272491,0.29336559772491455
1,flower,0.5804212689399719,0.3354140520095825,0.38783368468284607,0.3790034055709839,0.2873733341693878
1,flower,0.20070557296276093,0.44129034876823425,0.08453446626663208,0.21001027524471283,0.2794288694858551
1,flower,0.5697882771492004,0.35893574357032776,0.06356143951416016,0.2234133630990982,0.2792645990848541
