class,class_name,centroid_x,centroid_y,box_width,box_height,confidence
0,carabao,0.22056636214256287,0.7886818647384644,0.44113272428512573,0.42263633012771606,0.8810587525367737
0,carabao,0.4765252470970154,0.3995772898197174,0.49934741854667664,0.6241765022277832,0.837378978729248
0,carabao,0.6161933541297913,0.8798407316207886,0.3203052580356598,0.2403184473514557,0.7984527349472046
