class,class_name,centroid_x,centroid_y,box_width,box_height,confidence
0,carabao,0.46482524275779724,0.42277708649635315,0.31747350096702576,0.45331135392189026,0.841991126537323
0,carabao,0.7245253920555115,0.7108887434005737,0.5124154090881348,0.33351850509643555,0.8300945162773132
0,carabao,0.7253429293632507,0.3454511761665344,0.3120807707309723,0.44399309158325195,0.8243048787117004
0,carabao,0.17295995354652405,0.3902255892753601,0.31177863478660583,0.4923359453678131,0.8173011541366577
0,carabao,0.3484942615032196,0.7279388308525085,0.3338608145713806,0.45132312178611755,0.7975124716758728
