class,class_name,centroid_x,centroid_y,box_width,box_height,confidence
1,flower,0.48952987790107727,0.43469637632369995,0.9507372379302979,0.7699384689331055,0.8118439316749573
