class,class_name,centroid_x,centroid_y,box_width,box_height,confidence
2,indian,0.3896244168281555,0.6210399866104126,0.22406330704689026,0.3428787291049957,0.8456077575683594
2,indian,0.5509594082832336,0.5843100547790527,0.24521121382713318,0.3273749351501465,0.8406854867935181
