class,class_name,centroid_x,centroid_y,box_width,box_height,confidence
0,carabao,0.4362660050392151,0.4821735620498657,0.8507357835769653,0.6435993313789368,0.8072460293769836
