class,class_name,centroid_x,centroid_y,box_width,box_height,confidence
2,indian,0.6372561454772949,0.31648486852645874,0.43202343583106995,0.44716066122055054,0.759989857673645
2,indian,0.3547874093055725,0.6006412506103516,0.5099573135375977,0.45706936717033386,0.6870225071907043
