class,class_name,centroid_x,centroid_y,box_width,box_height,confidence
0,carabao,0.500882625579834,0.6768060922622681,0.27346575260162354,0.3404698371887207,0.829584538936615
0,carabao,0.22568435966968536,0.6421968936920166,0.3041372299194336,0.3548586964607239,0.8274797797203064
0,carabao,0.7332543730735779,0.6900274753570557,0.31377512216567993,0.3129116892814636,0.7910739779472351
