class,class_name,centroid_x,centroid_y,box_width,box_height,confidence
0,carabao,0.622605562210083,0.4323331415653229,0.37415334582328796,0.40528303384780884,0.8710071444511414
0,carabao,0.44058772921562195,0.7152625322341919,0.2749496102333069,0.4907727539539337,0.8631415963172913
0,carabao,0.30886155366897583,0.2968840003013611,0.25408682227134705,0.518254816532135,0.8612100481987
0,carabao,0.19596244394779205,0.6571676135063171,0.24849872291088104,0.49436116218566895,0.8457407355308533
0,carabao,0.7421700358390808,0.7586199045181274,0.3557318150997162,0.3630087077617645,0.8428019285202026
0,carabao,0.30922427773475647,0.8911711573600769,0.3075879216194153,0.20510956645011902,0.7252450585365295
0,carabao,0.6531717777252197,0.9408594369888306,0.3514861464500427,0.10838109999895096,0.3745207190513611
