class,class_name,centroid_x,centroid_y,box_width,box_height,confidence
2,indian,0.3497256636619568,0.6179817914962769,0.25253474712371826,0.19838599860668182,0.8497975468635559
2,indian,0.5170980095863342,0.7444170117378235,0.24685826897621155,0.16216735541820526,0.8330464959144592
2,indian,0.6334486603736877,0.3673771321773529,0.2388407438993454,0.18812274932861328,0.825215220451355
2,indian,0.6523856520652771,0.6430664658546448,0.2723017632961273,0.1909802407026291,0.8189510107040405
2,indian,0.5088806748390198,0.5179789662361145,0.3058452308177948,0.18744544684886932,0.8074875473976135
2,indian,0.3746013641357422,0.44252052903175354,0.2606200575828552,0.16961857676506042,0.7609567642211914
2,indian,0.6488643288612366,0.5144048929214478,0.1877223253250122,0.14342936873435974,0.4598359167575836
