class,class_name,centroid_x,centroid_y,box_width,box_height,confidence
0,carabao,0.6551024317741394,0.49780479073524475,0.3934585452079773,0.2874095141887665,0.8501371741294861
0,carabao,0.656882107257843,0.8075620532035828,0.3879167437553406,0.34432080388069153,0.8422719240188599
0,carabao,0.34885117411613464,0.6043851375579834,0.36269611120224,0.26381582021713257,0.8321661949157715
0,carabao,0.5225991010665894,0.3496212661266327,0.3298185467720032,0.3225790560245514,0.8253043293952942
0,carabao,0.35512325167655945,0.8068307042121887,0.31140321493148804,0.25384992361068726,0.8222647905349731
0,carabao,0.8354679346084595,0.3887203633785248,0.3242216110229492,0.21980495750904083,0.8114532232284546
0,carabao,0.8138912916183472,0.6167236566543579,0.2522026002407074,0.21979230642318726,0.7801067233085632
0,carabao,0.3494304120540619,0.3584481477737427,0.22993430495262146,0.2561367154121399,0.7754179835319519
