class,class_name,centroid_x,centroid_y,box_width,box_height,confidence
2,indian,0.26108595728874207,0.4756139814853668,0.3381480574607849,0.26058512926101685,0.767794668674469
2,indian,0.26012298464775085,0.22692659497261047,0.3261859714984894,0.2633776068687439,0.7612240314483643
2,indian,0.5662279725074768,0.3398887515068054,0.45125681161880493,0.272535502910614,0.7333567142486572
2,indian,0.6810484528541565,0.4803049564361572,0.39101511240005493,0.22350378334522247,0.6193370223045349
