class,class_name,centroid_x,centroid_y,box_width,box_height,confidence
0,carabao,0.28198036551475525,0.5697042942047119,0.3924437463283539,0.359361857175827,0.9016865491867065
0,carabao,0.51546710729599,0.39793235063552856,0.3147587776184082,0.2733123004436493,0.840776264667511
0,carabao,0.9526976346969604,0.7122472524642944,0.09460468590259552,0.21151868999004364,0.6963818669319153
