class,class_name,centroid_x,centroid_y,box_width,box_height,confidence
2,indian,0.4891212582588196,0.2613511383533478,0.1974395513534546,0.11611199378967285,0.7550116181373596
2,indian,0.42841634154319763,0.3254722058773041,0.23554331064224243,0.11532220989465714,0.7470601201057434
2,indian,0.29459458589553833,0.2671598792076111,0.1912483423948288,0.12188005447387695,0.7418392300605774
2,indian,0.7263772487640381,0.24874600768089294,0.17595811188220978,0.11261280626058578,0.7268037796020508
2,indian,0.9101963043212891,0.39106741547584534,0.1562231332063675,0.11389236152172089,0.646331250667572
