class,class_name,centroid_x,centroid_y,box_width,box_height,confidence
2,indian,0.6202324032783508,0.3899005055427551,0.34850597381591797,0.21247439086437225,0.8324511051177979
2,indian,0.5783570408821106,0.5579789876937866,0.34323787689208984,0.25393810868263245,0.8017600178718567
