class,class_name,centroid_x,centroid_y,box_width,box_height,confidence
1,flower,0.8202030062675476,0.28338128328323364,0.17161373794078827,0.16328559815883636,0.5159301161766052
1,flower,0.42479950189590454,0.3347053825855255,0.528835654258728,0.23384086787700653,0.4332715570926666
1,flower,0.5433891415596008,0.6379272937774658,0.39005130529403687,0.4638923704624176,0.42608439922332764
1,flower,0.8783334493637085,0.495006799697876,0.24333305656909943,0.49269482493400574,0.3311964273452759
1,flower,0.6629114747047424,0.49269571900367737,0.20402173697948456,0.3212584853172302,0.279581218957901
1,flower,0.9338603019714355,0.509913444519043,0.1322793960571289,0.2708980143070221,0.24210983514785767
