class,class_name,centroid_x,centroid_y,box_width,box_height,confidence
2,indian,0.6503013372421265,0.3629129230976105,0.27718210220336914,0.19436439871788025,0.8319032788276672
2,indian,0.6392770409584045,0.6359480023384094,0.2481423020362854,0.1912609040737152,0.813258945941925
2,indian,0.3792341351509094,0.5533390045166016,0.2701507806777954,0.1689910888671875,0.8052606582641602
2,indian,0.3462851941585541,0.3821122944355011,0.2709130048751831,0.19190116226673126,0.8038236498832703
2,indian,0.5185224413871765,0.25349608063697815,0.2435208112001419,0.1607518196105957,0.7875957489013672
2,indian,0.5134192109107971,0.488741010427475,0.3245168924331665,0.1899520605802536,0.7654621005058289
2,indian,0.6548429131507874,0.49358540773391724,0.15997228026390076,0.12337779998779297,0.28090429306030273
