class,class_name,centroid_x,centroid_y,box_width,box_height,confidence
0,carabao,0.3521040678024292,0.5304280519485474,0.4195658266544342,0.5685734748840332,0.8158749341964722
0,carabao,0.6744040846824646,0.34769630432128906,0.4574644863605499,0.6052268147468567,0.7945565581321716
0,carabao,0.06628886610269547,0.05823434516787529,0.1321837157011032,0.11634564399719238,0.7107764482498169
0,carabao,0.11171719431877136,0.4437505602836609,0.1343059539794922,0.1593419760465622,0.2794262766838074
