class,class_name,centroid_x,centroid_y,box_width,box_height,confidence
0,carabao,0.24690906703472137,0.21153990924358368,0.3642774224281311,0.3462302088737488,0.8809974789619446
0,carabao,0.5350077152252197,0.365497350692749,0.3741229176521301,0.2972644567489624,0.8488282561302185
0,carabao,0.7843416333198547,0.554036021232605,0.3612590730190277,0.30947259068489075,0.8377683758735657
0,carabao,0.20165090262889862,0.4848001003265381,0.3608698844909668,0.2792801856994629,0.8163904547691345
0,carabao,0.6878255605697632,0.8470435738563538,0.3017115592956543,0.2509837746620178,0.8120251297950745
0,carabao,0.38200849294662476,0.6774070262908936,0.3615501821041107,0.3756360709667206,0.8005800247192383
0,carabao,0.7739096879959106,0.32331526279449463,0.30150270462036133,0.2279203236103058,0.7611535787582397
0,carabao,0.12784986197948456,0.6691760420799255,0.14025326073169708,0.12797784805297852,0.5883946418762207
0,carabao,0.8608571290969849,0.9185559153556824,0.2695688307285309,0.15360127389431,0.5835596919059753
