class,class_name,centroid_x,centroid_y,box_width,box_height,confidence
0,carabao,0.2983767092227936,0.24092644453048706,0.2646388113498688,0.4796345829963684,0.8746224641799927
0,carabao,0.7296875715255737,0.7162715792655945,0.23422451317310333,0.5558592677116394,0.8688825964927673
0,carabao,0.5134328603744507,0.7441858649253845,0.25102680921554565,0.5107213258743286,0.8627812266349792
0,carabao,0.5360232591629028,0.27045968174934387,0.2438955307006836,0.4899955689907074,0.8506250977516174
0,carabao,0.7442963123321533,0.2623712718486786,0.2329573631286621,0.4852593243122101,0.8339840173721313
0,carabao,0.2510066330432892,0.7186111211776733,0.24980106949806213,0.5314145684242249,0.8223150968551636
0,carabao,0.4014679491519928,0.6425555944442749,0.28884783387184143,0.497600257396698,0.8142588138580322
