class,class_name,centroid_x,centroid_y,box_width,box_height,confidence
0,carabao,0.6434532999992371,0.3421246409416199,0.40138164162635803,0.14432282745838165,0.8346704244613647
0,carabao,0.43425995111465454,0.605307400226593,0.36592647433280945,0.20902785658836365,0.809436023235321
0,carabao,0.7420268654823303,0.4329613745212555,0.30772727727890015,0.13627398014068604,0.7893275022506714
0,carabao,0.29655879735946655,0.4446047246456146,0.3454275131225586,0.16957807540893555,0.7775768041610718
0,carabao,0.539396345615387,0.4694038927555084,0.29155582189559937,0.16730394959449768,0.7609780430793762
0,carabao,0.5254414677619934,0.5610581636428833,0.2348058521747589,0.10397358238697052,0.4471675455570221
