class,class_name,centroid_x,centroid_y,box_width,box_height,confidence
2,indian,0.5379763245582581,0.26925748586654663,0.20417699217796326,0.16602568328380585,0.7964332103729248
2,indian,0.5151904821395874,0.5326175689697266,0.24401763081550598,0.19308070838451385,0.7743122577667236
2,indian,0.4093535840511322,0.4390243887901306,0.23113909363746643,0.17383833229541779,0.7494385838508606
2,indian,0.8239348530769348,0.527581512928009,0.25382405519485474,0.19970913231372833,0.7404147982597351
2,indian,0.4724046587944031,0.6947313547134399,0.23770754039287567,0.17545166611671448,0.7023565769195557
