class,class_name,centroid_x,centroid_y,box_width,box_height,confidence
1,flower,0.37636229395866394,0.41136226058006287,0.2925592064857483,0.4052208364009857,0.6500243544578552
1,flower,0.33844661712646484,0.7479734420776367,0.39829912781715393,0.5005975961685181,0.5207028985023499
1,flower,0.6193692088127136,0.3870353102684021,0.5462287664413452,0.6503320932388306,0.505957305431366
1,flower,0.26010653376579285,0.6912626028060913,0.24724236130714417,0.3362577259540558,0.47852978110313416
1,flower,0.6427058577537537,0.5674600005149841,0.20318135619163513,0.2690211236476898,0.4471108615398407
1,flower,0.6784372329711914,0.20649993419647217,0.22504138946533203,0.289119690656662,0.4074476957321167
1,flower,0.7684276103973389,0.46414312720298767,0.2559710443019867,0.40454280376434326,0.3420044183731079
1,flower,0.37547916173934937,0.7699688673019409,0.3127468228340149,0.4368891417980194,0.32311132550239563
1,flower,0.7632214426994324,0.42239370942115784,0.2064201384782791,0.3042650520801544,0.296424001455307
