class,class_name,centroid_x,centroid_y,box_width,box_height,confidence
0,carabao,0.8708270192146301,0.38286978006362915,0.19224342703819275,0.16843357682228088,0.7916631102561951
0,carabao,0.6381743550300598,0.5808924436569214,0.13564707338809967,0.14868564903736115,0.7735638618469238
0,carabao,0.046736396849155426,0.11692873388528824,0.09347279369831085,0.13396820425987244,0.7715573906898499
0,carabao,0.7895568609237671,0.275371253490448,0.141961470246315,0.11530914157629013,0.7689028382301331
0,carabao,0.6039729714393616,0.44339966773986816,0.14952953159809113,0.13876056671142578,0.7603024244308472
0,carabao,0.5323714017868042,0.5734939575195312,0.13242530822753906,0.15075072646141052,0.7370385527610779
0,carabao,0.10036052018404007,0.1648065447807312,0.11238086968660355,0.10619304329156876,0.6806681156158447
0,carabao,0.2981117367744446,0.20926976203918457,0.08948630839586258,0.1021382212638855,0.5707865357398987
