class,class_name,centroid_x,centroid_y,box_width,box_height,confidence
2,indian,0.6763092875480652,0.6425246000289917,0.43871384859085083,0.4343422055244446,0.8441236019134521
2,indian,0.39735162258148193,0.4081796705722809,0.4017895460128784,0.3738859295845032,0.8411644101142883
