class,class_name,centroid_x,centroid_y,box_width,box_height,confidence
0,carabao,0.49368101358413696,0.5560176372528076,0.304363876581192,0.3804105818271637,0.8495765328407288
0,carabao,0.750609815120697,0.21902556717395782,0.31828436255455017,0.3292866349220276,0.8420036435127258
0,carabao,0.19158856570720673,0.6260896921157837,0.2714548707008362,0.32869377732276917,0.8217070698738098
0,carabao,0.7287781238555908,0.5544970631599426,0.26007333397865295,0.3492473363876343,0.7877017855644226
0,carabao,0.5967599153518677,0.17887043952941895,0.21729011833667755,0.25269731879234314,0.7812235355377197
0,carabao,0.5193383693695068,0.42947492003440857,0.17281748354434967,0.23138466477394104,0.5676485300064087
