class,class_name,centroid_x,centroid_y,box_width,box_height,confidence
0,carabao,0.4280078411102295,0.3365653455257416,0.5231374502182007,0.3672943115234375,0.7513211369514465
