class,class_name,centroid_x,centroid_y,box_width,box_height,confidence
1,flower,0.34008219838142395,0.803216278553009,0.67365962266922,0.33491095900535583,0.7349336743354797
1,flower,0.41454941034317017,0.28436291217803955,0.8237603306770325,0.43826308846473694,0.673246443271637
1,flower,0.8202287554740906,0.5369784235954285,0.3557308614253998,0.2432231903076172,0.566003680229187
1,flower,0.44893527030944824,0.7760680317878723,0.4766438901424408,0.25631484389305115,0.5599488019943237
1,flower,0.8837583065032959,0.5426439642906189,0.23198479413986206,0.2701823115348816,0.4938091039657593
1,flower,0.4443935751914978,0.1547972559928894,0.36926186084747314,0.16011516749858856,0.36198219656944275
1,flower,0.14100296795368195,0.28604254126548767,0.28029996156692505,0.2423103302717209,0.3418582081794739
1,flower,0.05280020087957382,0.44556936621665955,0.09871626645326614,0.07458200305700302,0.26391327381134033
1,flower,0.5199254155158997,0.37748098373413086,0.46854427456855774,0.21195030212402344,0.24023212492465973
