class,class_name,centroid_x,centroid_y,box_width,box_height,confidence
0,carabao,0.45635876059532166,0.5507843494415283,0.17271128296852112,0.44516563415527344,0.8704966306686401
0,carabao,0.33147239685058594,0.56210857629776,0.12361831963062286,0.4449325203895569,0.793275773525238
