class,class_name,centroid_x,centroid_y,box_width,box_height,confidence
2,indian,0.6384328603744507,0.3540216088294983,0.21439266204833984,0.2792801260948181,0.8368558883666992
2,indian,0.6178027987480164,0.6493140459060669,0.21766014397144318,0.2501975893974304,0.8333861231803894
2,indian,0.5122532248497009,0.4840010404586792,0.20911531150341034,0.3133658170700073,0.8210335969924927
2,indian,0.7372260093688965,0.48035597801208496,0.19408492743968964,0.2410503327846527,0.806176483631134
2,indian,0.4404680132865906,0.6281291246414185,0.20009157061576843,0.23754453659057617,0.8037316799163818
2,indian,0.366250216960907,0.38190793991088867,0.22518424689769745,0.26110517978668213,0.7846947312355042
2,indian,0.4978194236755371,0.3409908711910248,0.15579470992088318,0.1653294861316681,0.3885654807090759
