class,class_name,centroid_x,centroid_y,box_width,box_height,confidence
0,carabao,0.7599729895591736,0.8001514673233032,0.3700430989265442,0.3996970057487488,0.8775340914726257
0,carabao,0.30292701721191406,0.21739158034324646,0.5565863847732544,0.38464564085006714,0.8335790038108826
0,carabao,0.6594494581222534,0.10952766984701157,0.5039476156234741,0.21905533969402313,0.8331755995750427
0,carabao,0.7285504937171936,0.40957146883010864,0.5149065852165222,0.41335946321487427,0.832891047000885
0,carabao,0.431159645318985,0.676631510257721,0.40461722016334534,0.557449996471405,0.8311125636100769
0,carabao,0.8944961428642273,0.22492757439613342,0.20981121063232422,0.44985514879226685,0.7631253004074097
0,carabao,0.942347526550293,0.652522623538971,0.11479530483484268,0.41740846633911133,0.614539384841919
