class,class_name,centroid_x,centroid_y,box_width,box_height,confidence
2,indian,0.7330120801925659,0.7025495171546936,0.1342221200466156,0.1851889044046402,0.7805999517440796
2,indian,0.7444450259208679,0.5162901878356934,0.11656226962804794,0.1882813572883606,0.7643579244613647
2,indian,0.6737120747566223,0.5749108791351318,0.14075127243995667,0.1992877572774887,0.7512999176979065
2,indian,0.7505810856819153,0.27341428399086,0.1244300827383995,0.1899978518486023,0.6387709975242615
2,indian,0.6079171895980835,0.09283065050840378,0.13531646132469177,0.16843602061271667,0.5664249658584595
