class,class_name,centroid_x,centroid_y,box_width,box_height,confidence
0,carabao,0.8057476878166199,0.4931090474128723,0.3565705418586731,0.1532314270734787,0.8739840388298035
0,carabao,0.5138018131256104,0.5056288838386536,0.29512834548950195,0.16077080368995667,0.8338634371757507
0,carabao,0.6366457343101501,0.6834551095962524,0.34432628750801086,0.19248847663402557,0.8263373970985413
0,carabao,0.4580438435077667,0.6732708215713501,0.25914299488067627,0.17257443070411682,0.708623468875885
