class,class_name,centroid_x,centroid_y,box_width,box_height,confidence
0,carabao,0.35784730315208435,0.3730621933937073,0.3005386292934418,0.3551689088344574,0.8466416001319885
0,carabao,0.6788355708122253,0.4478842616081238,0.37037786841392517,0.4327777922153473,0.8426519632339478
0,carabao,0.22585709393024445,0.781594455242157,0.28738123178482056,0.3350854814052582,0.8278453946113586
0,carabao,0.5920112133026123,0.8035174608230591,0.3301139771938324,0.39296507835388184,0.8190562129020691
0,carabao,0.8803222179412842,0.07280771434307098,0.17770449817180634,0.14508728682994843,0.8156669735908508
0,carabao,0.37885549664497375,0.6447112560272217,0.309366911649704,0.33358508348464966,0.8042969703674316
