class,class_name,centroid_x,centroid_y,box_width,box_height,confidence
0,carabao,0.19251683354377747,0.6522126793861389,0.3453061282634735,0.38608139753341675,0.8473029732704163
0,carabao,0.5029566884040833,0.6605746150016785,0.29078224301338196,0.3899610638618469,0.8244827389717102
0,carabao,0.6104171276092529,0.8200796246528625,0.21996408700942993,0.3513328433036804,0.818354606628418
0,carabao,0.39168035984039307,0.3380400538444519,0.269334614276886,0.33986663818359375,0.8119224905967712
0,carabao,0.17898207902908325,0.35377079248428345,0.22688284516334534,0.3148973882198334,0.8111944198608398
0,carabao,0.6556465029716492,0.5236652493476868,0.3277764618396759,0.3287890553474426,0.7888334393501282
0,carabao,0.6512976884841919,0.3493122458457947,0.25839245319366455,0.2224046289920807,0.7863804697990417
0,carabao,0.3742777407169342,0.8082631826400757,0.22883696854114532,0.25046077370643616,0.7245957851409912
