class,class_name,centroid_x,centroid_y,box_width,box_height,confidence
2,indian,0.5111945867538452,0.7378246188163757,0.19334694743156433,0.11152172088623047,0.8020437955856323
2,indian,0.7046760320663452,0.733841598033905,0.18271052837371826,0.10902824252843857,0.7854949235916138
2,indian,0.570906937122345,0.6792787313461304,0.19791759550571442,0.11356411129236221,0.7780306935310364
2,indian,0.09191110730171204,0.6087643504142761,0.15425124764442444,0.10736064612865448,0.7273447513580322
2,indian,0.2751811444759369,0.7531298995018005,0.17354601621627808,0.10650338977575302,0.7097880244255066
