class,class_name,centroid_x,centroid_y,box_width,box_height,confidence
0,carabao,0.683262825012207,0.26942262053489685,0.3041151165962219,0.5388452410697937,0.8759130835533142
0,carabao,0.24796991050243378,0.5606487989425659,0.3477122187614441,0.5822446942329407,0.853625476360321
0,carabao,0.48922961950302124,0.7512218952178955,0.2334299087524414,0.497251033782959,0.8323633670806885
0,carabao,0.3705960512161255,0.3551068902015686,0.2314194142818451,0.4290236532688141,0.7889212965965271
0,carabao,0.4938773214817047,0.2576041519641876,0.1615278273820877,0.3662211000919342,0.7299217581748962
