class,class_name,centroid_x,centroid_y,box_width,box_height,confidence
0,carabao,0.6595312356948853,0.5408475399017334,0.6348827481269836,0.5956636667251587,0.8402113318443298
0,carabao,0.3580387234687805,0.3014882504940033,0.609131395816803,0.4954301118850708,0.825903058052063
