class,class_name,centroid_x,centroid_y,box_width,box_height,confidence
0,carabao,0.7036435008049011,0.39296969771385193,0.5869209170341492,0.5789918899536133,0.8650619983673096
0,carabao,0.2424522340297699,0.6515011787414551,0.4747690260410309,0.5022197961807251,0.8244026899337769
0,carabao,0.477184534072876,0.5677065849304199,0.49905291199684143,0.5189803838729858,0.7670924067497253
