class,class_name,centroid_x,centroid_y,box_width,box_height,confidence
0,carabao,0.3758336901664734,0.2526034712791443,0.6074159741401672,0.48335257172584534,0.8603925704956055
0,carabao,0.5675593018531799,0.7068368792533875,0.7882025837898254,0.5322499871253967,0.8450390696525574
0,carabao,0.7533360123634338,0.45698586106300354,0.4899144172668457,0.39529240131378174,0.7761668562889099
0,carabao,0.9590435028076172,0.38138893246650696,0.08191309124231339,0.250806987285614,0.34850868582725525
