class,class_name,centroid_x,centroid_y,box_width,box_height,confidence
0,carabao,0.5399863123893738,0.34088560938835144,0.36575064063072205,0.312771737575531,0.824755847454071
0,carabao,0.34595030546188354,0.7668484449386597,0.4542378783226013,0.21709565818309784,0.8093608021736145
0,carabao,0.5224538445472717,0.6009564995765686,0.4217853546142578,0.3246420919895172,0.7897639870643616
0,carabao,0.4058830142021179,0.17674767971038818,0.3854297697544098,0.2467644214630127,0.7786387205123901
0,carabao,0.25833892822265625,0.5748133659362793,0.4026818573474884,0.22190514206886292,0.761191189289093
0,carabao,0.7580333948135376,0.6143068075180054,0.3159645199775696,0.2789232134819031,0.7079595327377319
