class,class_name,centroid_x,centroid_y,box_width,box_height,confidence
0,carabao,0.5835014581680298,0.5891404151916504,0.5037890672683716,0.5850622057914734,0.7781021595001221
