class,class_name,centroid_x,centroid_y,box_width,box_height,confidence
0,carabao,0.49851295351982117,0.5002695918083191,0.966248631477356,0.8952333331108093,0.8460636138916016
0,carabao,0.6982313990592957,0.08580948412418365,0.6020121574401855,0.1709972769021988,0.8111585378646851
0,carabao,0.6704064607620239,0.21812288463115692,0.5537449717521667,0.24909862875938416,0.7570000290870667
0,carabao,0.1638796478509903,0.12888561189174652,0.3277592957019806,0.253933310508728,0.7365574836730957
0,carabao,0.40348270535469055,0.07103341817855835,0.2929801046848297,0.14089910686016083,0.665770411491394
0,carabao,0.20867891609668732,0.8103498220443726,0.4150797724723816,0.3788624405860901,0.6397637724876404
0,carabao,0.6713845729827881,0.8573116064071655,0.6452009677886963,0.28481656312942505,0.5822468996047974
0,carabao,0.8904756903648376,0.48456478118896484,0.21904873847961426,0.29687947034835815,0.5722153782844543
0,carabao,0.14645296335220337,0.4948804974555969,0.29290592670440674,0.43024197220802307,0.46567338705062866
