class,class_name,centroid_x,centroid_y,box_width,box_height,confidence
0,carabao,0.4640522599220276,0.30225005745887756,0.6973007917404175,0.4004676043987274,0.8001440167427063
0,carabao,0.5516823530197144,0.6438528895378113,0.789402961730957,0.3985351622104645,0.7237798571586609
