class,class_name,centroid_x,centroid_y,box_width,box_height,confidence
2,indian,0.49411284923553467,0.4942862093448639,0.31747323274612427,0.1754845678806305,0.8095364570617676
2,indian,0.3531597852706909,0.3140711486339569,0.3505506217479706,0.2110453099012375,0.7939066886901855
2,indian,0.19622276723384857,0.5027949213981628,0.3621811866760254,0.17397794127464294,0.7822422385215759
2,indian,0.5411953330039978,0.33044329285621643,0.25232526659965515,0.20014914870262146,0.737135112285614
