class,class_name,centroid_x,centroid_y,box_width,box_height,confidence
0,carabao,0.43136724829673767,0.5613097548484802,0.6429268717765808,0.44447314739227295,0.774552047252655
