class,class_name,centroid_x,centroid_y,box_width,box_height,confidence
0,carabao,0.33534660935401917,0.4289766848087311,0.37254419922828674,0.3219858705997467,0.8781896233558655
0,carabao,0.5314544439315796,0.23624318838119507,0.27562063932418823,0.24864082038402557,0.8760402798652649
0,carabao,0.2196834534406662,0.32457491755485535,0.3129604756832123,0.25313034653663635,0.8440706729888916
0,carabao,0.5622073411941528,0.5341060161590576,0.2695491909980774,0.21143989264965057,0.8430023193359375
0,carabao,0.4542490541934967,0.6832258105278015,0.22682638466358185,0.1900206208229065,0.8046966195106506
0,carabao,0.30579501390457153,0.5784124732017517,0.2770053744316101,0.19171473383903503,0.7848109602928162
0,carabao,0.12239213287830353,0.4895142614841461,0.19305196404457092,0.18025341629981995,0.7791956067085266
