class,class_name,centroid_x,centroid_y,box_width,box_height,confidence
0,carabao,0.2370644360780716,0.797015368938446,0.3661257326602936,0.4058012068271637,0.8603299856185913
0,carabao,0.700502872467041,0.21478109061717987,0.5605461001396179,0.3771243989467621,0.8588742017745972
0,carabao,0.566084623336792,0.6749889850616455,0.38748303055763245,0.5565730333328247,0.8437243700027466
0,carabao,0.27443957328796387,0.40773993730545044,0.5103250741958618,0.4104405343532562,0.8293076753616333
0,carabao,0.3376036286354065,0.11094345897436142,0.5150492191314697,0.22188691794872284,0.8088421821594238
0,carabao,0.11063370853662491,0.22627320885658264,0.2212025672197342,0.45235174894332886,0.711162269115448
0,carabao,0.05341973155736923,0.6446087956428528,0.10536766052246094,0.40974751114845276,0.6835636496543884
