class,class_name,centroid_x,centroid_y,box_width,box_height,confidence
0,carabao,0.6511530876159668,0.4690684378147125,0.5290666818618774,0.6245686411857605,0.8177090287208557
