class,class_name,centroid_x,centroid_y,box_width,box_height,confidence
0,carabao,0.6679937243461609,0.8838119506835938,0.4973434507846832,0.23237618803977966,0.8609045147895813
0,carabao,0.761924147605896,0.19913309812545776,0.3670073449611664,0.3982661962509155,0.846886396408081
0,carabao,0.31283023953437805,0.7749946713447571,0.5743990540504456,0.3861713409423828,0.8457524180412292
0,carabao,0.723381519317627,0.5859407782554626,0.5087102651596069,0.4165097177028656,0.8277103900909424
0,carabao,0.4335724413394928,0.3238573968410492,0.3938801884651184,0.5655401349067688,0.8207219243049622
0,carabao,0.8949790000915527,0.7763449549674988,0.20851688086986542,0.44731006026268005,0.7158692479133606
0,carabao,0.9455604553222656,0.346847802400589,0.10840530693531036,0.4188118577003479,0.6028615236282349
