class,class_name,centroid_x,centroid_y,box_width,box_height,confidence
2,indian,0.4808928370475769,0.312989741563797,0.22212469577789307,0.39509710669517517,0.8606386780738831
2,indian,0.3362242579460144,0.4327714741230011,0.2791479229927063,0.42857226729393005,0.7800734043121338
2,indian,0.22756381332874298,0.7461574673652649,0.26632213592529297,0.3056701719760895,0.7791104316711426
2,indian,0.4737952649593353,0.7379432320594788,0.2641821801662445,0.330346941947937,0.7655858993530273
