class,class_name,centroid_x,centroid_y,box_width,box_height,confidence
2,indian,0.3465999364852905,0.6719773411750793,0.44541534781455994,0.47003838419914246,0.8616994619369507
2,indian,0.5871429443359375,0.40036821365356445,0.42555171251296997,0.42707017064094543,0.8094462752342224
