class,class_name,centroid_x,centroid_y,box_width,box_height,confidence
0,carabao,0.5510529279708862,0.515380859375,0.8641535639762878,0.5499307513237,0.794281005859375
