class,class_name,centroid_x,centroid_y,box_width,box_height,confidence
0,carabao,0.23697718977928162,0.3320026695728302,0.46574705839157104,0.5234150886535645,0.8782020807266235
0,carabao,0.703744113445282,0.599338948726654,0.592511773109436,0.593048095703125,0.8646466135978699
0,carabao,0.47314757108688354,0.4134376347064972,0.5050016641616821,0.5158576369285583,0.8260862827301025
