class,class_name,centroid_x,centroid_y,box_width,box_height,confidence
1,flower,0.42934608459472656,0.5313330888748169,0.09208638966083527,0.12485500425100327,0.35862913727760315
1,flower,0.4422582685947418,0.6281319856643677,0.17097356915473938,0.12667889893054962,0.31619662046432495
