class,class_name,centroid_x,centroid_y,box_width,box_height,confidence
0,carabao,0.7808132767677307,0.21431492269039154,0.43837347626686096,0.4286298453807831,0.865414559841156
0,carabao,0.39493507146835327,0.4844367206096649,0.6516656875610352,0.4874679446220398,0.824002206325531
0,carabao,0.8794803619384766,0.6240196228027344,0.2410205900669098,0.3146100640296936,0.7984815835952759
