class,class_name,centroid_x,centroid_y,box_width,box_height,confidence
1,flower,0.4875158369541168,0.5734086036682129,0.9539685249328613,0.7767728567123413,0.8971936106681824
