class,class_name,centroid_x,centroid_y,box_width,box_height,confidence
0,carabao,0.42708221077919006,0.5465112924575806,0.2320784628391266,0.38524818420410156,0.8069702982902527
0,carabao,0.5174721479415894,0.8363455533981323,0.1895567923784256,0.3035726547241211,0.759345293045044
0,carabao,0.31184473633766174,0.37534043192863464,0.20907878875732422,0.3951122760772705,0.7409049272537231
