class,class_name,centroid_x,centroid_y,box_width,box_height,confidence
0,carabao,0.27676767110824585,0.5553337931632996,0.5046409368515015,0.2761315107345581,0.8652899861335754
0,carabao,0.23581437766551971,0.2598728835582733,0.35898372530937195,0.34321969747543335,0.8605796098709106
0,carabao,0.33317992091178894,0.8033372759819031,0.516696572303772,0.23631876707077026,0.8562463521957397
0,carabao,0.6983251571655273,0.6839393377304077,0.5299498438835144,0.2607620060443878,0.8510829210281372
0,carabao,0.5675288438796997,0.3807351887226105,0.39495155215263367,0.3696054518222809,0.8508046269416809
0,carabao,0.11159256845712662,0.6927201151847839,0.22318513691425323,0.29820716381073,0.3952448070049286
0,carabao,0.06660167872905731,0.39821651577949524,0.13320335745811462,0.22232788801193237,0.2920207381248474
