class,class_name,centroid_x,centroid_y,box_width,box_height,confidence
0,carabao,0.3968154489994049,0.48376747965812683,0.7828525304794312,0.601000189781189,0.8002768754959106
