class,class_name,centroid_x,centroid_y,box_width,box_height,confidence
1,flower,0.5064372420310974,0.5679920315742493,0.9528470039367676,0.7743846774101257,0.8276521563529968
