class,class_name,centroid_x,centroid_y,box_width,box_height,confidence
0,carabao,0.4160746932029724,0.43553364276885986,0.30316343903541565,0.2512694001197815,0.8207420110702515
0,carabao,0.22837741672992706,0.595378041267395,0.20024828612804413,0.1786959320306778,0.8166517615318298
0,carabao,0.6355327367782593,0.39263612031936646,0.13709087669849396,0.10606562346220016,0.6758803725242615
0,carabao,0.5151124596595764,0.48709437251091003,0.20575055480003357,0.16655807197093964,0.6733793616294861
