class,class_name,centroid_x,centroid_y,box_width,box_height,confidence
2,indian,0.5341323018074036,0.48169413208961487,0.19976826012134552,0.23956048488616943,0.8391776084899902
2,indian,0.4425891935825348,0.5898865461349487,0.1776280403137207,0.2221149504184723,0.8220162987709045
2,indian,0.6978679895401001,0.5232211351394653,0.16994476318359375,0.21411915123462677,0.7966988682746887
2,indian,0.5313993692398071,0.1773235946893692,0.19164934754371643,0.23377779126167297,0.7944100499153137
2,indian,0.26504239439964294,0.4576689600944519,0.18098397552967072,0.21863079071044922,0.7830967903137207
