class,class_name,centroid_x,centroid_y,box_width,box_height,confidence
0,carabao,0.26238691806793213,0.6171420812606812,0.48216089606285095,0.5870704650878906,0.8663899302482605
0,carabao,0.7119001746177673,0.4502050280570984,0.5376803278923035,0.7459262609481812,0.8400726318359375
0,carabao,0.4555748701095581,0.2414737194776535,0.3657218813896179,0.482947438955307,0.7915477752685547
0,carabao,0.3772100508213043,0.039598483592271805,0.2821568250656128,0.07895773649215698,0.3287632465362549
