class,class_name,centroid_x,centroid_y,box_width,box_height,confidence
2,indian,0.2803409993648529,0.17381881177425385,0.5606819987297058,0.3462023437023163,0.8861847519874573
2,indian,0.5262697339057922,0.47759804129600525,0.8250861763954163,0.5854355692863464,0.8634596467018127
2,indian,0.8543629050254822,0.131818488240242,0.29127416014671326,0.261833518743515,0.7847715020179749
2,indian,0.2070619910955429,0.808093249797821,0.41119036078453064,0.3838134706020355,0.7273054718971252
2,indian,0.783171534538269,0.35653552412986755,0.41227179765701294,0.3315153121948242,0.6343321800231934
2,indian,0.6022341251373291,0.1069541797041893,0.28338637948036194,0.21191942691802979,0.5030984878540039
2,indian,0.598789632320404,0.8283703923225403,0.46624669432640076,0.2582443356513977,0.35967883467674255
2,indian,0.8726895451545715,0.7679144740104675,0.25188663601875305,0.45577067136764526,0.3429696261882782
2,indian,0.1385844498872757,0.4860023856163025,0.27549612522125244,0.2845839560031891,0.2662154734134674
