class,class_name,centroid_x,centroid_y,box_width,box_height,confidence
0,carabao,0.6462734937667847,0.672665536403656,0.6603363752365112,0.4379745423793793,0.8124221563339233
0,carabao,0.47360390424728394,0.3447690010070801,0.6039571762084961,0.4077441394329071,0.8025410175323486
0,carabao,0.9404543042182922,0.061447154730558395,0.11862144619226456,0.12289430946111679,0.7175396084785461
