class,class_name,centroid_x,centroid_y,box_width,box_height,confidence
0,carabao,0.4921092092990875,0.8458056449890137,0.21822699904441833,0.17077608406543732,0.851481020450592
0,carabao,0.2994571924209595,0.6016395688056946,0.3536939024925232,0.3437187671661377,0.811360776424408
0,carabao,0.5649533271789551,0.4603239893913269,0.6376413106918335,0.48367929458618164,0.7849122881889343
