class,class_name,centroid_x,centroid_y,box_width,box_height,confidence
1,flower,0.27574342489242554,0.29388147592544556,0.289097398519516,0.4505469501018524,0.37941160798072815
1,flower,0.5329656004905701,0.5101163387298584,0.9067155122756958,0.9626933336257935,0.3331812918186188
1,flower,0.22465629875659943,0.6276864409446716,0.33618372678756714,0.5588940978050232,0.30027419328689575
2,indian,0.9048420786857605,0.4827244281768799,0.10548706352710724,0.17224307358264923,0.28380662202835083
1,flower,0.530299961566925,0.2741491198539734,0.3422626256942749,0.45861726999282837,0.2677569091320038
1,flower,0.24367213249206543,0.559451699256897,0.38700732588768005,0.6702976822853088,0.24065528810024261
1,flower,0.5351723432540894,0.4638504087924957,0.08377628028392792,0.15140312910079956,0.23617012798786163
2,indian,0.4088030755519867,0.12300198525190353,0.08630084991455078,0.14454007148742676,0.2359759509563446
1,flower,0.9048368334770203,0.4861433207988739,0.09926585853099823,0.15284135937690735,0.23593708872795105
