class,class_name,centroid_x,centroid_y,box_width,box_height,confidence
0,carabao,0.10521640628576279,0.8066431283950806,0.2064930498600006,0.38671383261680603,0.8769638538360596
0,carabao,0.3339313566684723,0.6850292086601257,0.21169814467430115,0.4573759138584137,0.8591219782829285
0,carabao,0.6158753633499146,0.6543394923210144,0.19874230027198792,0.3949998915195465,0.8288036584854126
0,carabao,0.6818143129348755,0.4161633551120758,0.2535850405693054,0.2897269129753113,0.823589563369751
0,carabao,0.24513240158557892,0.5461564064025879,0.20064572989940643,0.4037594795227051,0.8167102336883545
0,carabao,0.4481040835380554,0.537065863609314,0.18503586947917938,0.45676174759864807,0.7716823220252991
0,carabao,0.5350333452224731,0.7640432119369507,0.14278440177440643,0.22969456017017365,0.7260295152664185
0,carabao,0.7462242841720581,0.6585658192634583,0.1435798704624176,0.33793678879737854,0.7172650694847107
0,carabao,0.8785755038261414,0.9424864649772644,0.2428489625453949,0.11497936397790909,0.6696896553039551
