class,class_name,centroid_x,centroid_y,box_width,box_height,confidence
0,carabao,0.4196908473968506,0.45829200744628906,0.596337616443634,0.410177618265152,0.7830994725227356
