class,class_name,centroid_x,centroid_y,box_width,box_height,confidence
0,carabao,0.23802891373634338,0.19842462241649628,0.3656476140022278,0.39684924483299255,0.851050853729248
0,carabao,0.5625797510147095,0.3239988088607788,0.3949200510978699,0.5736658573150635,0.8460288643836975
0,carabao,0.6988088488578796,0.7703879475593567,0.5451812744140625,0.3841671049594879,0.8301201462745667
0,carabao,0.3355928361415863,0.8867952227592468,0.5016795992851257,0.22640958428382874,0.8231106400489807
0,carabao,0.2798527181148529,0.5852733850479126,0.5095418095588684,0.4160272479057312,0.8153383135795593
0,carabao,0.10765236616134644,0.7740887999534607,0.21458446979522705,0.4479069709777832,0.7889525294303894
0,carabao,0.055144019424915314,0.3541927933692932,0.10893954336643219,0.4115925431251526,0.5164612531661987
