class,class_name,centroid_x,centroid_y,box_width,box_height,confidence
0,carabao,0.4148322641849518,0.6105162501335144,0.3258930444717407,0.4527982771396637,0.8255494832992554
0,carabao,0.601064145565033,0.6942782998085022,0.31735512614250183,0.4753817617893219,0.7857990860939026
