class,class_name,centroid_x,centroid_y,box_width,box_height,confidence
0,carabao,0.4929659366607666,0.6254345178604126,0.6466994285583496,0.4861932694911957,0.8076155185699463
0,carabao,0.5965344905853271,0.32758957147598267,0.3883020281791687,0.4341937005519867,0.8057646751403809
