class,class_name,centroid_x,centroid_y,box_width,box_height,confidence
0,carabao,0.20480580627918243,0.4475788176059723,0.40122872591018677,0.493905246257782,0.869075357913971
0,carabao,0.8404453992843628,0.6376160383224487,0.29287490248680115,0.5390997529029846,0.8510322570800781
0,carabao,0.3578324317932129,0.7260850071907043,0.288465678691864,0.5164514183998108,0.8192881941795349
0,carabao,0.5849557518959045,0.5843591094017029,0.2813132405281067,0.5176988840103149,0.7746441960334778
