class,class_name,centroid_x,centroid_y,box_width,box_height,confidence
2,indian,0.41987553238868713,0.5601538419723511,0.3455601632595062,0.2552129626274109,0.8407009243965149
2,indian,0.3807331919670105,0.38672518730163574,0.3553641736507416,0.21407489478588104,0.8146438002586365
