class,class_name,centroid_x,centroid_y,box_width,box_height,confidence
0,carabao,0.5750593543052673,0.4618491232395172,0.23154376447200775,0.25078698992729187,0.8754456639289856
0,carabao,0.6080318689346313,0.6341735124588013,0.21569417417049408,0.1962326020002365,0.8497809767723083
0,carabao,0.49107617139816284,0.3461795747280121,0.18794091045856476,0.22252854704856873,0.8297781348228455
0,carabao,0.7864769101142883,0.37650564312934875,0.1088915541768074,0.08291220664978027,0.6034913063049316
