class,class_name,centroid_x,centroid_y,box_width,box_height,confidence
2,indian,0.5074784159660339,0.7412232160568237,0.31016045808792114,0.3075726628303528,0.884064793586731
2,indian,0.36703693866729736,0.2226928025484085,0.3065246641635895,0.296344518661499,0.8473870158195496
2,indian,0.6291353702545166,0.19988422095775604,0.3653964102268219,0.29930514097213745,0.8195925951004028
