class,class_name,centroid_x,centroid_y,box_width,box_height,confidence
0,carabao,0.4516819715499878,0.43649226427078247,0.4778304100036621,0.6195510625839233,0.8543283939361572
0,carabao,0.605300784111023,0.7070300579071045,0.3402315676212311,0.3391802906990051,0.8135831952095032
0,carabao,0.8365809321403503,0.5087099075317383,0.19580510258674622,0.22781534492969513,0.7123058438301086
