class,class_name,centroid_x,centroid_y,box_width,box_height,confidence
0,carabao,0.5149218440055847,0.4532109797000885,0.20051994919776917,0.62432461977005,0.8641895651817322
