class,class_name,centroid_x,centroid_y,box_width,box_height,confidence
0,carabao,0.35255005955696106,0.6483465433120728,0.3937540054321289,0.14385433495044708,0.8586941361427307
0,carabao,0.5701403021812439,0.38829484581947327,0.3571939468383789,0.208757683634758,0.8261658549308777
0,carabao,0.4613267481327057,0.5232850313186646,0.3000046908855438,0.1656569540500641,0.8129225373268127
0,carabao,0.7073643803596497,0.5475651621818542,0.32575878500938416,0.16089458763599396,0.8079655766487122
0,carabao,0.2624778747558594,0.5612784624099731,0.33114439249038696,0.13893727958202362,0.8030417561531067
0,carabao,0.46724584698677063,0.42991843819618225,0.23714269697666168,0.10407666862010956,0.5246191024780273
