class,class_name,centroid_x,centroid_y,box_width,box_height,confidence
0,carabao,0.6938965916633606,0.6172147393226624,0.4795692563056946,0.2867974042892456,0.8290804624557495
0,carabao,0.6017462611198425,0.41711530089378357,0.452310174703598,0.32591530680656433,0.8276936411857605
