class,class_name,centroid_x,centroid_y,box_width,box_height,confidence
1,flower,0.2030264288187027,0.6009039878845215,0.198202982544899,0.12938852608203888,0.6143734455108643
1,flower,0.20690606534481049,0.2736550271511078,0.39946648478507996,0.524819016456604,0.5919074416160583
1,flower,0.48603200912475586,0.7216374278068542,0.18246619403362274,0.16029739379882812,0.5803871154785156
1,flower,0.48033443093299866,0.8859546780586243,0.10203000903129578,0.20940546691417694,0.45442917943000793
1,flower,0.5662071704864502,0.8649753332138062,0.09426699578762054,0.1531829833984375,0.4185641407966614
1,flower,0.44628632068634033,0.5570722818374634,0.208230122923851,0.20599909126758575,0.33611536026000977
