class,class_name,centroid_x,centroid_y,box_width,box_height,confidence
0,carabao,0.832845151424408,0.5192787051200867,0.33325448632240295,0.2888703942298889,0.8097831010818481
0,carabao,0.45532941818237305,0.5929787755012512,0.41735631227493286,0.22126464545726776,0.7900642156600952
0,carabao,0.5439552068710327,0.42942243814468384,0.4433794915676117,0.2215588539838791,0.779811441898346
