class,class_name,centroid_x,centroid_y,box_width,box_height,confidence
0,carabao,0.41110697388648987,0.2086201161146164,0.28781718015670776,0.27177369594573975,0.8773798942565918
0,carabao,0.36658284068107605,0.4263715147972107,0.3042990267276764,0.29050785303115845,0.8425713181495667
0,carabao,0.17065702378749847,0.32900431752204895,0.17757824063301086,0.26489022374153137,0.8392413258552551
0,carabao,0.6879781484603882,0.6354755163192749,0.2606695294380188,0.27677926421165466,0.8156145811080933
0,carabao,0.48032140731811523,0.7845252156257629,0.17573289573192596,0.20748528838157654,0.7989030480384827
0,carabao,0.22215361893177032,0.18174925446510315,0.14483565092086792,0.1548628956079483,0.7374634742736816
0,carabao,0.5142626762390137,0.6887264847755432,0.09247197955846786,0.11720983684062958,0.6405662298202515
0,carabao,0.6125644445419312,0.7271586060523987,0.11231174319982529,0.13817256689071655,0.6154266595840454
0,carabao,0.2066081315279007,0.40856844186782837,0.11515593528747559,0.14954325556755066,0.6131621599197388
