class,class_name,centroid_x,centroid_y,box_width,box_height,confidence
0,carabao,0.5187539458274841,0.3368333578109741,0.6514091491699219,0.5281393527984619,0.7989359498023987
