class,class_name,centroid_x,centroid_y,box_width,box_height,confidence
1,flower,0.2153761088848114,0.4548664093017578,0.3799329400062561,0.7251148223876953,0.44183245301246643
1,flower,0.49918603897094727,0.47301793098449707,0.40727654099464417,0.8491112589836121,0.33591118454933167
1,flower,0.5583927035331726,0.27570658922195435,0.26336973905563354,0.40441861748695374,0.30695635080337524
1,flower,0.8481208086013794,0.30528196692466736,0.3028341233730316,0.5282046794891357,0.2856312692165375
2,indian,0.8768590688705444,0.27847447991371155,0.08293037116527557,0.13683275878429413,0.2420847862958908
