class,class_name,centroid_x,centroid_y,box_width,box_height,confidence
0,carabao,0.5409427285194397,0.5627534985542297,0.4645130932331085,0.6475397348403931,0.8389641642570496
0,carabao,0.39690738916397095,0.2961856424808502,0.35808420181274414,0.3580334782600403,0.8285214900970459
0,carabao,0.15630045533180237,0.49167317152023315,0.19306345283985138,0.24215643107891083,0.6642990708351135
