class,class_name,centroid_x,centroid_y,box_width,box_height,confidence
2,indian,0.3030073642730713,0.6789886951446533,0.2272142469882965,0.44622981548309326,0.884857177734375
2,indian,0.6877073049545288,0.7587977647781372,0.2358749359846115,0.38595104217529297,0.8515061736106873
2,indian,0.10329695791006088,0.7530460357666016,0.19162079691886902,0.39633962512016296,0.8494692444801331
2,indian,0.6171251535415649,0.13904133439064026,0.23337745666503906,0.2614608407020569,0.8201444745063782
2,indian,0.7821344137191772,0.3223884701728821,0.2140139639377594,0.3693665564060211,0.7880373001098633
2,indian,0.915823757648468,0.4810153841972351,0.16449889540672302,0.34741950035095215,0.787179172039032
2,indian,0.4132046103477478,0.41948574781417847,0.21242447197437286,0.34221041202545166,0.7833754420280457
2,indian,0.5352153778076172,0.19583286345005035,0.1580239236354828,0.2875378429889679,0.5272025465965271
1,flower,0.6207280158996582,0.4680212140083313,0.3385232985019684,0.4121260643005371,0.41545039415359497
