class,class_name,centroid_x,centroid_y,box_width,box_height,confidence
1,flower,0.5201893448829651,0.2198152244091034,0.8053010702133179,0.3364435136318207,0.30300623178482056
0,carabao,0.7731572389602661,0.46236497163772583,0.16424119472503662,0.08119811862707138,0.26634570956230164
0,carabao,0.4661504626274109,0.5341764092445374,0.14601898193359375,0.0778992623090744,0.2659331262111664
1,flower,0.22176280617713928,0.3781545162200928,0.3220163881778717,0.1606651246547699,0.2650827169418335
1,flower,0.5331727862358093,0.2830420136451721,0.8721096515655518,0.4605359435081482,0.2439589947462082
0,carabao,0.12512342631816864,0.41265788674354553,0.11443786323070526,0.06228036805987358,0.23633769154548645
1,flower,0.6255568265914917,0.14521965384483337,0.11294615268707275,0.06302781403064728,0.23354272544384003
1,flower,0.5497790575027466,0.7423617243766785,0.603726863861084,0.36436423659324646,0.23348167538642883
