class,class_name,centroid_x,centroid_y,box_width,box_height,confidence
0,carabao,0.35736507177352905,0.1756233125925064,0.3239431381225586,0.22118254005908966,0.8530461192131042
0,carabao,0.6549428105354309,0.49950307607650757,0.3907199800014496,0.30265554785728455,0.8388617038726807
0,carabao,0.6596232652664185,0.18696114420890808,0.38952332735061646,0.3380632996559143,0.8288607597351074
0,carabao,0.523289680480957,0.6446544528007507,0.33943891525268555,0.32824406027793884,0.8241865634918213
0,carabao,0.3452737331390381,0.3885246813297272,0.37123051285743713,0.2656290829181671,0.8231090307235718
0,carabao,0.8161958456039429,0.6051313877105713,0.36104702949523926,0.2461848258972168,0.8050782084465027
0,carabao,0.8059029579162598,0.3784480392932892,0.29166680574417114,0.22076988220214844,0.7273731827735901
0,carabao,0.3716047704219818,0.6406437158584595,0.2958950102329254,0.26857301592826843,0.6282042264938354
