class,class_name,centroid_x,centroid_y,box_width,box_height,confidence
0,carabao,0.6998838186264038,0.31059688329696655,0.5356485843658447,0.2524985373020172,0.8773152828216553
0,carabao,0.27688008546829224,0.43785375356674194,0.4944078028202057,0.2726345956325531,0.8681230545043945
0,carabao,0.23528990149497986,0.7365614771842957,0.3658124506473541,0.33601272106170654,0.8580693006515503
0,carabao,0.5653006434440613,0.6137229204177856,0.3947927951812744,0.3634282052516937,0.8568117022514343
0,carabao,0.3404293954372406,0.19198393821716309,0.48463109135627747,0.23988176882266998,0.8397265672683716
0,carabao,0.0985967218875885,0.30459973216056824,0.197193443775177,0.30750924348831177,0.4374045431613922
0,carabao,0.05600740388035774,0.6044098734855652,0.11201480776071548,0.2582717835903168,0.2591542899608612
