class,class_name,centroid_x,centroid_y,box_width,box_height,confidence
0,carabao,0.28429022431373596,0.5462345480918884,0.5211121439933777,0.72331303358078,0.8920493125915527
0,carabao,0.7347009778022766,0.3822464346885681,0.48068758845329285,0.5881050229072571,0.8818170428276062
0,carabao,0.540149986743927,0.75579833984375,0.37757936120033264,0.4881706237792969,0.8644600510597229
0,carabao,0.5992547869682312,0.9601722955703735,0.341507226228714,0.07965555042028427,0.3750585615634918
