class,class_name,centroid_x,centroid_y,box_width,box_height,confidence
2,indian,0.7379176020622253,0.47377634048461914,0.33776602149009705,0.26431864500045776,0.7985350489616394
2,indian,0.4332369863986969,0.33892229199409485,0.4558160901069641,0.26909318566322327,0.7569082975387573
2,indian,0.30746525526046753,0.4797912538051605,0.39394956827163696,0.22688551247119904,0.7410057783126831
2,indian,0.7399889826774597,0.22898869216442108,0.33091989159584045,0.2673737406730652,0.7331986427307129
