class,class_name,centroid_x,centroid_y,box_width,box_height,confidence
0,carabao,0.7352607250213623,0.36113470792770386,0.3613663911819458,0.4728468060493469,0.8648783564567566
0,carabao,0.48017239570617676,0.5636411309242249,0.38182201981544495,0.5198777318000793,0.85930997133255
