class,class_name,centroid_x,centroid_y,box_width,box_height,confidence
0,carabao,0.21767231822013855,0.21622386574745178,0.42866051197052,0.43244773149490356,0.8452590703964233
0,carabao,0.4736819863319397,0.5909625887870789,0.4994194805622101,0.6624957919120789,0.8394497632980347
0,carabao,0.618044912815094,0.09935262054204941,0.3079470694065094,0.19870524108409882,0.8383318185806274
