class,class_name,centroid_x,centroid_y,box_width,box_height,confidence
0,carabao,0.3347291052341461,0.5157447457313538,0.5266371965408325,0.6238193511962891,0.7974902987480164
