class,class_name,centroid_x,centroid_y,box_width,box_height,confidence
0,carabao,0.8033370971679688,0.4061654508113861,0.39212995767593384,0.314755380153656,0.8691334128379822
0,carabao,0.4483882784843445,0.32582277059555054,0.4587811529636383,0.35279732942581177,0.8487600684165955
0,carabao,0.37252363562583923,0.6336191892623901,0.3775281012058258,0.2971763610839844,0.8361413478851318
0,carabao,0.7835180759429932,0.7662581205368042,0.35331565141677856,0.29226455092430115,0.803761899471283
0,carabao,0.6452631950378418,0.6109707355499268,0.35633355379104614,0.2957600951194763,0.7800724506378174
0,carabao,0.0692242830991745,0.11685659736394882,0.13821594417095184,0.16874359548091888,0.5000307559967041
