class,class_name,centroid_x,centroid_y,box_width,box_height,confidence
0,carabao,0.6401872634887695,0.7673065066337585,0.3843564987182617,0.30992400646209717,0.828938901424408
0,carabao,0.680769145488739,0.4883665442466736,0.360512912273407,0.3049643337726593,0.8064970374107361
0,carabao,0.688277006149292,0.2552141845226288,0.3239176869392395,0.3311746418476105,0.7769486904144287
