class,class_name,centroid_x,centroid_y,box_width,box_height,confidence
0,carabao,0.6826270222663879,0.14782145619392395,0.3026313781738281,0.2525276839733124,0.8549098372459412
0,carabao,0.2438242882490158,0.7813612818717957,0.3631506860256195,0.3507971167564392,0.8463846445083618
0,carabao,0.7870925664901733,0.44514375925064087,0.3549264073371887,0.3034297227859497,0.8408872485160828
0,carabao,0.5361858606338501,0.6401152014732361,0.3784613013267517,0.3206738233566284,0.8316122889518738
0,carabao,0.38343819975852966,0.32270169258117676,0.3253050744533539,0.36378368735313416,0.83073890209198
0,carabao,0.19260770082473755,0.5078451037406921,0.34793585538864136,0.2804989218711853,0.8305556774139404
0,carabao,0.7751814723014832,0.6651660203933716,0.2978282868862152,0.24966005980968475,0.7711359858512878
0,carabao,0.8433459401130676,0.0743354931473732,0.19645920395851135,0.14061523973941803,0.45526760816574097
