class,class_name,centroid_x,centroid_y,box_width,box_height,confidence
0,carabao,0.506707489490509,0.36336326599121094,0.6271098852157593,0.4786367416381836,0.8170549869537354
0,carabao,0.5954557657241821,0.6643973588943481,0.3911575376987457,0.4470582902431488,0.7664432525634766
