class,class_name,centroid_x,centroid_y,box_width,box_height,confidence
0,carabao,0.5361021161079407,0.5797351598739624,0.2656934857368469,0.24885962903499603,0.6718509793281555
0,carabao,0.3571816086769104,0.6101900339126587,0.21729502081871033,0.2197616547346115,0.642796516418457
0,carabao,0.6554088592529297,0.49374133348464966,0.2454582154750824,0.2055957168340683,0.5146011710166931
2,indian,0.6267527341842651,0.7943726181983948,0.12741871178150177,0.1498364806175232,0.3915846645832062
0,carabao,0.623714804649353,0.7869893312454224,0.09289064258337021,0.116968534886837,0.3549158573150635
