class,class_name,centroid_x,centroid_y,box_width,box_height,confidence
1,flower,0.407396137714386,0.4332430958747864,0.35650634765625,0.4490068554878235,0.7974141836166382
1,flower,0.7644753456115723,0.32844796776771545,0.46138402819633484,0.44310635328292847,0.6790070533752441
1,flower,0.4082164168357849,0.38241782784461975,0.34656858444213867,0.2936467230319977,0.5010425448417664
1,flower,0.36206355690956116,0.6795498132705688,0.6500499248504639,0.4770541191101074,0.4937463402748108
1,flower,0.7677879333496094,0.39022716879844666,0.3737984597682953,0.28511133790016174,0.35536596179008484
1,flower,0.6929987072944641,0.24672070145606995,0.3143167495727539,0.25616294145584106,0.3552865982055664
1,flower,0.47134461998939514,0.7924791574478149,0.35858359932899475,0.26157885789871216,0.31896814703941345
1,flower,0.5650461912155151,0.6371132135391235,0.25733327865600586,0.19135303795337677,0.2673536241054535
