class,class_name,centroid_x,centroid_y,box_width,box_height,confidence
0,carabao,0.5266311764717102,0.6892555952072144,0.7483760714530945,0.4397042691707611,0.792819082736969
0,carabao,0.413229763507843,0.3699422776699066,0.7616885900497437,0.42451515793800354,0.7869994044303894
