class,class_name,centroid_x,centroid_y,box_width,box_height,confidence
0,carabao,0.6974089741706848,0.3795757293701172,0.458927720785141,0.2811010181903839,0.862190306186676
0,carabao,0.6133097410202026,0.577780544757843,0.442758172750473,0.3135106861591339,0.8412970304489136
