class,class_name,centroid_x,centroid_y,box_width,box_height,confidence
0,carabao,0.6120473742485046,0.7654369473457336,0.43585699796676636,0.25130799412727356,0.8460316061973572
0,carabao,0.6787378191947937,0.5417016744613647,0.5272943377494812,0.298535019159317,0.8109448552131653
0,carabao,0.559264600276947,0.2909141778945923,0.5800463557243347,0.33628034591674805,0.8082565069198608
0,carabao,0.3498075604438782,0.6791580319404602,0.31595152616500854,0.22914142906665802,0.7642680406570435
