class,class_name,centroid_x,centroid_y,box_width,box_height,confidence
1,flower,0.6951681971549988,0.29615211486816406,0.03140731528401375,0.01805906370282173,0.4226047396659851
1,flower,0.38562625646591187,0.4215971827507019,0.22385115921497345,0.21785354614257812,0.34340280294418335
1,flower,0.6688270568847656,0.31776121258735657,0.038412462919950485,0.021578311920166016,0.3262909948825836
1,flower,0.469831645488739,0.4970143437385559,0.37256819009780884,0.34024134278297424,0.26474013924598694
1,flower,0.6321314573287964,0.3178233206272125,0.34851574897766113,0.18321438133716583,0.25238996744155884
1,flower,0.517200767993927,0.5973750948905945,0.24806930124759674,0.09169349819421768,0.23955005407333374
