class,class_name,centroid_x,centroid_y,box_width,box_height,confidence
0,carabao,0.5011985301971436,0.5136641263961792,0.932951807975769,0.5518409609794617,0.7687203288078308
