class,class_name,centroid_x,centroid_y,box_width,box_height,confidence
2,indian,0.6390256881713867,0.6476675271987915,0.2084081619977951,0.259183794260025,0.8231488466262817
2,indian,0.5146258473396301,0.5191534161567688,0.19168949127197266,0.2870037853717804,0.8225624561309814
2,indian,0.4429073929786682,0.38115960359573364,0.1710420548915863,0.23911967873573303,0.8079513311386108
2,indian,0.6168705224990845,0.349761039018631,0.2037372589111328,0.2554279565811157,0.8023576736450195
2,indian,0.7457315325737,0.5191259384155273,0.1683296263217926,0.22250165045261383,0.7981955409049988
2,indian,0.36405402421951294,0.630929708480835,0.19327878952026367,0.2306661456823349,0.7962071299552917
2,indian,0.49209412932395935,0.6700662970542908,0.16448631882667542,0.2009975165128708,0.4708903729915619
