class,class_name,centroid_x,centroid_y,box_width,box_height,confidence
2,indian,0.4214635193347931,0.6643323302268982,0.47550609707832336,0.26754695177078247,0.7365533113479614
2,indian,0.7384709119796753,0.7689176797866821,0.33717256784439087,0.24865417182445526,0.7077427506446838
2,indian,0.3106388747692108,0.5216335654258728,0.40717047452926636,0.22236375510692596,0.6994535326957703
2,indian,0.7338162660598755,0.5270811319351196,0.33595529198646545,0.25533121824264526,0.6736259460449219
0,carabao,0.7348991632461548,0.5261136293411255,0.3368639647960663,0.25204697251319885,0.5239715576171875
0,carabao,0.3123382031917572,0.520018458366394,0.4144163727760315,0.22407035529613495,0.500288188457489
