class,class_name,centroid_x,centroid_y,box_width,box_height,confidence
0,carabao,0.27964556217193604,0.3608972728252411,0.5387150645256042,0.27839207649230957,0.8626888990402222
0,carabao,0.5593827962875366,0.19927506148815155,0.5114434361457825,0.3858986496925354,0.8559321165084839
0,carabao,0.36543214321136475,0.8362600207328796,0.5864135026931763,0.2865230143070221,0.8289034962654114
0,carabao,0.4165342450141907,0.5833830833435059,0.5795736908912659,0.26273536682128906,0.7995917201042175
