class,class_name,centroid_x,centroid_y,box_width,box_height,confidence
0,carabao,0.49564921855926514,0.6107045412063599,0.6286867260932922,0.7496255040168762,0.8579212427139282
