class,class_name,centroid_x,centroid_y,box_width,box_height,confidence
0,carabao,0.6524416208267212,0.2898804247379303,0.4240919053554535,0.4297308027744293,0.8779540657997131
0,carabao,0.39237478375434875,0.534181535243988,0.33850008249282837,0.27242419123649597,0.8395702242851257
0,carabao,0.680617094039917,0.5648694634437561,0.39881792664527893,0.3093973696231842,0.8210617303848267
0,carabao,0.4146695137023926,0.21181750297546387,0.30178067088127136,0.26792871952056885,0.8102377653121948
0,carabao,0.5480743050575256,0.7583852410316467,0.32333603501319885,0.30058491230010986,0.7854213714599609
0,carabao,0.8936377763748169,0.5343884825706482,0.20877189934253693,0.23473285138607025,0.7749977111816406
0,carabao,0.8145891427993774,0.3519693613052368,0.21152225136756897,0.206782728433609,0.747477114200592
