class,class_name,centroid_x,centroid_y,box_width,box_height,confidence
0,carabao,0.5007150769233704,0.5668554306030273,0.3460712730884552,0.35758212208747864,0.8771758675575256
0,carabao,0.6254159808158875,0.2746172845363617,0.32184237241744995,0.33610114455223083,0.8670915961265564
0,carabao,0.6556718945503235,0.7960352301597595,0.29967620968818665,0.2795218527317047,0.8547086119651794
0,carabao,0.37071719765663147,0.7805596590042114,0.29726895689964294,0.35762518644332886,0.8536431789398193
0,carabao,0.29163962602615356,0.4567411541938782,0.3168118894100189,0.32582855224609375,0.8058196902275085
