class,class_name,centroid_x,centroid_y,box_width,box_height,confidence
0,carabao,0.29467663168907166,0.3927393853664398,0.5893532633781433,0.5715780258178711,0.8721990585327148
0,carabao,0.7586007118225098,0.6534004807472229,0.46978703141212463,0.5048542022705078,0.869854748249054
0,carabao,0.5213540196418762,0.5706894993782043,0.49217110872268677,0.5025025606155396,0.8308316469192505
