class,class_name,centroid_x,centroid_y,box_width,box_height,confidence
0,carabao,0.5472785830497742,0.47763723134994507,0.8561662435531616,0.5342110395431519,0.8260519504547119
