class,class_name,centroid_x,centroid_y,box_width,box_height,confidence
0,carabao,0.6497167348861694,0.38502272963523865,0.4027290344238281,0.20141859352588654,0.8913540840148926
0,carabao,0.814200222492218,0.8904930353164673,0.37131136655807495,0.20614318549633026,0.8695545792579651
0,carabao,0.6845411062240601,0.6626324653625488,0.46045464277267456,0.20751705765724182,0.8465740084648132
0,carabao,0.41625475883483887,0.3112434446811676,0.2822347581386566,0.2166249305009842,0.8304200768470764
0,carabao,0.542481005191803,0.7489684224128723,0.399252712726593,0.2042551040649414,0.8105392456054688
0,carabao,0.5378915667533875,0.5634555816650391,0.44825229048728943,0.21131916344165802,0.8096030950546265
0,carabao,0.7455617189407349,0.46495264768600464,0.2586689889431,0.14140169322490692,0.7456592917442322
0,carabao,0.6465681791305542,0.2536851465702057,0.37893715500831604,0.1389167606830597,0.7425325512886047
0,carabao,0.9410755038261414,0.112748883664608,0.1178489699959755,0.225497767329216,0.5047160387039185
