class,class_name,centroid_x,centroid_y,box_width,box_height,confidence
0,carabao,0.4575994610786438,0.44629916548728943,0.18183422088623047,0.4717105031013489,0.8550271987915039
0,carabao,0.3351963460445404,0.43423691391944885,0.14287300407886505,0.4347938299179077,0.7905049920082092
