class,class_name,centroid_x,centroid_y,box_width,box_height,confidence
0,carabao,0.3450756072998047,0.7065563797950745,0.4196815490722656,0.4393249452114105,0.8687942624092102
0,carabao,0.6023395657539368,0.4666523039340973,0.33457452058792114,0.25989750027656555,0.855993926525116
0,carabao,0.3082384169101715,0.43824905157089233,0.39141711592674255,0.2807449996471405,0.836609959602356
0,carabao,0.5804492235183716,0.7840464115142822,0.2864440977573395,0.26441967487335205,0.8296830058097839
0,carabao,0.4527652859687805,0.2384537309408188,0.2963138818740845,0.27101561427116394,0.8162041902542114
0,carabao,0.10736913979053497,0.46247807145118713,0.2017786055803299,0.2140682190656662,0.8056215047836304
0,carabao,0.2022239714860916,0.6453943848609924,0.22884230315685272,0.2089998871088028,0.7349218726158142
