class,class_name,centroid_x,centroid_y,box_width,box_height,confidence
2,indian,0.549338161945343,0.4194405674934387,0.24470004439353943,0.3381923735141754,0.8699070811271667
2,indian,0.38496237993240356,0.3870818018913269,0.21492071449756622,0.3358272612094879,0.8030754327774048
