class,class_name,centroid_x,centroid_y,box_width,box_height,confidence
2,indian,0.5072862505912781,0.5195592045783997,0.5872348546981812,0.8216914534568787,0.8925250172615051
2,indian,0.8244163393974304,0.2815606892108917,0.3511672616004944,0.5626782774925232,0.8032283782958984
2,indian,0.19523385167121887,0.20668920874595642,0.38762912154197693,0.41337841749191284,0.7659233212471008
2,indian,0.6393548250198364,0.7796832323074341,0.3280790448188782,0.4164607524871826,0.6310221552848816
2,indian,0.86493319272995,0.8560928106307983,0.26786595582962036,0.2878143787384033,0.5584337711334229
2,indian,0.8920007944107056,0.4178098142147064,0.21409741044044495,0.658735454082489,0.4143833816051483
2,indian,0.5227050185203552,0.10110434144735336,0.2655906677246094,0.20144732296466827,0.372818261384964
2,indian,0.1691022515296936,0.5552564859390259,0.30768829584121704,0.45376694202423096,0.2710304260253906
