class,class_name,centroid_x,centroid_y,box_width,box_height,confidence
0,carabao,0.2923794984817505,0.6509499549865723,0.43291446566581726,0.4169641435146332,0.8598533272743225
0,carabao,0.21447156369686127,0.41700857877731323,0.2727293074131012,0.2844269871711731,0.8310137987136841
0,carabao,0.5339130163192749,0.3958417773246765,0.2697458863258362,0.32678890228271484,0.8250474333763123
0,carabao,0.7680816650390625,0.5466727018356323,0.3042360842227936,0.309849351644516,0.8054320812225342
0,carabao,0.5335654020309448,0.8809047937393188,0.21903254091739655,0.23469766974449158,0.7924590706825256
0,carabao,0.5699777007102966,0.6963038444519043,0.28447675704956055,0.3628156781196594,0.7873631715774536
0,carabao,0.354580819606781,0.8144420385360718,0.20884817838668823,0.1883651316165924,0.7643226981163025
0,carabao,0.04918289929628372,0.255062997341156,0.09836579859256744,0.22663679718971252,0.320607990026474
