class,class_name,centroid_x,centroid_y,box_width,box_height,confidence
2,indian,0.5224740505218506,0.34496134519577026,0.24816767871379852,0.13511376082897186,0.7140244841575623
2,indian,0.34591272473335266,0.38971319794654846,0.22348962724208832,0.13947515189647675,0.7075642943382263
2,indian,0.31123843789100647,0.7310007810592651,0.30453726649284363,0.18256616592407227,0.6651804447174072
2,indian,0.354634553194046,0.17840929329395294,0.18911640346050262,0.1193571537733078,0.6609842777252197
2,indian,0.34451547265052795,0.5623262524604797,0.28409233689308167,0.1352955847978592,0.6608157753944397
1,flower,0.8496024012565613,0.4815756380558014,0.3001883327960968,0.25681599974632263,0.6388714909553528
