class,class_name,centroid_x,centroid_y,box_width,box_height,confidence
0,carabao,0.5766623020172119,0.5602527856826782,0.6190811991691589,0.42423728108406067,0.7196521759033203
