class,class_name,centroid_x,centroid_y,box_width,box_height,confidence
0,carabao,0.3639790713787079,0.26315152645111084,0.5238351225852966,0.3459978997707367,0.8298007845878601
0,carabao,0.5632476806640625,0.5223425030708313,0.5417598485946655,0.38858458399772644,0.8228163719177246
