class,class_name,centroid_x,centroid_y,box_width,box_height,confidence
2,indian,0.2760063111782074,0.5008572340011597,0.358318030834198,0.4141276180744171,0.7587499618530273
2,indian,0.4402690827846527,0.3039929270744324,0.35536521673202515,0.4091191589832306,0.7526879906654358
2,indian,0.3152306079864502,0.6665492057800293,0.3733885884284973,0.36593756079673767,0.7426100969314575
