class,class_name,centroid_x,centroid_y,box_width,box_height,confidence
2,indian,0.6884050369262695,0.3517381548881531,0.12934532761573792,0.25422051548957825,0.7839353680610657
2,indian,0.34420785307884216,0.4210689067840576,0.11460723727941513,0.23384693264961243,0.7612558007240295
2,indian,0.13574190437793732,0.6448974013328552,0.08762835711240768,0.17862839996814728,0.7316378951072693
2,indian,0.020235702395439148,0.8391157388687134,0.040471404790878296,0.25115305185317993,0.35966756939888
