class,class_name,centroid_x,centroid_y,box_width,box_height,confidence
0,carabao,0.7053929567337036,0.6401651501655579,0.4891957640647888,0.5870310068130493,0.8458573818206787
0,carabao,0.4776722490787506,0.3409770131111145,0.5463966131210327,0.6107196807861328,0.8323087096214294
