class,class_name,centroid_x,centroid_y,box_width,box_height,confidence
1,flower,0.5877867937088013,0.4270148277282715,0.3692662715911865,0.4501684308052063,0.7691565752029419
1,flower,0.23230868577957153,0.33081236481666565,0.4613690972328186,0.4647306501865387,0.7663523554801941
1,flower,0.6204075217247009,0.6860663294792175,0.6148631572723389,0.4568668305873871,0.537305474281311
1,flower,0.587851881980896,0.3721622824668884,0.3410536050796509,0.28129181265830994,0.49257323145866394
1,flower,0.3017460107803345,0.24401740729808807,0.3177371621131897,0.24751882255077362,0.4165225625038147
1,flower,0.23534904420375824,0.3843267261981964,0.3877040445804596,0.30411458015441895,0.35819005966186523
1,flower,0.5550163984298706,0.7875266075134277,0.35326942801475525,0.2499343901872635,0.3081337511539459
1,flower,0.772607147693634,0.7153441309928894,0.2969011664390564,0.2742624282836914,0.2371898740530014
1,flower,0.4349576532840729,0.633996844291687,0.24844960868358612,0.19723358750343323,0.2335345596075058
