class,class_name,centroid_x,centroid_y,box_width,box_height,confidence
0,carabao,0.7171400785446167,0.26780158281326294,0.5600479245185852,0.23478397727012634,0.9052619338035583
0,carabao,0.2657085657119751,0.456956148147583,0.4985960125923157,0.25687313079833984,0.8552836179733276
0,carabao,0.24234990775585175,0.6947764754295349,0.48245537281036377,0.27869996428489685,0.8551644086837769
0,carabao,0.7436960935592651,0.48533838987350464,0.5093780755996704,0.25519055128097534,0.8377364873886108
0,carabao,0.25999122858047485,0.2548377215862274,0.5176737308502197,0.2335132658481598,0.8355128765106201
0,carabao,0.6411125063896179,0.5922228693962097,0.5029314756393433,0.29215145111083984,0.828326940536499
0,carabao,0.7187107801437378,0.75706547498703,0.5459868311882019,0.23287200927734375,0.8139094114303589
