class,class_name,centroid_x,centroid_y,box_width,box_height,confidence
2,indian,0.1776888221502304,0.6297279596328735,0.35160139203071594,0.4120074212551117,0.8813506960868835
2,indian,0.7339222431182861,0.18480029702186584,0.5321555137634277,0.3690189719200134,0.8571503162384033
2,indian,0.6317464113235474,0.6102636456489563,0.5267596244812012,0.5240398645401001,0.8457524180412292
2,indian,0.4108279347419739,0.8650995492935181,0.4186330735683441,0.269231379032135,0.8295270204544067
2,indian,0.3511998951435089,0.27163776755332947,0.41989797353744507,0.4413933753967285,0.8044172525405884
2,indian,0.1319725513458252,0.2108941376209259,0.2630147933959961,0.3568079471588135,0.8027521371841431
2,indian,0.6659013628959656,0.9514899253845215,0.463051974773407,0.09702014923095703,0.5816779136657715
2,indian,0.1548919975757599,0.8796741366386414,0.264853298664093,0.239719957113266,0.3782133162021637
