class,class_name,centroid_x,centroid_y,box_width,box_height,confidence
0,carabao,0.5714195370674133,0.2901131510734558,0.37390923500061035,0.40435591340065,0.8599393963813782
0,carabao,0.4024427831172943,0.5140916705131531,0.29588258266448975,0.3157098591327667,0.8498390316963196
0,carabao,0.7240992784500122,0.9520432353019714,0.243764266371727,0.09591350704431534,0.5760301947593689
