class,class_name,centroid_x,centroid_y,box_width,box_height,confidence
1,flower,0.4370597302913666,0.5753357410430908,0.22737284004688263,0.2206728160381317,0.36665984988212585
1,flower,0.6118446588516235,0.7067830562591553,0.06679840385913849,0.08386632800102234,0.335397869348526
1,flower,0.8457193374633789,0.8974793553352356,0.04224739223718643,0.04552057012915611,0.3042237460613251
1,flower,0.29687049984931946,0.7250088453292847,0.10440711677074432,0.1864776611328125,0.28632986545562744
1,flower,0.8832634091377258,0.9120915532112122,0.03034381940960884,0.027531517669558525,0.25747525691986084
1,flower,0.8413487672805786,0.8520355224609375,0.03730125352740288,0.05174340307712555,0.24455122649669647
1,flower,0.5325800180435181,0.640771210193634,0.0488070473074913,0.06182374060153961,0.23654237389564514
