class,class_name,centroid_x,centroid_y,box_width,box_height,confidence
0,carabao,0.6438984274864197,0.44029393792152405,0.5592324733734131,0.5119341611862183,0.47929853200912476
