class,class_name,centroid_x,centroid_y,box_width,box_height,confidence
0,carabao,0.3568708598613739,0.34260714054107666,0.39155498147010803,0.14439073204994202,0.8063262701034546
0,carabao,0.7051964402198792,0.4466262757778168,0.340332567691803,0.16569268703460693,0.7879514098167419
0,carabao,0.5641726851463318,0.6051698923110962,0.3785984218120575,0.21112442016601562,0.7822692394256592
0,carabao,0.25646495819091797,0.4338359832763672,0.3115067481994629,0.12780722975730896,0.7815582156181335
0,carabao,0.46368756890296936,0.4684377610683441,0.3120090067386627,0.16982345283031464,0.7541136145591736
0,carabao,0.4754645526409149,0.5579913854598999,0.25828662514686584,0.12224044650793076,0.3119528591632843
