class,class_name,centroid_x,centroid_y,box_width,box_height,confidence
0,carabao,0.6519295573234558,0.6363951563835144,0.14597949385643005,0.36405453085899353,0.8536099195480347
0,carabao,0.5494351983070374,0.2869310975074768,0.17397832870483398,0.3235248029232025,0.8193522095680237
0,carabao,0.3893851637840271,0.4283025562763214,0.20602326095104218,0.35663101077079773,0.8183758854866028
0,carabao,0.5272801518440247,0.537144124507904,0.17377452552318573,0.2789765000343323,0.7994183897972107
0,carabao,0.5654300451278687,0.7301543354988098,0.14195509254932404,0.3192778527736664,0.7958803772926331
0,carabao,0.43949347734451294,0.5312270522117615,0.10474634170532227,0.20258726179599762,0.6192484498023987
