class,class_name,centroid_x,centroid_y,box_width,box_height,confidence
0,carabao,0.8076550364494324,0.6559799909591675,0.3444088101387024,0.38788557052612305,0.8444021940231323
0,carabao,0.34186750650405884,0.5219477415084839,0.3311077058315277,0.3300233781337738,0.8345429301261902
0,carabao,0.6053450703620911,0.33842945098876953,0.27223509550094604,0.34699565172195435,0.823942244052887
0,carabao,0.4976175129413605,0.662147045135498,0.2893044054508209,0.39620208740234375,0.8202129602432251
0,carabao,0.8247179388999939,0.3518054485321045,0.2283458709716797,0.3087501525878906,0.7912976145744324
0,carabao,0.38118284940719604,0.8151563405990601,0.22607626020908356,0.36263853311538696,0.773801863193512
0,carabao,0.35295265913009644,0.35037872195243835,0.2636159360408783,0.231367826461792,0.7602380514144897
0,carabao,0.629326581954956,0.7993360161781311,0.23552462458610535,0.27010583877563477,0.6507861018180847
