class,class_name,centroid_x,centroid_y,box_width,box_height,confidence
0,carabao,0.39607617259025574,0.2883026599884033,0.5862266421318054,0.5766053199768066,0.8866720199584961
0,carabao,0.6505002975463867,0.7529270648956299,0.5310149788856506,0.4768301844596863,0.8435232639312744
0,carabao,0.5729232430458069,0.5161405205726624,0.5392854809761047,0.49123620986938477,0.8141339421272278
