class,class_name,centroid_x,centroid_y,box_width,box_height,confidence
0,carabao,0.42529579997062683,0.2864627242088318,0.3720822334289551,0.39826804399490356,0.8554110527038574
0,carabao,0.5981423854827881,0.5126215219497681,0.2761913239955902,0.3199238181114197,0.8276896476745605
0,carabao,0.281078964471817,0.9521108865737915,0.2405078411102295,0.09577827155590057,0.5692958831787109
