class,class_name,centroid_x,centroid_y,box_width,box_height,confidence
0,carabao,0.6719967126846313,0.5938094258308411,0.43908652663230896,0.38223084807395935,0.8281490206718445
0,carabao,0.36843791604042053,0.4975350499153137,0.4926212430000305,0.6156360507011414,0.8149712085723877
