class,class_name,centroid_x,centroid_y,box_width,box_height,confidence
0,carabao,0.3250514268875122,0.4504571557044983,0.5315870046615601,0.2949846684932709,0.8206357955932617
0,carabao,0.43482130765914917,0.7106470465660095,0.5787864923477173,0.354789674282074,0.812839686870575
0,carabao,0.38533806800842285,0.23239710927009583,0.4399617314338684,0.2415681630373001,0.8102019429206848
0,carabao,0.6461644768714905,0.3125898241996765,0.32899484038352966,0.22872395813465118,0.758090615272522
0,carabao,0.1919691264629364,0.33636951446533203,0.18234717845916748,0.10918927192687988,0.30991727113723755
