class,class_name,centroid_x,centroid_y,box_width,box_height,confidence
2,indian,0.6447104215621948,0.31134018301963806,0.2712462842464447,0.1459197998046875,0.7658867835998535
2,indian,0.5593740940093994,0.6493953466415405,0.3390882909297943,0.1445762664079666,0.7021723985671997
2,indian,0.3503724932670593,0.8642533421516418,0.2248837798833847,0.11369438469409943,0.5361718535423279
2,indian,0.3551076352596283,0.8623638153076172,0.18345771729946136,0.09682273864746094,0.4863411784172058
2,indian,0.20534470677375793,0.5995071530342102,0.3320198655128479,0.15543527901172638,0.2890971899032593
2,indian,0.15186390280723572,0.9771572947502136,0.3025578558444977,0.04568538814783096,0.24880605936050415
