class,class_name,centroid_x,centroid_y,box_width,box_height,confidence
1,flower,0.46387913823127747,0.4919118881225586,0.10403018444776535,0.07892914116382599,0.3730059564113617
1,flower,0.5378307700157166,0.29383036494255066,0.17906661331653595,0.11317487061023712,0.3668593168258667
1,flower,0.282406747341156,0.4916287362575531,0.060788072645664215,0.04815025255084038,0.3295149803161621
1,flower,0.578338623046875,0.44302159547805786,0.10077903419733047,0.08258838951587677,0.2670753300189972
1,flower,0.30213215947151184,0.5338037610054016,0.04243830218911171,0.03105144575238228,0.2553422749042511
