class,class_name,centroid_x,centroid_y,box_width,box_height,confidence
0,carabao,0.6009222865104675,0.487244188785553,0.2751625180244446,0.3109191954135895,0.8775255680084229
0,carabao,0.42504817247390747,0.7160812020301819,0.36979228258132935,0.3916100561618805,0.8690415024757385
0,carabao,0.291063129901886,0.043694138526916504,0.29526498913764954,0.08738827705383301,0.32370316982269287
