class,class_name,centroid_x,centroid_y,box_width,box_height,confidence
0,carabao,0.6972909569740295,0.5316832065582275,0.40287792682647705,0.6749299168586731,0.835616409778595
0,carabao,0.36650359630584717,0.4525624215602875,0.3884657621383667,0.719103217124939,0.8032001852989197
