class,class_name,centroid_x,centroid_y,box_width,box_height,confidence
1,flower,0.38834118843078613,0.9092991948127747,0.08971548080444336,0.16128259897232056,0.35284268856048584
1,flower,0.24309229850769043,0.5372498035430908,0.2375083863735199,0.5041040182113647,0.2800114154815674
1,flower,0.7918988466262817,0.4913162291049957,0.41620224714279175,0.497701495885849,0.27529847621917725
1,flower,0.24426594376564026,0.6197617650032043,0.23405031859874725,0.330491304397583,0.2648475170135498
1,flower,0.6401811838150024,0.5085986256599426,0.121002197265625,0.29337406158447266,0.26111677289009094
1,flower,0.7182656526565552,0.1691300868988037,0.09366989135742188,0.11426243185997009,0.25611841678619385
1,flower,0.2839679419994354,0.34335917234420776,0.09047689288854599,0.11125414073467255,0.2394751012325287
1,flower,0.8227430582046509,0.28374534845352173,0.07640667259693146,0.08367074280977249,0.23911643028259277
