class,class_name,centroid_x,centroid_y,box_width,box_height,confidence
2,indian,0.7203777432441711,0.6926919221878052,0.1604112684726715,0.23622843623161316,0.7152297496795654
2,indian,0.5575900077819824,0.660797119140625,0.13704299926757812,0.21522369980812073,0.7111131548881531
2,indian,0.3956483006477356,0.6548848748207092,0.15087012946605682,0.2039136290550232,0.6842382550239563
2,indian,0.34555181860923767,0.4979669451713562,0.1350797712802887,0.24553604423999786,0.6542947888374329
2,indian,0.18124060332775116,0.6470791101455688,0.1339092254638672,0.17590154707431793,0.6332383155822754
1,flower,0.462242990732193,0.14730550348758698,0.28209981322288513,0.29319748282432556,0.4741780459880829
2,indian,0.17989422380924225,0.6454826593399048,0.10889814049005508,0.15134480595588684,0.4364936947822571
