class,class_name,centroid_x,centroid_y,box_width,box_height,confidence
0,carabao,0.6260337233543396,0.2519168555736542,0.6079258918762207,0.48558899760246277,0.8306384682655334
0,carabao,0.24833306670188904,0.4577292203903198,0.49521368741989136,0.3887626528739929,0.8173902630805969
0,carabao,0.45671719312667847,0.710465669631958,0.8191329836845398,0.531484842300415,0.8093950152397156
0,carabao,0.041170261800289154,0.40642255544662476,0.08227231353521347,0.27896448969841003,0.3581632971763611
