class,class_name,centroid_x,centroid_y,box_width,box_height,confidence
0,carabao,0.5766092538833618,0.34182530641555786,0.5193256139755249,0.36886805295944214,0.7438082098960876
