class,class_name,centroid_x,centroid_y,box_width,box_height,confidence
0,carabao,0.5672951936721802,0.48069456219673157,0.5266385078430176,0.37294188141822815,0.8453419804573059
0,carabao,0.37012559175491333,0.7362000346183777,0.49789124727249146,0.3613111674785614,0.8205692172050476
