class,class_name,centroid_x,centroid_y,box_width,box_height,confidence
2,indian,0.3029128611087799,0.3373560309410095,0.40323886275291443,0.3468085527420044,0.8712983727455139
2,indian,0.43277448415756226,0.7085691690444946,0.38092517852783203,0.4208928644657135,0.8425207734107971
2,indian,0.2718352675437927,0.5082754492759705,0.390219122171402,0.43979498744010925,0.7846288084983826
