class,class_name,centroid_x,centroid_y,box_width,box_height,confidence
1,flower,0.18265219032764435,0.28560712933540344,0.17999562621116638,0.17309987545013428,0.49476680159568787
1,flower,0.5905053019523621,0.33133265376091003,0.5090406537055969,0.22605131566524506,0.4855436682701111
1,flower,0.12289724498987198,0.4716988205909729,0.2450971156358719,0.49329373240470886,0.4125100374221802
1,flower,0.46887534856796265,0.67283695936203,0.26959162950515747,0.390199214220047,0.3690462112426758
1,flower,0.41993579268455505,0.6251707673072815,0.3760526776313782,0.5014314651489258,0.34900417923927307
1,flower,0.4049343168735504,0.5069326162338257,0.34414955973625183,0.351439505815506,0.26789626479148865
1,flower,0.355907678604126,0.4903338551521301,0.24414615333080292,0.3314659595489502,0.23619763553142548
1,flower,0.3166774809360504,0.4888547658920288,0.15713433921337128,0.323710560798645,0.23469027876853943
