class,class_name,centroid_x,centroid_y,box_width,box_height,confidence
0,carabao,0.6296010613441467,0.31840404868125916,0.4181675910949707,0.21971158683300018,0.7623108625411987
0,carabao,0.4542764723300934,0.4320550858974457,0.4014865756034851,0.24834413826465607,0.7607002854347229
0,carabao,0.16794510185718536,0.5162675380706787,0.32263579964637756,0.18703565001487732,0.7221311926841736
