class,class_name,centroid_x,centroid_y,box_width,box_height,confidence
2,indian,0.580485999584198,0.6005990505218506,0.43608778715133667,0.45999857783317566,0.7523355484008789
2,indian,0.35452932119369507,0.3213060796260834,0.44340333342552185,0.43883609771728516,0.7361748814582825
